{
    "dplayer": {
        "ref1": "https://lewblivehdplay.ru",
        "ref2": "https://weblivehdplay.ru",
        "res": "https://webhdrunns.onlinehdhls.ru",
        "d_list": [
            "webhdrunns.onlinehdhls.ru",
            "webhdrus.onlinehdhls.ru"
        ],
        "method": "mpd",
        "ua": "Mozilla/5.0+(Macintosh;+Intel+Mac+OS+X+10_15_7)+AppleWebKit/537.36+(KHTML,+like+Gecko)+Chrome/126.0.0.0+Safari/537.36"
    },
    "eplayer": {
        "ref1": "https://quest4play.xyz",
        "ref2": "https://quest4play.xyz",
        "res": "https://webhdrunns.mizhls.ru",
        "d_list": [
            "webhdrunns.mizhls.ru",
            "webhdrus.mizhls.ru",
            "webhdrunns.onlinehdhls.ru",
            "webhdrus.onlinehdhls.ru"
        ],
        "method": "ffmpeg",
        "ua": "Mozilla/5.0+(Macintosh;+Intel+Mac+OS+X+10_15_7)+AppleWebKit/537.36+(KHTML,+like+Gecko)+Chrome/126.0.0.0+Safari/537.36"
    },
    "mplayer": {
        "ref1": "https://qqwebplay.xyz",
        "ref2": "https://qqwebplay.xyz",
        "res": "https://webhdrunns.mizhls.ru",
        "d_list": [
            "webhdrunns.mizhls.ru",
            "webhdrus.mizhls.ru",
            "webhdrunns.onlinehdhls.ru",
            "webhdrus.onlinehdhls.ru"
        ],
        "method": "ffmpeg",
        "ua": "Mozilla/5.0+(Macintosh;+Intel+Mac+OS+X+10_15_7)+AppleWebKit/537.36+(KHTML,+like+Gecko)+Chrome/126.0.0.0+Safari/537.36"
    },
    "updated": 1738156342
}