<?xml version="1.0" encoding="UTF-8" standalone="yes"?>
<addon id="service.tt.backup" name="Terry Tibbs Backup" version="0.44.0" provider-name="Team Kodi">
  <requires>
    <import addon="xbmc.python" version="3.0.0"/>
  </requires>

  <extension point="xbmc.service" library="service.py" start="startup"/>

  <extension point="xbmc.addon.metadata">
    <summary lang="en">Backs up Trakt and Real-Debrid credentials from Fen settings.xml</summary>
    <news>
      - add Kodi 20.1 release  
      - Update translations from Weblate
    </news>
    <assets>
      <icon>icon.png</icon>
    </assets>
    <platform>all</platform>
    <license>GPL-2.0-or-later, GPL-3.0-or-later, Apache-2.0</license>
    <forum>https://forum.kodi.tv/showthread.php?tid=160228</forum>
    <website>https://kodi.tv</website>
    <source>https://github.com/XBMC-Addons/service.xbmc.versioncheck</source>
  </extension>
</addon>

