<?xml version="1.0" encoding="UTF-8" standalone="yes"?>
<addon id="plugin.video.netflix" name="Netflix" version="1.0.0" provider-name="Terry Tibbs">
  <extension point="xbmc.python.pluginsource" library="default.py">
    <provides>video</provides>
  </extension>
  <extension point="xbmc.addon.metadata">
    <summary>Just pulls Netflix links from other addons</summary>
    <description>Displays a shortcut to curated Netflix content using Fen and other sources.</description>
    <platform>all</platform>
    <language>en</language>
    <license>MIT</license>
    <source>https://github.com/terrytibbs/plugin.video.netflix</source>
    <email>support@terrytibbs.tv</email>
    <assets>
      <icon>icon.png</icon>
      <fanart>fanart.png</fanart>
    </assets>
  </extension>
</addon>

