<favourites>
    <favourite name="Netflix" thumb="https://i.imgur.com/jI5c3bw.png">ActivateWindow(10025,"plugin://plugin.video.fenlight/?list_name=Netflix%20Shows&amp;list_type=user_lists&amp;mode=trakt.list.build_trakt_list&amp;slug=netflix-shows&amp;user=garycrawfordgc",return)</favourite>
    <favourite name="Disney+" thumb="https://i.imgur.com/DVrPgbM.png">ActivateWindow(10025,"plugin://plugin.video.fenlight/?list_name=Disney%2b%20Shows&amp;list_type=user_lists&amp;mode=trakt.list.build_trakt_list&amp;slug=disney-shows&amp;user=garycrawfordgc",return)</favourite>
    <favourite name="Apple TV +" thumb="https://i.imgur.com/fAQMVNp.png">ActivateWindow(10025,"plugin://plugin.video.fenlight/?action=tmdb_tv_networks&amp;iconImage=https%3a%2f%2fi.imgur.com%2ffAQMVNp.png&amp;key_id=2552&amp;mode=build_tvshow_list&amp;name=Apple%20TV%20%2b",return)</favourite>
    <favourite name="Paramount+" thumb="https://i.imgur.com/dmUjWmU.png">ActivateWindow(10025,"plugin://plugin.video.fenlight/?action=tmdb_tv_networks&amp;iconImage=https%3a%2f%2fi.imgur.com%2fdmUjWmU.png&amp;key_id=4330&amp;mode=build_tvshow_list&amp;name=Paramount%2b",return)</favourite>
    <favourite name="Peacock" thumb="https://i.imgur.com/1JXFkSM.png">ActivateWindow(10025,"plugin://plugin.video.fenlight/?action=tmdb_tv_networks&amp;iconImage=https%3a%2f%2fi.imgur.com%2f1JXFkSM.png&amp;key_id=3353&amp;mode=build_tvshow_list&amp;name=Peacock",return)</favourite>
    <favourite name="Cartoon Network" thumb="https://i.imgur.com/zmOLbbI.png">ActivateWindow(10025,"plugin://plugin.video.fenlight/?action=tmdb_tv_networks&amp;iconImage=https%3a%2f%2fi.imgur.com%2fzmOLbbI.png&amp;key_id=56&amp;mode=build_tvshow_list&amp;name=Cartoon%20Network",return)</favourite>
    <favourite name="Christmas Films" thumb="https://cdn-icons-png.flaticon.com/512/3703/3703813.png">ActivateWindow(10025,"plugin://plugin.video.fenlight/?list_name=%3achristmas_tree%3a%20Christmas&amp;list_type=user_lists&amp;mode=trakt.list.build_trakt_list&amp;slug=christmas_tree-christmas&amp;user=Tiff31",return)</favourite>
</favourites>
