<?xml version="1.0" encoding="UTF-8"?>
<window id="1120">
	<defaultcontrol always="true">4000</defaultcontrol>
  <menucontrol>9000</menucontrol>
	<backgroundcolor>bgcolor</backgroundcolor>
	<controls>
		<include>BackgroundItems</include>


		<!-- =============== -->
		<!-- List Containers -->
		<!-- =============== -->
		<control type="grouplist" id="4000">
			<left>0</left>
			<top>115</top>
			<width>1280</width>
			<height>540</height>
			<orientation>vertical</orientation>
			<scrolltime tween="sine" easing="out">300</scrolltime>
			<itemgap>0</itemgap>
			<include>InfoDialogsVisible_ZoomAnimation</include>
			<!-- Row 1 -->
			<control type="group">
				<width>1235</width>
				<height>270</height>
				<visible>!Skin.HasSetting(DisableRow1)</visible>
				<include content="TrailersPanel">
					<param name="container_id" value="4100"/>
					<param name="list_name_id" value="410"/>
					<param name="art" value="fanart"/>
					<param name="list_name" value="$LOCALIZE[31250]"/>
					<param name="provider_icon" value="icons/tmdb.png"/>
					<param name="icon_diffuse" value=""/>
					<param name="bordertexture" value=""/>
					<param name="onup" value="5100"/>
					<param name="ondown" value="4200"/>
					<param name="custom_click" value="$VAR[Trailers_CustomClick]"/>
					<param name="content" value="plugin://plugin.video.themoviedb.helper?info=upcoming&amp;type=movie&amp;widget=True&amp;localdb=True"/>
				</include>
			</control>
			<!-- Row 2 -->
			<control type="group">
				<width>1235</width>
				<height>270</height>
				<visible>!Skin.HasSetting(DisableRow2)</visible>
				<include content="TrailersPanel">
					<param name="container_id" value="4200"/>
					<param name="list_name_id" value="420"/>
					<param name="art" value="fanart"/>
					<param name="list_name" value="$LOCALIZE[31278]"/>
					<param name="provider_icon" value="icons/trakt.png"/>
					<param name="icon_diffuse" value=""/>
					<param name="bordertexture" value=""/>
					<param name="onup" value="4100"/>
					<param name="ondown" value="4300"/>
					<param name="custom_click" value="$VAR[Trailers_CustomClick]"/>
					<param name="content" value="plugin://plugin.video.themoviedb.helper?info=trakt_anticipated&amp;type=movie&amp;widget=True&amp;localdb=True"/>
				</include>
			</control>
			<!-- Row 3 -->
			<control type="group">
				<width>1235</width>
				<height>270</height>
				<visible>!Skin.HasSetting(DisableRow3)</visible>
				<include content="TrailersPanel">
					<param name="container_id" value="4300"/>
					<param name="list_name_id" value="430"/>
					<param name="art" value="fanart"/>
					<param name="list_name" value="$LOCALIZE[31256]"/>
					<param name="provider_icon" value="icons/tmdb.png"/>
					<param name="icon_diffuse" value=""/>
					<param name="bordertexture" value=""/>
					<param name="onup" value="4200"/>
					<param name="ondown" value="4400"/>
					<param name="custom_click" value="$VAR[Trailers_CustomClick]"/>
					<param name="content" value="plugin://plugin.video.themoviedb.helper?info=now_playing&amp;type=movie&amp;widget=True&amp;localdb=True"/>
				</include>
			</control>
			<!-- Row 4 -->
			<control type="group">
				<width>1235</width>
				<height>270</height>
				<visible>!Skin.HasSetting(DisableRow4)</visible>
				<include content="TrailersPanel">
					<param name="container_id" value="4400"/>
					<param name="list_name_id" value="440"/>
					<param name="art" value="fanart"/>
					<param name="list_name" value="$LOCALIZE[31279]"/>
					<param name="provider_icon" value="icons/trakt.png"/>
					<param name="icon_diffuse" value=""/>
					<param name="bordertexture" value=""/>
					<param name="onup" value="4300"/>
					<param name="ondown" value="4500"/>
					<param name="custom_click" value="$VAR[Trailers_CustomClick]"/>
					<param name="content" value="plugin://plugin.video.themoviedb.helper?info=trakt_boxoffice&amp;type=movie&amp;widget=True&amp;localdb=True"/>
				</include>
			</control>
			<!-- Row 5 -->
			<control type="group">
				<width>1235</width>
				<height>270</height>
				<visible>!Skin.HasSetting(DisableRow5)</visible>
				<include content="TrailersPanel">
					<param name="container_id" value="4500"/>
					<param name="list_name_id" value="450"/>
					<param name="art" value="thumb"/>
					<param name="list_name" value="IMDb Trailers"/>
					<param name="provider_icon" value="https://yt3.ggpht.com/weD7WfgxB3sjFX7Yr4RBk3oAYKYLT4yjb9N3yK10VwF1Pmusidh7xqk1tAP23QpW1rur2Gst0s4=s176-c-k-c0x00ffffff-no-rj-mo"/>
					<param name="onup" value="4400"/>
					<param name="ondown" value="4600"/>
					<param name="custom_click" value="PlayMedia($INFO[Container(4500).ListItem.FileNameAndPath])"/>
					<param name="content_sortby" value="dateadded"/>
					<param name="content" value="plugin://plugin.video.youtube/playlist/PLRDnnvx-4xZ1W6tj38Fun0sZPnTaf1JgW/?incognito=true&amp;hide_folders=true&amp;hide_next_page=true&amp;items_per_page=50"/>
				</include>
			</control>
			<!-- Row 6 -->
			<control type="group">
				<width>1235</width>
				<height>270</height>
				<visible>!Skin.HasSetting(DisableRow6)</visible>
				<include content="TrailersPanel">
					<param name="container_id" value="4600"/>
					<param name="list_name_id" value="460"/>
					<param name="art" value="thumb"/>
					<param name="list_name" value="Rotten Tomatoes Trailers"/>
					<param name="provider_icon" value="https://yt3.googleusercontent.com/_XxIsLgks3G7PJ1Yhfq6GWBeDr2PfYIi9xrbz-7AnsaiutSh6pItq4odcQgXRAvCn1KuGqlj4g=s176-c-k-c0x00ffffff-no-rj"/>
					<param name="onup" value="4500"/>
					<param name="ondown" value="4700"/>
					<param name="custom_click" value="PlayMedia($INFO[Container(4600).ListItem.FileNameAndPath])"/>
					<param name="content_sortby" value="dateadded"/>
					<param name="content" value="plugin://plugin.video.youtube/kodion/search/query/?q=movieclipsTRAILERS&amp;incognito=true&amp;hide_folders=true&amp;hide_next_page=true&amp;items_per_page=50"/>
				</include>
			</control>
			<!-- Row 7 -->
			<control type="group">
				<width>1235</width>
				<height>270</height>
				<visible>!Skin.HasSetting(DisableRow7)</visible>
				<include content="TrailersPanel">
					<param name="container_id" value="4700"/>
					<param name="list_name_id" value="470"/>
					<param name="art" value="thumb"/>
					<param name="list_name" value="KinoCheck Trailers"/>
					<param name="provider_icon" value="https://yt3.ggpht.com/Bxn3B2O3i3IwSLlkthvWRrVEEZVuxQKCJKEtT8__G_30lt8a7Ipyr_ZwiwJwOw4pvi5OFse6fLQ=s176-c-k-c0x00ffffff-no-rj-mo"/>
					<param name="onup" value="4600"/>
					<param name="ondown" value="4800"/>
					<param name="custom_click" value="PlayMedia($INFO[Container(4700).ListItem.FileNameAndPath])"/>
					<param name="content_sortby" value="dateadded"/>
					<param name="content" value="plugin://plugin.video.youtube/kodion/search/query/?q=KinoCheck.com&amp;incognito=true&amp;hide_folders=true&amp;hide_next_page=true&amp;items_per_page=50"/>
				</include>
			</control>
			<!-- Row 8 -->
			<control type="group">
				<width>1235</width>
				<height>270</height>
				<visible>!Skin.HasSetting(DisableRow8)</visible>
				<include content="TrailersPanel">
					<param name="container_id" value="4800"/>
					<param name="list_name_id" value="480"/>
					<param name="art" value="thumb"/>
					<param name="list_name" value="Movie Trailers Source"/>
					<param name="provider_icon" value="https://yt3.googleusercontent.com/ytc/AL5GRJWi0ug9gnCuznb0y6WPJvayIfEWl2KaCeS4x91BUg=s176-c-k-c0x00ffffff-no-rj"/>
					<param name="onup" value="4700"/>
					<param name="ondown" value="4900"/>
					<param name="custom_click" value="PlayMedia($INFO[Container(4800).ListItem.FileNameAndPath])"/>
					<param name="content_sortby" value="dateadded"/>
					<param name="content" value="plugin://plugin.video.youtube/channel/UCpJN7kiUkDrH11p0GQhLyFw/?incognito=true&amp;hide_folders=true&amp;hide_next_page=true&amp;items_per_page=50"/>
				</include>
			</control>
			<!-- Row 9 -->
			<control type="group">
				<width>1235</width>
				<height>270</height>
				<visible>!Skin.HasSetting(DisableRow9)</visible>
				<include content="TrailersPanel">
					<param name="container_id" value="4900"/>
					<param name="list_name_id" value="490"/>
					<param name="art" value="thumb"/>
					<param name="list_name" value="ONE Media Trailers"/>
					<param name="provider_icon" value="https://yt3.googleusercontent.com/ytc/AL5GRJW0vm4N66f2E9HNdesfZ_sz-VBgpInGeyAZo2Nv=s176-c-k-c0x00ffffff-no-rj"/>
					<param name="onup" value="4800"/>
					<param name="ondown" value="5100"/>
					<param name="custom_click" value="PlayMedia($INFO[Container(4900).ListItem.FileNameAndPath])"/>
					<param name="content_sortby" value="dateadded"/>
					<param name="content" value="plugin://plugin.video.youtube/kodion/search/query/?q=movietrailers&amp;incognito=true&amp;hide_folders=true&amp;hide_next_page=true&amp;items_per_page=50"/>
				</include>
			</control>
			<!-- Row 10 -->
			<control type="group">
				<width>1235</width>
				<height>270</height>
				<visible>!Skin.HasSetting(DisableRow10)</visible>
				<include content="TrailersPanel">
					<param name="container_id" value="5100"/>
					<param name="list_name_id" value="510"/>
					<param name="art" value="thumb"/>
					<param name="list_name" value="FilmSelect Trailers"/>
					<param name="provider_icon" value="https://yt3.ggpht.com/iLLEvZjeYwh7E0bkwLkWwWLH_cXt1XtPbBUlzgFubYik6OaN4Wpvtowj-AVEYkBzaDkkPte6=s176-c-k-c0x00ffffff-no-rj-mo"/>
					<param name="onup" value="4900"/>
					<param name="ondown" value="4100"/>
					<param name="custom_click" value="PlayMedia($INFO[Container(5100).ListItem.FileNameAndPath])"/>
					<param name="content_sortby" value="dateadded"/>
					<param name="content" value="plugin://plugin.video.youtube/channel/UCT0hbLDa-unWsnZ6Rjzkfug/?incognito=true&amp;hide_folders=true&amp;hide_next_page=true&amp;items_per_page=50"/>
				</include>
			</control>
		</control>

		<!-- More... -->
		<control type="grouplist">
			<right>40</right>
			<top>665</top>
			<width>635</width>
			<itemgap>6</itemgap>
			<orientation>horizontal</orientation>
			<include>InfoDialogsVisible_ZoomAnimation</include>
			<include>OSDAnimation</include>
			<visible>Container(4000).HasNext</visible>
			<animation type="Conditional" reversible="false" condition="!Window.IsActive(notification) + !Window.IsActive(extendedprogressdialog)">
				<include>CommonOpenEffect</include>
			</animation>
			<animation type="Conditional" reversible="false" condition="Window.IsActive(notification) | Window.IsActive(extendedprogressdialog)">
				<include>CommonCloseEffect</include>
			</animation>
			<control type="label">
				<width>600</width>
				<height>25</height>
				<align>right</align>
				<font>FontSize_18B</font>
				<label>$LOCALIZE[22082]</label>
				<textcolor>viewsinfo</textcolor>
			</control>
			<control type="image">
				<width>22</width>
				<height>22</height>
				<texture background="true">icons/submenu_arrow.png</texture>
				<colordiffuse>viewsinfo</colordiffuse>
			</control>
		</control>

		<include>CommonItems</include>

		<!-- ================ -->
		<!-- Top Options Menu -->
		<!-- ================ -->
		<control type="group"  id="9000">
			<left>30</left>
			<top>25</top>
			<include>ShutdownMenuAnimation</include>
			<include>OptionsTopMenuAnimation</include>
			<include>OptionsTopMenuHeader</include>
			<!-- Options -->
			<control type="grouplist" id="9111">
				<onleft>4000</onleft>
				<onright>4000</onright>
				<include>OptionsTopMenuVars</include>
				<control type="radiobutton" id="281">
					<label>$INFO[Control.Getlabel(410)] (TMDB)</label>
					<onclick>Skin.ToggleSetting(DisableRow1)</onclick>
					<selected>!Skin.HasSetting(DisableRow1)</selected>
					<include>TopLeftMenusRadioButton</include>
				</control>
				<control type="radiobutton" id="282">
					<label>$INFO[Control.Getlabel(420)] (Trakt.tv)</label>
					<onclick>Skin.ToggleSetting(DisableRow2)</onclick>
					<selected>!Skin.HasSetting(DisableRow2)</selected>
					<include>TopLeftMenusRadioButton</include>
				</control>
				<control type="radiobutton" id="283">
					<label>$INFO[Control.Getlabel(430)] (TMDB)</label>
					<onclick>Skin.ToggleSetting(DisableRow3)</onclick>
					<selected>!Skin.HasSetting(DisableRow3)</selected>
					<include>TopLeftMenusRadioButton</include>
				</control>
				<control type="radiobutton" id="284">
					<label>$INFO[Control.Getlabel(440)] (Trakt.tv)</label>
					<onclick>Skin.ToggleSetting(DisableRow4)</onclick>
					<selected>!Skin.HasSetting(DisableRow4)</selected>
					<include>TopLeftMenusRadioButton</include>
				</control>
				<control type="radiobutton" id="285">
					<label>$INFO[Control.Getlabel(450)]</label>
					<onclick>Skin.ToggleSetting(DisableRow5)</onclick>
					<selected>!Skin.HasSetting(DisableRow5)</selected>
					<include>TopLeftMenusRadioButton</include>
				</control>
				<control type="radiobutton" id="286">
					<label>$INFO[Control.Getlabel(460)]</label>
					<onclick>Skin.ToggleSetting(DisableRow6)</onclick>
					<selected>!Skin.HasSetting(DisableRow6)</selected>
					<include>TopLeftMenusRadioButton</include>
				</control>
				<control type="radiobutton" id="287">
					<label>$INFO[Control.Getlabel(470)]</label>
					<onclick>Skin.ToggleSetting(DisableRow7)</onclick>
					<selected>!Skin.HasSetting(DisableRow7)</selected>
					<include>TopLeftMenusRadioButton</include>
				</control>
				<control type="radiobutton" id="288">
					<label>$INFO[Control.Getlabel(480)]</label>
					<onclick>Skin.ToggleSetting(DisableRow8)</onclick>
					<selected>!Skin.HasSetting(DisableRow8)</selected>
					<include>TopLeftMenusRadioButton</include>
				</control>
				<control type="radiobutton" id="289">
					<label>$INFO[Control.Getlabel(490)]</label>
					<onclick>Skin.ToggleSetting(DisableRow9)</onclick>
					<selected>!Skin.HasSetting(DisableRow9)</selected>
					<include>TopLeftMenusRadioButton</include>
				</control>
				<control type="radiobutton" id="290">
					<label>$INFO[Control.Getlabel(510)]</label>
					<onclick>Skin.ToggleSetting(DisableRow10)</onclick>
					<selected>!Skin.HasSetting(DisableRow10)</selected>
					<include>TopLeftMenusRadioButton</include>
				</control>
				<include>OptionsTopMenuEnd</include>
			</control>
		</control>


		<!-- ================ -->
		<!-- Top Content Info -->
		<!-- ================ -->
		<control type="group">
			<left>45</left>
			<top>25</top>
			<include>ShutdownMenuAnimation</include>
			<include>InfoDialogs_ContentInfoAnimation</include>
			<include>OpenCloseSlideAnimationTwo</include>
			<include>VisibleHiddenSlideAnimation</include>
			<visible>!ControlGroup(9000).HasFocus</visible>
			<control type="grouplist">
				<include>CommonTopInfoGroupList</include>
				<control type="label">
					<include>TopBigLabel</include>
					<label>$LOCALIZE[31018]</label>
				</control>
			</control>
			<include content="Trailers_PageCountLabel">
				<param name="container_id" value="4100"/>
			</include>
			<include content="Trailers_PageCountLabel">
				<param name="container_id" value="4200"/>
			</include>
			<include content="Trailers_PageCountLabel">
				<param name="container_id" value="4300"/>
			</include>
			<include content="Trailers_PageCountLabel">
				<param name="container_id" value="4400"/>
			</include>
			<include content="Trailers_PageCountLabel">
				<param name="container_id" value="4500"/>
			</include>
			<include content="Trailers_PageCountLabel">
				<param name="container_id" value="4600"/>
			</include>
			<include content="Trailers_PageCountLabel">
				<param name="container_id" value="4700"/>
			</include>
			<include content="Trailers_PageCountLabel">
				<param name="container_id" value="4800"/>
			</include>
			<include content="Trailers_PageCountLabel">
				<param name="container_id" value="4900"/>
			</include>
			<include content="Trailers_PageCountLabel">
				<param name="container_id" value="5100"/>
			</include>
		</control>

		<include>CommonWeatherAndClock</include>



<!-- ================= -->
<!-- ===== DEBUG ===== -->
<!-- ================= -->
		<control type="grouplist">
			<top>355</top>
			<visible>Skin.HasSetting(ShowDebugInfo)</visible>
			<control type="label">
				<right>5</right>
				<height>10</height>
				<textcolor>FFFFFF40</textcolor>
				<font>FontSize_15B</font>
				<align>right</align>
				<label>[COLOR=FFA939FF]ListItem.Trailer:[/COLOR] $INFO[ListItem.Trailer]</label>
			</control>
			<control type="label">
				<right>5</right>
				<height>10</height>
				<textcolor>FFFFFF40</textcolor>
				<font>FontSize_15B</font>
				<align>right</align>
				<label>[COLOR=FFA939FF]TMDbHelper.ListItem.Trailer:[/COLOR] $INFO[Window(Home).Property(TMDbHelper.ListItem.trailer)]</label>
			</control>
		</control>
	</controls>
</window>
