<?xml version="1.0" encoding="UTF-8"?>
<window type="dialog" id="1118">
 <defaultcontrol always="true">1000</defaultcontrol>
 <onunload condition="!String.IsEmpty(Window(Home).Property(ManageButtons))">ClearProperty(ManageButtons,Home)</onunload>
 <controls>
	<control type="group" id="4000">
		<include>CommonDialogsAnimation</include>
		<include content="DialogsPanel">
			<param name="group_left" value="344"/>
			<param name="group_top" value="128"/>
			<param name="group_width" value="587"/>
			<param name="body_width" value="587"/>
			<param name="body_height" value="441"/>
			<param name="header_line_width" value="583"/>
			<param name="header_label" value="$VAR[ManageDialogHeader]"/>
			<param name="header_width" value="565"/>
			<param name="countitems_visible" value="false"/>
		</include>

    <!-- Manage QuickNav Items -->
		<control type="grouplist" id="1000">
			<left>364</left>
			<top>199</top>
			<width>553</width>
			<height>353</height>
		  <itemgap>4</itemgap>
			<onleft>10000</onleft>
			<onright>10000</onright>
			<scrolltime>250</scrolltime>
			<visible>String.IsEqual(Window(Home).Property(ManageButtons),defualtquicknav)</visible>
			<!-- Default Visible Buttons -->
			<control type="radiobutton" id="8611">
				<description>Movies Button</description>
        <include>DialogManageRadioButton</include>
				<label>$LOCALIZE[20342]</label>
				<onclick>Skin.ToggleSetting(QuickNavMoviesButton)</onclick>
				<selected>!Skin.HasSetting(QuickNavMoviesButton)</selected>
			</control>
			<control type="radiobutton" id="8618">
				<description>RecentlyAdded Movies Button</description>
        <include>DialogManageRadioButton</include>
				<label>$LOCALIZE[31241]</label>
				<onclick>Skin.ToggleSetting(QuickNavRecentMoviesButton)</onclick>
				<selected>!Skin.HasSetting(QuickNavRecentMoviesButton)</selected>
			</control>
			<control type="radiobutton" id="8612">
				<description>TVShows Button</description>
        <include>DialogManageRadioButton</include>
				<label>$LOCALIZE[31002]</label>
				<onclick>Skin.ToggleSetting(QuickNavTVShowsButton)</onclick>
				<selected>!Skin.HasSetting(QuickNavTVShowsButton)</selected>
			</control>
			<control type="radiobutton" id="8619">
				<description>RecentlyAdded TVShows Button</description>
        <include>DialogManageRadioButton</include>
				<label>$LOCALIZE[31242]</label>
				<onclick>Skin.ToggleSetting(QuickNavRecentTVShowsButton)</onclick>
				<selected>!Skin.HasSetting(QuickNavRecentTVShowsButton)</selected>
			</control>
			<control type="radiobutton" id="8613">
				<description>Music Button</description>
        <include>DialogManageRadioButton</include>
				<label>$LOCALIZE[2]</label>
				<onclick>Skin.ToggleSetting(QuickNavMusicButton)</onclick>
				<selected>!Skin.HasSetting(QuickNavMusicButton)</selected>
			</control>
			<control type="radiobutton" id="8620">
				<description>RecentlyAdded Music Button</description>
        <include>DialogManageRadioButton</include>
				<label>$LOCALIZE[31243]</label>
				<onclick>Skin.ToggleSetting(QuickNavRecentMusicButton)</onclick>
				<selected>!Skin.HasSetting(QuickNavRecentMusicButton)</selected>
			</control>
			<control type="radiobutton" id="8614">
				<description>Pictures Button</description>
        <include>DialogManageRadioButton</include>
				<label>$LOCALIZE[1]</label>
				<onclick>Skin.ToggleSetting(QuickNavPicturesButton)</onclick>
				<selected>!Skin.HasSetting(QuickNavPicturesButton)</selected>
			</control>
			<control type="radiobutton" id="8615">
				<description>Add-ons Button</description>
        <include>DialogManageRadioButton</include>
				<label>$LOCALIZE[24001]</label>
				<onclick>Skin.ToggleSetting(QuickNavAddonsButton)</onclick>
				<selected>!Skin.HasSetting(QuickNavAddonsButton)</selected>
			</control>
			<control type="radiobutton" id="8616">
				<description>Videos Button</description>
        <include>DialogManageRadioButton</include>
				<label>$LOCALIZE[3]</label>
				<onclick>Skin.ToggleSetting(QuickNavVideosButton)</onclick>
				<selected>!Skin.HasSetting(QuickNavVideosButton)</selected>
			</control>
			<control type="radiobutton" id="8617">
				<description>Hide LiveTV Button</description>
        <include>DialogManageRadioButton</include>
				<label>$LOCALIZE[31000]</label>
				<onclick>Skin.ToggleSetting(QuickNavLiveTVButton)</onclick>
				<selected>!Skin.HasSetting(QuickNavLiveTVButton)</selected>
		    <visible>System.HasPVRAddon</visible>
			</control>
			<control type="radiobutton" id="8626">
				<description>Favourites Button</description>
        <include>DialogManageRadioButton</include>
				<label>$LOCALIZE[1036]</label>
				<onclick>Skin.ToggleSetting(QuickNavFavouritesButton)</onclick>
				<selected>!Skin.HasSetting(QuickNavFavouritesButton)</selected>
			</control>
			<control type="radiobutton" id="8627">
				<description>PartyMode Button</description>
        <include>DialogManageRadioButton</include>
				<label>$LOCALIZE[589]</label>
				<onclick>Skin.ToggleSetting(QuickNavPartyModeButton)</onclick>
				<selected>!Skin.HasSetting(QuickNavPartyModeButton)</selected>
			</control>
			<control type="radiobutton" id="8628">
				<description>FileManager Button</description>
        <include>DialogManageRadioButton</include>
				<label>$LOCALIZE[31016]</label>
				<onclick>Skin.ToggleSetting(QuickNavFileManagerButton)</onclick>
				<selected>!Skin.HasSetting(QuickNavFileManagerButton)</selected>
			</control>
			<control type="radiobutton" id="8629">
				<description>FileManager Button</description>
        <include>DialogManageRadioButton</include>
				<label>$LOCALIZE[137]</label>
				<onclick>Skin.ToggleSetting(QuickNavSearchButton)</onclick>
				<selected>!Skin.HasSetting(QuickNavSearchButton)</selected>
			</control>
			<control type="radiobutton" id="8630">
				<description>Settings Button</description>
        <include>DialogManageRadioButton</include>
				<label>$LOCALIZE[5]</label>
				<onclick>Skin.ToggleSetting(QuickNavSettingsButton)</onclick>
				<selected>!Skin.HasSetting(QuickNavSettingsButton)</selected>
			</control>
			<control type="radiobutton" id="8631">
				<description>Skin Settings Button</description>
        <include>DialogManageRadioButton</include>
				<label>$LOCALIZE[10035]</label>
				<onclick>Skin.ToggleSetting(QuickNavSkinSettingsButton)</onclick>
				<selected>!Skin.HasSetting(QuickNavSkinSettingsButton)</selected>
			</control>
			<control type="radiobutton" id="8632">
				<description>Shutdown Button</description>
        <include>DialogManageRadioButton</include>
				<label>$LOCALIZE[13005]</label>
				<onclick>Skin.ToggleSetting(QuickNavShutdownButton)</onclick>
				<selected>!Skin.HasSetting(QuickNavShutdownButton)</selected>
			</control>
		</control>


    <!-- Manage Views -->
		<control type="grouplist" id="1000">
			<left>364</left>
			<top>199</top>
			<width>553</width>
			<height>353</height>
		  <itemgap>4</itemgap>
			<onleft>10000</onleft>
			<onright>10000</onright>
			<scrolltime	tween="quadratic"	easing="out">250</scrolltime>
			<!-- Video Views -->
			<control type="radiobutton" id="8510">
        <include>DialogManageRadioButton</include>
				<label>Bello</label>
				<onclick>Skin.ToggleSetting(BelloViewVideos)</onclick>
				<selected>!Skin.HasSetting(BelloViewVideos)</selected>
			  <visible>String.IsEqual(Window(Home).Property(ManageButtons),managevideoviews)</visible>
			</control>
			<control type="radiobutton" id="8511">
        <include>DialogManageRadioButton</include>
				<label>$LOCALIZE[31080]</label>
				<onclick>Skin.ToggleSetting(SlideViewVideos)</onclick>
				<selected>!Skin.HasSetting(SlideViewVideos)</selected>
			  <visible>String.IsEqual(Window(Home).Property(ManageButtons),managevideoviews)</visible>
			</control>
			<control type="radiobutton" id="8512">
        <include>DialogManageRadioButton</include>
				<label>$LOCALIZE[31081]</label>
				<onclick>Skin.ToggleSetting(GalleryViewVideos)</onclick>
				<selected>!Skin.HasSetting(GalleryViewVideos)</selected>
			  <visible>String.IsEqual(Window(Home).Property(ManageButtons),managevideoviews)</visible>
			</control>
			<control type="radiobutton" id="8513">
        <include>DialogManageRadioButton</include>
				<label>$LOCALIZE[31090]</label>
				<onclick>Skin.ToggleSetting(TilesViewVideos)</onclick>
				<selected>!Skin.HasSetting(TilesViewVideos)</selected>
			  <visible>String.IsEqual(Window(Home).Property(ManageButtons),managevideoviews)</visible>
			</control>
			<control type="radiobutton" id="8514">
        <include>DialogManageRadioButton</include>
				<label>$LOCALIZE[31085]</label>
				<onclick>Skin.ToggleSetting(ThumbnailsVideos)</onclick>
				<selected>!Skin.HasSetting(ThumbnailsVideos)</selected>
			  <visible>String.IsEqual(Window(Home).Property(ManageButtons),managevideoviews)</visible>
			</control>
			<control type="radiobutton" id="8515">
        <include>DialogManageRadioButton</include>
				<label>$LOCALIZE[31084]</label>
				<onclick>Skin.ToggleSetting(PostersViewVideos)</onclick>
				<selected>!Skin.HasSetting(PostersViewVideos)</selected>
			  <visible>String.IsEqual(Window(Home).Property(ManageButtons),managevideoviews)</visible>
			</control>
			<control type="radiobutton" id="8516">
        <include>DialogManageRadioButton</include>
				<label>$LOCALIZE[31084] 2</label>
				<onclick>Skin.ToggleSetting(PostersViewVideos2)</onclick>
				<selected>!Skin.HasSetting(PostersViewVideos2)</selected>
			  <visible>String.IsEqual(Window(Home).Property(ManageButtons),managevideoviews)</visible>
			</control>
			<control type="radiobutton" id="8517">
        <include>DialogManageRadioButton</include>
				<label>$LOCALIZE[31086]</label>
				<onclick>Skin.ToggleSetting(BannersViewVideos)</onclick>
				<selected>!Skin.HasSetting(BannersViewVideos)</selected>
			  <visible>String.IsEqual(Window(Home).Property(ManageButtons),managevideoviews)</visible>
			</control>
			<control type="radiobutton" id="8518">
        <include>DialogManageRadioButton</include>
				<label>$LOCALIZE[31082]</label>
				<onclick>Skin.ToggleSetting(3DWallViewVideos)</onclick>
				<selected>!Skin.HasSetting(3DWallViewVideos)</selected>
			  <visible>String.IsEqual(Window(Home).Property(ManageButtons),managevideoviews)</visible>
			</control>
			<control type="radiobutton" id="8519">
        <include>DialogManageRadioButton</include>
				<label>$LOCALIZE[31083]</label>
				<onclick>Skin.ToggleSetting(WallViewVideos)</onclick>
				<selected>!Skin.HasSetting(WallViewVideos)</selected>
			  <visible>String.IsEqual(Window(Home).Property(ManageButtons),managevideoviews)</visible>
			</control>
			<control type="radiobutton" id="8520">
        <include>DialogManageRadioButton</include>
				<label>$LOCALIZE[31088]</label>
				<onclick>Skin.ToggleSetting(ListWallViewVideos)</onclick>
				<selected>!Skin.HasSetting(ListWallViewVideos)</selected>
			  <visible>String.IsEqual(Window(Home).Property(ManageButtons),managevideoviews)</visible>
			</control>
			<control type="radiobutton" id="8521">
        <include>DialogManageRadioButton</include>
				<label>$LOCALIZE[31087]</label>
				<onclick>Skin.ToggleSetting(VideoWallViewVideos)</onclick>
				<selected>!Skin.HasSetting(VideoWallViewVideos)</selected>
			  <visible>String.IsEqual(Window(Home).Property(ManageButtons),managevideoviews)</visible>
			</control>
			<control type="radiobutton" id="8522">
        <include>DialogManageRadioButton</include>
				<label>$LOCALIZE[31089]</label>
				<onclick>Skin.ToggleSetting(ShowtimeViewVideos)</onclick>
				<selected>!Skin.HasSetting(ShowtimeViewVideos)</selected>
			  <visible>String.IsEqual(Window(Home).Property(ManageButtons),managevideoviews)</visible>
			</control>
			<control type="radiobutton" id="8523">
        <include>DialogManageRadioButton</include>
				<label>Netflix</label>
				<onclick>Skin.ToggleSetting(NetflixViewVideos)</onclick>
				<selected>!Skin.HasSetting(NetflixViewVideos)</selected>
			  <visible>String.IsEqual(Window(Home).Property(ManageButtons),managevideoviews)</visible>
			</control>
			<!-- Music Views -->
			<control type="radiobutton" id="8530">
        <include>DialogManageRadioButton</include>
				<label>Bello</label>
				<onclick>Skin.ToggleSetting(BelloViewMusic)</onclick>
				<selected>!Skin.HasSetting(BelloViewMusic)</selected>
			  <visible>String.IsEqual(Window(Home).Property(ManageButtons),managemusicviews)</visible>
			</control>
			<control type="radiobutton" id="8531">
        <include>DialogManageRadioButton</include>
				<label>$LOCALIZE[31080]</label>
				<onclick>Skin.ToggleSetting(SlideViewMusic)</onclick>
				<selected>!Skin.HasSetting(SlideViewMusic)</selected>
			  <visible>String.IsEqual(Window(Home).Property(ManageButtons),managemusicviews)</visible>
			</control>
			<control type="radiobutton" id="8532">
        <include>DialogManageRadioButton</include>
				<label>$LOCALIZE[31081]</label>
				<onclick>Skin.ToggleSetting(GalleryViewMusic)</onclick>
				<selected>!Skin.HasSetting(GalleryViewMusic)</selected>
			  <visible>String.IsEqual(Window(Home).Property(ManageButtons),managemusicviews)</visible>
			</control>
			<control type="radiobutton" id="8533">
        <include>DialogManageRadioButton</include>
				<label>$LOCALIZE[31090]</label>
				<onclick>Skin.ToggleSetting(TilesViewMusic)</onclick>
				<selected>!Skin.HasSetting(TilesViewMusic)</selected>
			  <visible>String.IsEqual(Window(Home).Property(ManageButtons),managemusicviews)</visible>
			</control>
			<control type="radiobutton" id="8534">
        <include>DialogManageRadioButton</include>
				<label>$LOCALIZE[31085]</label>
				<onclick>Skin.ToggleSetting(ThumbnailsMusic)</onclick>
				<selected>!Skin.HasSetting(ThumbnailsMusic)</selected>
			  <visible>String.IsEqual(Window(Home).Property(ManageButtons),managemusicviews)</visible>
			</control>
			<control type="radiobutton" id="8535">
        <include>DialogManageRadioButton</include>
				<label>$LOCALIZE[31086]</label>
				<onclick>Skin.ToggleSetting(BannersViewMusic)</onclick>
				<selected>!Skin.HasSetting(BannersViewMusic)</selected>
			  <visible>String.IsEqual(Window(Home).Property(ManageButtons),managemusicviews)</visible>
			</control>
			<control type="radiobutton" id="8536">
        <include>DialogManageRadioButton</include>
				<label>$LOCALIZE[31082]</label>
				<onclick>Skin.ToggleSetting(3DWallViewMusic)</onclick>
				<selected>!Skin.HasSetting(3DWallViewMusic)</selected>
			  <visible>String.IsEqual(Window(Home).Property(ManageButtons),managemusicviews)</visible>
			</control>
		</control>


    <!-- Manage Home Info -->
		<control type="grouplist" id="1000">
			<left>364</left>
			<top>199</top>
			<width>553</width>
			<height>353</height>
		  <itemgap>4</itemgap>
			<onleft>10000</onleft>
			<onright>10000</onright>
			<scrolltime	tween="quadratic"	easing="out">250</scrolltime>
			<visible>String.IsEqual(Window(Home).Property(ManageButtons),managehomeinfo)</visible>
			<control type="radiobutton" id="8410">
				<description>Hide Extra Info</description>
				<include>DialogManageRadioButton</include>
				<label>$LOCALIZE[31163]</label>
				<onclick>Skin.ToggleSetting(HideExtraInfo)</onclick>
				<selected>Skin.HasSetting(HideExtraInfo)</selected>
			</control>
			<control type="radiobutton" id="8411">
				<description>Hide Providers Info</description>
				<include>DialogManageRadioButton</include>
				<label>$LOCALIZE[31159]</label>
				<onclick>Skin.ToggleSetting(HideProvidersInfo)</onclick>
				<selected>Skin.HasSetting(HideProvidersInfo)</selected>
			</control>
			<control type="radiobutton" id="8412">
				<description>Hide Totals Info</description>
				<include>DialogManageRadioButton</include>
				<label>$LOCALIZE[31152]</label>
				<onclick>Skin.ToggleSetting(HideTotalsInfo)</onclick>
				<selected>Skin.HasSetting(HideTotalsInfo)</selected>
			</control>
			<control type="radiobutton" id="8413">
				<description>Hide Profile Info</description>
				<include>DialogManageRadioButton</include>
				<label>$LOCALIZE[31160]</label>
				<onclick>Skin.ToggleSetting(HideProfileInfo)</onclick>
				<selected>Skin.HasSetting(HideProfileInfo)</selected>
			</control>
			<control type="radiobutton" id="8414">
				<description>Hide Kodi Info</description>
				<include>DialogManageRadioButton</include>
				<label>$LOCALIZE[31155]</label>
				<onclick>Skin.ToggleSetting(HideKodiInfo)</onclick>
				<selected>Skin.HasSetting(HideKodiInfo)</selected>
			</control>
			<control type="radiobutton" id="8415">
				<description>Hide Weather Info</description>
				<include>DialogManageRadioButton</include>
				<label>$LOCALIZE[31154]</label>
				<onclick>Skin.ToggleSetting(HideWeatherInfo)</onclick>
				<selected>Skin.HasSetting(HideWeatherInfo)</selected>
			</control>
			<control type="radiobutton" id="8416">
				<description>Hide Home NP VideoInfo</description>
				<include>DialogManageRadioButton</include>
				<label>$LOCALIZE[31102]</label>
				<onclick>Skin.ToggleSetting(HideHomeNPVideoInfo)</onclick>
				<selected>Skin.HasSetting(HideHomeNPVideoInfo)</selected>
			</control>
			<control type="radiobutton" id="8417">
				<description>Hide Home NP MusicInfo</description>
				<include>DialogManageRadioButton</include>
				<label>$LOCALIZE[31103]</label>
				<onclick>Skin.ToggleSetting(HideHomeNPMusicInfo)</onclick>
				<selected>Skin.HasSetting(HideHomeNPMusicInfo)</selected>
			</control>
		</control>

		<!-- Control Buttons -->
		<control type="grouplist"	id="10000">
			<left>939</left>
			<top>521</top>
			<height>47</height>
			<onleft>1000</onleft>
			<onright>1000</onright>
			<align>right</align>
			<control type="button" id="10">
				<include>DialogsButtonsText</include>
				<texturefocus	border="49,0,49,0">dialogs/buttons/save_focus.png</texturefocus>
				<texturenofocus	border="49,0,49,0">dialogs/buttons/save_nofocus.png</texturenofocus>
				<onclick>Close</onclick>
				<label>$LOCALIZE[186]</label>
			</control>
		</control>
	</control>
 </controls>
</window>


