<?xml version="1.0" encoding="UTF-8"?>
<window id="1170">
	<defaultcontrol always="true">1500</defaultcontrol>
  <menucontrol>9000</menucontrol>
	<backgroundcolor>bgcolor</backgroundcolor>
	<controls>
		<include>BackgroundItems</include>


		<!-- =============== -->
		<!-- List Containers -->
		<!-- =============== -->
		<control type="grouplist" id="1500">
			<left>45</left>
			<top>345</top>
			<width>1240</width>
			<height>700</height>
			<orientation>vertical</orientation>
			<scrolltime tween="sine" easing="out">300</scrolltime>
			<itemgap>-450</itemgap>
			<include>CommonViews_VerticalAnimation</include>
			<include>InfoDialogsVisible_ZoomAnimation</include>
			<control type="group">
				<width>1230</width>
				<height>700</height>
				<visible>!Skin.HasSetting(DisableAddonsRow1)</visible>
				<include content="HubListContainer">
					<param name="header_label" value="$LOCALIZE[1037]"/>
					<param name="container_id" value="151"/>
					<param name="layout" value="HubListSquareLayout"/>
					<param name="sortby" value="lastused"/>
					<param name="sortorder" value="descending"/>
					<param name="target" value="videos"/>
					<param name="onup" value="159"/>
					<param name="ondown" value="152"/>
					<param name="focus_width" value="185"/>
					<param name="visible" value="Integer.IsGreater(Container(151).NumItems,0) | Container(151).IsUpdating" />
					<param name="content" value="addons://sources/video/"/>
				</include>
			</control>

			<control type="group">
				<width>1230</width>
				<height>700</height>
				<visible>!Skin.HasSetting(DisableAddonsRow2)</visible>
				<include content="HubListContainer">
					<param name="header_label" value="$LOCALIZE[1038]"/>
					<param name="container_id" value="152"/>
					<param name="layout" value="HubListSquareLayout"/>
					<param name="sortby" value="lastused"/>
					<param name="sortorder" value="descending"/>
					<param name="target" value="music"/>
					<param name="onup" value="151"/>
					<param name="ondown" value="153"/>
					<param name="focus_width" value="185"/>
					<param name="visible" value="Integer.IsGreater(Container(152).NumItems,0) | Container(152).IsUpdating" />
					<param name="content" value="addons://sources/audio/"/>
				</include>
			</control>

			<control type="group">
				<width>1230</width>
				<height>700</height>
				<visible>!Skin.HasSetting(DisableAddonsRow3)</visible>
				<include content="HubListContainer">
					<param name="header_label" value="$LOCALIZE[1039]"/>
					<param name="container_id" value="153"/>
					<param name="layout" value="HubListSquareLayout"/>
					<param name="sortby" value="lastused"/>
					<param name="sortorder" value="descending"/>
					<param name="target" value="pictures"/>
					<param name="onup" value="152"/>
					<param name="ondown" value="154"/>
					<param name="focus_width" value="185"/>
					<param name="visible" value="Integer.IsGreater(Container(153).NumItems,0) | Container(153).IsUpdating" />
					<param name="content" value="addons://sources/image/"/>
				</include>
			</control>

			<control type="group">
				<width>1230</width>
				<height>700</height>
				<visible>!Skin.HasSetting(DisableAddonsRow4)</visible>
				<include content="HubListContainer">
					<param name="header_label" value="$LOCALIZE[31289]"/>
					<param name="container_id" value="154"/>
					<param name="layout" value="HubListSquareLayout"/>
					<param name="sortby" value="lastused"/>
					<param name="sortorder" value="descending"/>
					<param name="target" value="programs"/>
					<param name="onup" value="153"/>
					<param name="ondown" value="160"/>
					<param name="focus_width" value="185"/>
					<param name="visible" value="Integer.IsGreater(Container(154).NumItems,0) | Container(154).IsUpdating" />
					<param name="content" value="addons://sources/executable/"/>
				</include>
			</control>

			<control type="group">
				<width>1230</width>
				<height>700</height>
				<visible>System.Platform.Android + !Skin.HasSetting(DisableAddonsRow5)</visible>
				<include content="HubListContainer">
					<param name="header_label" value="$LOCALIZE[20244]"/>
					<param name="container_id" value="160"/>
					<param name="layout" value="HubListSquareLayout"/>
					<param name="sortby" value="lastused"/>
					<param name="sortorder" value="descending"/>
					<param name="target" value="programs"/>
					<param name="onup" value="154"/>
					<param name="ondown" value="155"/>
					<param name="focus_width" value="185"/>
					<param name="visible" value="Integer.IsGreater(Container(160).NumItems,0) | Container(160).IsUpdating" />
					<param name="content" value="androidapp://sources/apps/"/>
				</include>
			</control>

			<control type="group">
				<width>1230</width>
				<height>700</height>
				<visible>System.GetBool(gamesgeneral.enable) + !Skin.HasSetting(DisableAddonsRow6)</visible>
				<include content="HubListContainer">
					<param name="header_label" value="$LOCALIZE[35049]"/>
					<param name="container_id" value="155"/>
					<param name="layout" value="HubListSquareLayout"/>
					<param name="sortby" value="lastused"/>
					<param name="sortorder" value="descending"/>
					<param name="target" value="games"/>
					<param name="onup" value="160"/>
					<param name="ondown" value="156"/>
					<param name="focus_width" value="185"/>
					<param name="visible" value="Integer.IsGreater(Container(155).NumItems,0) | Container(155).IsUpdating" />
					<param name="content" value="addons://sources/game/"/>
				</include>
			</control>

			<control type="group">
				<width>1230</width>
				<height>700</height>
				<visible>!Skin.HasSetting(DisableAddonsRow7)</visible>
				<include content="HubListContainer">
					<param name="header_label" value="$LOCALIZE[24998]"/>
					<param name="container_id" value="156"/>
					<param name="layout" value="HubListSquareLayout"/>
					<param name="target" value="addonbrowser"/>
					<param name="onup" value="155"/>
					<param name="ondown" value="157"/>
					<param name="focus_width" value="185"/>
					<param name="visible" value="Integer.IsGreater(Container(156).NumItems,0) | Container(156).IsUpdating" />
					<param name="content" value="addons://user/"/>
				</include>
			</control>

			<control type="group">
				<width>1230</width>
				<height>700</height>
				<visible>!Skin.HasSetting(DisableAddonsRow8)</visible>
				<include content="HubListContainer">
					<param name="header_label" value="$LOCALIZE[33003]"/>
					<param name="container_id" value="157"/>
					<param name="layout" value="HubListSquareLayout"/>
					<param name="target" value="addonbrowser"/>
					<param name="onup" value="156"/>
					<param name="ondown" value="158"/>
					<param name="focus_width" value="185"/>
					<param name="visible" value="Integer.IsGreater(Container(157).NumItems,0) | Container(157).IsUpdating" />
					<param name="content" value="addons://all/"/>
				</include>
			</control>

			<control type="group">
				<width>1230</width>
				<height>700</height>
				<visible>!Skin.HasSetting(DisableAddonsRow9)</visible>
				<include content="HubListContainer">
					<param name="header_label" value="$LOCALIZE[24004]"/>
					<param name="container_id" value="158"/>
					<param name="layout" value="HubListSquareLayout"/>
					<param name="target" value="addonbrowser"/>
					<param name="onup" value="157"/>
					<param name="ondown" value="159"/>
					<param name="focus_width" value="185"/>
					<param name="visible" value="Integer.IsGreater(Container(158).NumItems,0) | Container(158).IsUpdating" />
					<param name="content" value="addons://recently_updated/"/>
				</include>
			</control>

			<control type="group">
				<width>1230</width>
				<height>700</height>
				<visible>!Skin.HasSetting(DisableAddonsRow10)</visible>
				<include content="HubListContainer">
					<param name="header_label" value="$LOCALIZE[31293]"/>
					<param name="container_id" value="159"/>
					<param name="layout" value="HubListSquareLayout"/>
					<param name="target" value="addonbrowser"/>
					<param name="onup" value="158"/>
					<param name="ondown" value="151"/>
					<param name="focus_width" value="185"/>
					<param name="visible" value="Integer.IsGreater(Container(159).NumItems,0) | Container(159).IsUpdating" />
					<param name="content" value="addons://"/>
				</include>
			</control>
		</control>

		<control type="list" id="9994">
			<include>HiddenListContainer</include>
			<content>$INFO[ListItem.FolderPath]</content>
		</control>

		<control type="group">
			<left>48</left>
			<top>170</top>
			<include>CommonViews_VerticalAnimation</include>
			<include>InfoDialogsVisible_ZoomAnimation</include>
			<include content="HubHeadLabelOrLogo">
				<param name="font" value="FontSize_50"/>
				<param name="width" value="1180"/>
				<param name="slide_animation" value="true"/>
				<param name="slide_value" value="30"/>
			</include>
			<include content="HomeWidgetsSubLabel">
				<param name="top" value="125"/>
				<param name="width" value="1180"/>
				<param name="font" value="FontSize_20B"/>
				<param name="label" value="$VAR[HubsSublabel]"/>
			</include>
		</control>
		<include>HubGroupLabelOverlay</include>

		<include>CommonItems</include>


		<!-- ================ -->
		<!-- Top Options Menu -->
		<!-- ================ -->
		<control type="group"  id="9000">
			<left>30</left>
			<top>25</top>
			<include>ShutdownMenuAnimation</include>
			<include>OptionsTopMenuAnimation</include>
			<include>OptionsTopMenuHeader</include>
			<!-- Options -->
			<control type="grouplist" id="9111">
				<onleft>1500</onleft>
				<onright>1500</onright>
				<include>OptionsTopMenuVars</include>
				<include content="TopOptionsButton">
					<param name="hub" value="Addons"/>
					<param name="id" value="281"/>
					<param name="label" value="1037"/>
					<param name="row" value="1"/>
				</include>
				<include content="TopOptionsButton">
					<param name="hub" value="Addons"/>
					<param name="id" value="282"/>
					<param name="label" value="1038"/>
					<param name="row" value="2"/>
				</include>
				<include content="TopOptionsButton">
					<param name="hub" value="Addons"/>
					<param name="id" value="283"/>
					<param name="label" value="1039"/>
					<param name="row" value="3"/>
				</include>
				<include content="TopOptionsButton">
					<param name="hub" value="Addons"/>
					<param name="id" value="284"/>
					<param name="label" value="31289"/>
					<param name="row" value="4"/>
				</include>
				<include content="TopOptionsButton">
					<param name="hub" value="Addons"/>
					<param name="id" value="285"/>
					<param name="label" value="20244"/>
					<param name="row" value="5"/>
					<param name="visible" value="System.Platform.Android"/>
				</include>
				<include content="TopOptionsButton">
					<param name="hub" value="Addons"/>
					<param name="id" value="286"/>
					<param name="label" value="35049"/>
					<param name="row" value="6"/>
				</include>
				<include content="TopOptionsButton">
					<param name="hub" value="Addons"/>
					<param name="id" value="287"/>
					<param name="label" value="24998"/>
					<param name="row" value="7"/>
				</include>
				<include content="TopOptionsButton">
					<param name="hub" value="Addons"/>
					<param name="id" value="288"/>
					<param name="label" value="33003"/>
					<param name="row" value="8"/>
				</include>
				<include content="TopOptionsButton">
					<param name="hub" value="Addons"/>
					<param name="id" value="289"/>
					<param name="label" value="24004"/>
					<param name="row" value="9"/>
				</include>
				<include content="TopOptionsButton">
					<param name="hub" value="Addons"/>
					<param name="id" value="290"/>
					<param name="label" value="31293"/>
					<param name="row" value="10"/>
				</include>
				<include>OptionsTopMenuEnd</include>
			</control>
		</control>


		<!-- ================ -->
		<!-- Top Content Info -->
		<!-- ================ -->
		<control type="group">
			<left>45</left>
			<top>25</top>
			<include>ShutdownMenuAnimation</include>
			<include>InfoDialogs_ContentInfoAnimation</include>
			<include>OpenCloseSlideAnimationTwo</include>
			<include>VisibleHiddenSlideAnimation</include>
			<visible>!ControlGroup(9000).HasFocus</visible>
			<include content="HubsTopContentInfo">
				<param name="big_label" value="$LOCALIZE[24001]"/>
			</include>
		</control>

		<include>CommonWeatherAndClock</include>


<!-- ================= -->
<!-- ===== DEBUG ===== -->
<!-- ================= -->
	  <control type="grouplist">
			<top>20</top>
			<itemgap>-12</itemgap>
			<visible>Skin.HasSetting(ShowDebugInfo)</visible>
			<control type="label">
				<font>TextboxFont_15B</font>
				<align>center</align>
				<label>[COLOR=FFFF0000]DBType:[/COLOR] [COLOR=FF00FF00]$INFO[ListItem.DBType][/COLOR] || [COLOR=FFFF0000]DBID Number:[/COLOR][COLOR=FF00FF00] $INFO[ListItem.DBID][/COLOR] || [COLOR=FFFF0000]IMDB Number:[/COLOR][COLOR=FF00FF00] $INFO[ListItem.IMDBNumber][/COLOR] || [COLOR=FFFF0000]TMDB Number:[/COLOR][COLOR=FF00FF00] $INFO[ListItem.Property(tmdb_id)][/COLOR]</label>
			</control>
			<control type="label">
				<font>TextboxFont_15B</font>
				<align>center</align>
				<label>ListItem.FolderPath: [COLOR=FF00FF00]$INFO[ListItem.FolderPath][/COLOR]</label>
			</control>
			<control type="label">
				<font>TextboxFont_15B</font>
				<align>center</align>
				<label>Container.FolderPath: [COLOR=FF00FF00]$INFO[Container.FolderPath][/COLOR]</label>
			</control>
			<control type="label">
				<font>TextboxFont_15B</font>
				<align>center</align>
				<label>Window(Home).Property(MediaHub): [COLOR=FF00FF00]$INFO[Window(Home).Property(MediaHub)][/COLOR]</label>
			</control>
			<control type="label">
				<font>TextboxFont_15B</font>
				<align>center</align>
				<label>[COLOR=FF00FF00]$INFO[Container(9994).ListItemAbsolute(0).Label]$INFO[Container(9994).ListItemAbsolute(0).Year, (,)][/COLOR]</label>
			</control>
			<control type="label">
				<font>TextboxFont_15B</font>
				<align>center</align>
				<label>[COLOR=FF00FF00]$INFO[Container(9994).ListItemAbsolute(1).Label]$INFO[Container(9994).ListItemAbsolute(1).Year, (,)][/COLOR]</label>
			</control>
			<control type="label">
				<font>TextboxFont_15B</font>
				<align>center</align>
				<label>[COLOR=FF00FF00]$INFO[Container(9994).ListItemAbsolute(2).Label]$INFO[Container(9994).ListItemAbsolute(2).Year, (,)][/COLOR]</label>
			</control>
			<control type="label">
				<font>TextboxFont_15B</font>
				<align>center</align>
				<label>[COLOR=FF00FF00]$INFO[Container(9994).ListItemAbsolute(3).Label]$INFO[Container(9994).ListItemAbsolute(3).Year, (,)][/COLOR]</label>
			</control>
		</control>
		<control type="grouplist">
			<top>355</top>
			<visible>Skin.HasSetting(ShowDebugInfo)</visible>
			<control type="label">
				<right>5</right>
				<height>10</height>
				<textcolor>FFFFFF40</textcolor>
				<font>FontSize_15B</font>
				<align>right</align>
				<label>[COLOR=FFA939FF]ListItem.Trailer:[/COLOR] $INFO[ListItem.Trailer]</label>
			</control>
			<control type="label">
				<right>5</right>
				<height>10</height>
				<textcolor>FFFFFF40</textcolor>
				<font>FontSize_15B</font>
				<align>right</align>
				<label>[COLOR=FFA939FF]TMDbHelper.ListItem.Trailer:[/COLOR] $INFO[Window(Home).Property(TMDbHelper.ListItem.trailer)]</label>
			</control>
		</control>
	</controls>
</window>
