<?xml version="1.0" encoding="UTF-8"?>
<window id="1160">
	<defaultcontrol always="true">1500</defaultcontrol>
  <menucontrol>9000</menucontrol>
	<backgroundcolor>bgcolor</backgroundcolor>
	<controls>
		<include>BackgroundItems</include>


		<!-- =============== -->
		<!-- List Containers -->
		<!-- =============== -->
		<control type="grouplist" id="1500">
			<left>45</left>
			<top>345</top>
			<width>1240</width>
			<height>700</height>
			<orientation>vertical</orientation>
			<scrolltime tween="sine" easing="out">300</scrolltime>
			<itemgap>-450</itemgap>
			<include>CommonViews_VerticalAnimation</include>
			<include>InfoDialogsVisible_ZoomAnimation</include>
			<control type="group">
				<width>1230</width>
				<height>700</height>
				<visible>!Skin.HasSetting(DisableMusicRow1)</visible>
				<include content="HubListContainer">
					<param name="header_label" value="$LOCALIZE[31243]"/>
					<param name="container_id" value="151"/>
					<param name="layout" value="HubListSquareLayout"/>
					<param name="target" value="music"/>
					<param name="onup" value="159"/>
					<param name="ondown" value="152"/>
					<param name="focus_width" value="185"/>
					<param name="visible" value="Integer.IsGreater(Container(151).NumItems,0) | Container(151).IsUpdating" />
					<param name="content" value="musicdb://recentlyaddedalbums/"/>
				</include>
			</control>

			<control type="group">
				<width>1230</width>
				<height>700</height>
				<visible>!Skin.HasSetting(DisableMusicRow2)</visible>
				<include content="HubListContainer">
					<param name="header_label" value="$LOCALIZE[31262]"/>
					<param name="container_id" value="152"/>
					<param name="layout" value="HubListSquareLayout"/>
					<param name="target" value="music"/>
					<param name="onup" value="151"/>
					<param name="ondown" value="153"/>
					<param name="focus_width" value="185"/>
					<param name="visible" value="Integer.IsGreater(Container(152).NumItems,0) | Container(152).IsUpdating" />
					<param name="content" value="musicdb://recentlyplayedalbums"/>
				</include>
			</control>

			<control type="group">
				<width>1230</width>
				<height>700</height>
				<visible>!Skin.HasSetting(DisableMusicRow3)</visible>
				<include content="HubListContainer">
					<param name="header_label" value="$LOCALIZE[31290]"/>
					<param name="container_id" value="153"/>
					<param name="layout" value="HubListSquareLayout"/>
					<param name="target" value="music"/>
					<param name="onup" value="152"/>
					<param name="ondown" value="154"/>
					<param name="focus_width" value="185"/>
					<param name="visible" value="Integer.IsGreater(Container(153).NumItems,0) | Container(153).IsUpdating" />
					<param name="content" value="special://skin/extras/playlists/Unplayed_Albums.xsp"/>
				</include>
			</control>

			<control type="group">
				<width>1230</width>
				<height>700</height>
				<visible>!Skin.HasSetting(DisableMusicRow4)</visible>
				<include content="HubListContainer">
					<param name="header_label" value="$LOCALIZE[31291]"/>
					<param name="container_id" value="154"/>
					<param name="layout" value="HubListSquareLayout"/>
					<param name="target" value="music"/>
					<param name="onup" value="153"/>
					<param name="ondown" value="155"/>
					<param name="focus_width" value="185"/>
					<param name="visible" value="Integer.IsGreater(Container(154).NumItems,0) | Container(154).IsUpdating" />
					<param name="content" value="special://skin/extras/playlists/MostPlayed_Albums.xsp"/>
				</include>
			</control>

			<control type="group">
				<width>1230</width>
				<height>700</height>
				<visible>!Skin.HasSetting(DisableMusicRow5)</visible>
				<include content="HubListContainer">
					<param name="header_label" value="$LOCALIZE[31249]"/>
					<param name="container_id" value="155"/>
					<param name="layout" value="HubListSquareLayout"/>
					<param name="target" value="music"/>
					<param name="onup" value="154"/>
					<param name="ondown" value="156"/>
					<param name="focus_width" value="185"/>
					<param name="visible" value="Integer.IsGreater(Container(155).NumItems,0) | Container(155).IsUpdating" />
					<param name="content" value="special://skin/extras/playlists/Random_Albums.xsp"/>
				</include>
			</control>

			<control type="group">
				<width>1230</width>
				<height>700</height>
				<visible>!Skin.HasSetting(DisableMusicRow6)</visible>
				<include content="HubListContainer">
					<param name="header_label" value="$LOCALIZE[31259]"/>
					<param name="container_id" value="156"/>
					<param name="layout" value="HubListSquareLayout"/>
					<param name="target" value="music"/>
					<param name="onup" value="155"/>
					<param name="ondown" value="157"/>
					<param name="focus_width" value="185"/>
					<param name="visible" value="Integer.IsGreater(Container(156).NumItems,0) | Container(156).IsUpdating" />
					<param name="content" value="special://skin/extras/playlists/Random_Artists.xsp"/>
				</include>
			</control>
			
			<control type="group">
				<width>1230</width>
				<height>700</height>
				<visible>!Skin.HasSetting(DisableMusicRow7)</visible>
				<include content="HubListContainer">
					<param name="header_label" value="$LOCALIZE[10505]"/>
					<param name="container_id" value="157"/>
					<param name="layout" value="HubListSquareLayout"/>
					<param name="target" value="music"/>
					<param name="onup" value="156"/>
					<param name="ondown" value="158"/>
					<param name="focus_width" value="185"/>
					<param name="visible" value="Integer.IsGreater(Container(157).NumItems,0) | Container(157).IsUpdating" />
					<param name="content" value="special://skin/extras/playlists/Top100_Albums.xsp"/>
				</include>
			</control>

			<control type="group">
				<width>1230</width>
				<height>700</height>
				<visible>!Skin.HasSetting(DisableMusicRow8)</visible>
				<include content="HubListContainer">
					<param name="header_label" value="$LOCALIZE[135]"/>
					<param name="container_id" value="158"/>
					<param name="layout" value="HubListSquareLayout"/>
					<param name="target" value="music"/>
					<param name="onup" value="157"/>
					<param name="ondown" value="159"/>
					<param name="focus_width" value="185"/>
					<param name="visible" value="Integer.IsGreater(Container(158).NumItems,0) | Container(158).IsUpdating" />
					<param name="content" value="musicdb://genres/"/>
				</include>
			</control>

			<control type="group">
				<width>1230</width>
				<height>700</height>
				<visible>!Skin.HasSetting(DisableMusicRow9)</visible>
				<include content="HubListContainer">
					<param name="header_label" value="$LOCALIZE[31293]"/>
					<param name="container_id" value="159"/>
					<param name="layout" value="HubListSquareLayout"/>
					<param name="target" value="music"/>
					<param name="onup" value="158"/>
					<param name="ondown" value="151"/>
					<param name="focus_width" value="185"/>
					<param name="visible" value="Integer.IsGreater(Container(159).NumItems,0) | Container(159).IsUpdating" />
					<param name="content" value="library://music/"/>
				</include>
			</control>
		</control>

		<control type="list" id="9994">
			<include>HiddenListContainer</include>
			<content>$INFO[ListItem.FolderPath]</content>
		</control>

		<control type="group">
			<left>48</left>
			<top>170</top>
			<include>CommonViews_VerticalAnimation</include>
			<include>InfoDialogsVisible_ZoomAnimation</include>
			<include content="HubHeadLabelOrLogo">
				<param name="slide_animation" value="![String.IsEqual(ListItem.DBType,album) | String.IsEqual(ListItem.DBType,artist)]"/>
			</include>
			<!-- Info -->
			<control type="grouplist">
				<left>2</left>
				<top>90</top>
				<width>500</width>
				<height>30</height>
				<itemgap>8</itemgap>
				<orientation>horizontal</orientation>
				<control type="group">
					<width>115</width>
					<visible>!String.IsEmpty(ListItem.Title)</visible>
					<control type="image">
						<left>0</left>
						<top>-1</top>
						<width>118</width>
						<height>26</height>
						<aspectratio>keep</aspectratio>
						<texture background="true">$VAR[StarRating]</texture>
					</control>
				</control>
				<include content="HomeWidgetsSubLabel">
					<param name="label" value="$INFO[ListItem.Genre]"/>
					<param name="visible" value="String.IsEqual(ListItem.DBType,artist)"/>
				</include>
				<include content="HomeWidgetsSubLabel">
					<param name="label" value="$VAR[NetFlixSubLabelInfo]"/>
				</include>
				<control type="group">
					<width>52</width>
					<visible>String.IsEqual(ListItem.DBType,album)</visible>
					<include content="HomeWidgetsSubIcon">
						<param name="width" value="52"/>
						<param name="icon" value="views/other/episodes_count.png"/>
					</include>
					<control type="grouplist">
						<width>52</width>
						<height>30</height>
						<align>center</align>
						<itemgap>1</itemgap>
						<orientation>horizontal</orientation>
						<include content="HomeWidgetsSubIcon">
							<param name="width" value="17"/>
							<param name="icon" value="icons/hub_songs_icon.png"/>
						</include>
						<include content="HomeWidgetsSubLabel">
							<param name="font" value="FontSize_19"/>
							<param name="label" value="$INFO[Control.GetLabel(7777)]"/>
						</include>
					</control>
				</control>
				<include content="HomeWidgetsSubLabel">
					<param name="label" value="$VAR[ListItemDurationVar]"/>
					<param name="visible" value="String.IsEqual(ListItem.DBType,album)"/>
				</include>
			</control>
			<include content="HomeWidgetsSubLabel">
				<param name="top" value="125"/>
				<param name="width" value="500"/>
				<param name="font" value="FontSize_20B"/>
				<param name="label" value="$VAR[HubsSublabel]"/>
			</include>
		</control>
		<include>HubGroupLabelOverlay</include>

		<include>CommonItems</include>


		<!-- ================ -->
		<!-- Top Options Menu -->
		<!-- ================ -->
		<control type="group"  id="9000">
			<left>30</left>
			<top>25</top>
			<include>ShutdownMenuAnimation</include>
			<include>OptionsTopMenuAnimation</include>
			<include>OptionsTopMenuHeader</include>
			<!-- Options -->
			<control type="grouplist" id="9111">
				<onleft>1500</onleft>
				<onright>1500</onright>
				<include>OptionsTopMenuVars</include>
				<include content="TopOptionsButton">
					<param name="hub" value="Music"/>
					<param name="id" value="281"/>
					<param name="label" value="31243"/>
					<param name="row" value="1"/>
				</include>
				<include content="TopOptionsButton">
					<param name="hub" value="Music"/>
					<param name="id" value="282"/>
					<param name="label" value="31262"/>
					<param name="row" value="2"/>
				</include>
				<include content="TopOptionsButton">
					<param name="hub" value="Music"/>
					<param name="id" value="283"/>
					<param name="label" value="31290"/>
					<param name="row" value="3"/>
				</include>
				<include content="TopOptionsButton">
					<param name="hub" value="Music"/>
					<param name="id" value="284"/>
					<param name="label" value="31291"/>
					<param name="row" value="4"/>
				</include>
				<include content="TopOptionsButton">
					<param name="hub" value="Music"/>
					<param name="id" value="285"/>
					<param name="label" value="31249"/>
					<param name="row" value="5"/>
				</include>
				<include content="TopOptionsButton">
					<param name="hub" value="Music"/>
					<param name="id" value="286"/>
					<param name="label" value="31259"/>
					<param name="row" value="6"/>
				</include>
				<include content="TopOptionsButton">
					<param name="hub" value="Music"/>
					<param name="id" value="287"/>
					<param name="label" value="10505"/>
					<param name="row" value="7"/>
				</include>
				<include content="TopOptionsButton">
					<param name="hub" value="Music"/>
					<param name="id" value="288"/>
					<param name="label" value="135"/>
					<param name="row" value="8"/>
				</include>
				<include content="TopOptionsButton">
					<param name="hub" value="Music"/>
					<param name="id" value="289"/>
					<param name="label" value="31293"/>
					<param name="row" value="9"/>
				</include>
				<include>OptionsTopMenuEnd</include>
			</control>
		</control>



		<!-- ================ -->
		<!-- Top Content Info -->
		<!-- ================ -->
		<control type="group">
			<left>45</left>
			<top>25</top>
			<include>ShutdownMenuAnimation</include>
			<include>InfoDialogs_ContentInfoAnimation</include>
			<include>OpenCloseSlideAnimationTwo</include>
			<include>VisibleHiddenSlideAnimation</include>
			<visible>!ControlGroup(9000).HasFocus</visible>
			<include content="HubsTopContentInfo">
				<param name="big_label" value="$LOCALIZE[2]"/>
			</include>
		</control>

		<include>CommonWeatherAndClock</include>




<!-- ================= -->
<!-- ===== DEBUG ===== -->
<!-- ================= -->
	  <control type="grouplist">
			<top>20</top>
			<itemgap>-12</itemgap>
			<visible>Skin.HasSetting(ShowDebugInfo)</visible>
			<control type="label">
				<font>TextboxFont_15B</font>
				<align>center</align>
				<label>[COLOR=FFFF0000]DBType:[/COLOR] [COLOR=FF00FF00]$INFO[ListItem.DBType][/COLOR] || [COLOR=FFFF0000]DBID Number:[/COLOR][COLOR=FF00FF00] $INFO[ListItem.DBID][/COLOR] || [COLOR=FFFF0000]IMDB Number:[/COLOR][COLOR=FF00FF00] $INFO[ListItem.IMDBNumber][/COLOR] || [COLOR=FFFF0000]TMDB Number:[/COLOR][COLOR=FF00FF00] $INFO[ListItem.Property(tmdb_id)][/COLOR]</label>
			</control>
			<control type="label">
				<font>TextboxFont_15B</font>
				<align>center</align>
				<label>ListItem.FolderPath: [COLOR=FF00FF00]$INFO[ListItem.FolderPath][/COLOR]</label>
			</control>
			<control type="label">
				<font>TextboxFont_15B</font>
				<align>center</align>
				<label>Container.FolderPath: [COLOR=FF00FF00]$INFO[Container.FolderPath][/COLOR]</label>
			</control>
			<control type="label">
				<font>TextboxFont_15B</font>
				<align>center</align>
				<label>Window(Home).Property(MediaHub): [COLOR=FF00FF00]$INFO[Window(Home).Property(MediaHub)][/COLOR]</label>
			</control>
			<control type="label">
				<font>TextboxFont_15B</font>
				<align>center</align>
				<label>[COLOR=FF00FF00]$INFO[Container(9994).ListItemAbsolute(0).Label]$INFO[Container(9994).ListItemAbsolute(0).Year, (,)][/COLOR]</label>
			</control>
			<control type="label">
				<font>TextboxFont_15B</font>
				<align>center</align>
				<label>[COLOR=FF00FF00]$INFO[Container(9994).ListItemAbsolute(1).Label]$INFO[Container(9994).ListItemAbsolute(1).Year, (,)][/COLOR]</label>
			</control>
			<control type="label">
				<font>TextboxFont_15B</font>
				<align>center</align>
				<label>[COLOR=FF00FF00]$INFO[Container(9994).ListItemAbsolute(2).Label]$INFO[Container(9994).ListItemAbsolute(2).Year, (,)][/COLOR]</label>
			</control>
			<control type="label">
				<font>TextboxFont_15B</font>
				<align>center</align>
				<label>[COLOR=FF00FF00]$INFO[Container(9994).ListItemAbsolute(3).Label]$INFO[Container(9994).ListItemAbsolute(3).Year, (,)][/COLOR]</label>
			</control>
		</control>
		<control type="grouplist">
			<top>355</top>
			<visible>Skin.HasSetting(ShowDebugInfo)</visible>
			<control type="label">
				<right>5</right>
				<height>10</height>
				<textcolor>FFFFFF40</textcolor>
				<font>FontSize_15B</font>
				<align>right</align>
				<label>[COLOR=FFA939FF]ListItem.Trailer:[/COLOR] $INFO[ListItem.Trailer]</label>
			</control>
			<control type="label">
				<right>5</right>
				<height>10</height>
				<textcolor>FFFFFF40</textcolor>
				<font>FontSize_15B</font>
				<align>right</align>
				<label>[COLOR=FFA939FF]TMDbHelper.ListItem.Trailer:[/COLOR] $INFO[Window(Home).Property(TMDbHelper.ListItem.trailer)]</label>
			</control>
		</control>
	</controls>
</window>
