<?xml version="1.0" encoding="UTF-8"?>
<window id="1180">
	<defaultcontrol always="true">1500</defaultcontrol>
  <menucontrol>9000</menucontrol>
	<backgroundcolor>bgcolor</backgroundcolor>
	<controls>
		<include>BackgroundItems</include>


		<!-- =============== -->
		<!-- List Containers -->
		<!-- =============== -->
		<control type="grouplist" id="1500">
			<left>45</left>
			<top>345</top>
			<width>1240</width>
			<height>700</height>
			<orientation>vertical</orientation>
			<scrolltime tween="sine" easing="out">300</scrolltime>
			<itemgap>-450</itemgap>
			<include>CommonViews_VerticalAnimation</include>
			<include>InfoDialogsVisible_ZoomAnimation</include>
			<control type="group">
				<width>1230</width>
				<height>700</height>
				<visible>!Skin.HasSetting(DisableLiveTVRow1)</visible>
				<include content="HubListContainer">
					<param name="header_label" value="$LOCALIZE[31210]"/>
					<param name="container_id" value="151"/>
					<param name="layout" value="HubListSquareLayout"/>
					<param name="onup" value="156"/>
					<param name="ondown" value="152"/>
					<param name="focus_width" value="185"/>
					<param name="visible" value="Integer.IsGreater(Container(151).NumItems,0) | Container(151).IsUpdating" />
					<param name="content" value="pvr://channels/tv/*?view=lastplayed"/>
				</include>
			</control>

			<control type="group">
				<width>1230</width>
				<height>700</height>
				<visible>!Skin.HasSetting(DisableLiveTVRow2)</visible>
				<include content="HubListContainer">
					<param name="header_label" value="$LOCALIZE[19163]"/>
					<param name="container_id" value="152"/>
					<param name="layout" value="HubListSquareLayout"/>
					<param name="onup" value="151"/>
					<param name="ondown" value="153"/>
					<param name="focus_width" value="185"/>
					<param name="visible" value="Integer.IsGreater(Container(152).NumItems,0) | Container(152).IsUpdating" />
					<param name="content" value="pvr://recordings/tv/active?view=flat"/>
				</include>
			</control>

			<control type="group">
				<width>1230</width>
				<height>700</height>
				<visible>!Skin.HasSetting(DisableLiveTVRow3)</visible>
				<include content="HubListContainer">
					<param name="header_label" value="$LOCALIZE[19040]"/>
					<param name="container_id" value="153"/>
					<param name="layout" value="HubListSquareLayout"/>
					<param name="target" value="tvtimers"/>
					<param name="onup" value="152"/>
					<param name="ondown" value="154"/>
					<param name="focus_width" value="185"/>
					<param name="visible" value="Integer.IsGreater(Container(153).NumItems,0) | Container(153).IsUpdating" />
					<param name="content" value="pvr://timers/tv/timers/?view=hidedisabled"/>
				</include>
			</control>

			<control type="group">
				<width>1230</width>
				<height>700</height>
				<visible>!Skin.HasSetting(DisableLiveTVRow4)</visible>
				<include content="HubListContainer">
					<param name="header_label" value="$LOCALIZE[19337]"/>
					<param name="container_id" value="154"/>
					<param name="layout" value="HubListSquareLayout"/>
					<param name="target" value="tvsearch"/>
					<param name="onup" value="153"/>
					<param name="ondown" value="155"/>
					<param name="focus_width" value="185"/>
					<param name="visible" value="Integer.IsGreater(Container(154).NumItems,0) | Container(154).IsUpdating" />
					<param name="content" value="pvr://search/tv/savedsearches"/>
				</include>
			</control>

			<control type="group">
				<width>1230</width>
				<height>700</height>
				<visible>!Skin.HasSetting(DisableLiveTVRow5)</visible>
				<include content="HubListContainer">
					<param name="header_label" value="$LOCALIZE[19173]"/>
					<param name="container_id" value="155"/>
					<param name="layout" value="HubListSquareLayout"/>
					<param name="target" value="tvguide"/>
					<param name="onup" value="154"/>
					<param name="ondown" value="156"/>
					<param name="focus_width" value="185"/>
					<param name="visible" value="Integer.IsGreater(Container(155).NumItems,0) | Container(155).IsUpdating" />
					<param name="content" value="pvr://channels/tv"/>
				</include>
			</control>

			<control type="group">
				<width>1230</width>
				<height>700</height>
				<visible>!Skin.HasSetting(DisableLiveTVRow6)</visible>
				<include content="HubListContainer">
					<param name="header_label" value="$LOCALIZE[31293]"/>
					<param name="container_id" value="156"/>
					<param name="layout" value="HubListSquareLayout"/>
					<param name="onup" value="155"/>
					<param name="ondown" value="151"/>
					<param name="focus_width" value="185"/>
					<param name="visible" value="Integer.IsGreater(Container(156).NumItems,0) | Container(156).IsUpdating" />
					<param name="content" value="pvr://tv/"/>
				</include>
			</control>
		</control>

		<control type="list" id="9994">
			<include>HiddenListContainer</include>
			<content>$INFO[ListItem.FolderPath]</content>
		</control>

		<control type="group">
			<left>48</left>
			<top>180</top>
			<include>CommonViews_VerticalAnimation</include>
			<include>InfoDialogsVisible_ZoomAnimation</include>
			<include content="HubHeadLabelOrLogo">
				<param name="width" value="1180"/>
				<param name="font" value="FontSize_50"/>
				<param name="label" value="$VAR[EPGTimelineHeadLabel]"/>
			</include>
			<!-- Info -->
			<control type="grouplist">
				<left>0</left>
				<top>100</top>
				<width>850</width>
				<height>30</height>
				<itemgap>8</itemgap>
				<orientation>horizontal</orientation>
				<include content="HomeWidgetsSubIcon">
					<param name="width" value="56"/>
					<param name="icon" value="$VAR[MPAAFilmRating]"/>
					<param name="visible" value="!String.IsEmpty(ListItem.MPAA)"/>
				</include>
				<include content="HomeWidgetsSubIcon">
					<param name="icon" value="$VAR[ViewsDef3DFlags]"/>
					<param name="visible" value="!String.IsEmpty(ListItem.VideoResolution)"/>
				</include>
				<include content="HomeWidgetsSubLabel">
					<param name="label" value="$INFO[ListItem.ChannelName]$VAR[EPGSeasonEpisodeValue]$INFO[ListItem.EpisodeName,  •  ,]$INFO[ListItem.Year,  •  ,]$INFO[ListItem.MPAA,  •  ,]$INFO[ListItem.StartTime,  •  ,]$INFO[ListItem.EndTime, - ,]"/>
					<param name="visible" value="ControlGroup(1500).HasFocus(151) | ControlGroup(1500).HasFocus(153)"/>
				</include>
				<include content="HomeWidgetsSubLabel">
					<param name="label" value="$INFO[ListItem.ChannelName]$VAR[ListItemDurationVar,  •  ,]"/>
					<param name="visible" value="![ControlGroup(1500).HasFocus(151) | ControlGroup(1500).HasFocus(153)]"/>
				</include>
			</control>
			<include content="HomeWidgetsSubLabel">
				<param name="top" value="75"/>
				<param name="width" value="500"/>
				<param name="font" value="FontSize_20B"/>
				<param name="label" value="$VAR[HubsSublabel]"/>
			</include>
		</control>
		<include>HubGroupLabelOverlay</include>

		<include>CommonItems</include>


		<!-- ================ -->
		<!-- Top Options Menu -->
		<!-- ================ -->
		<control type="group"  id="9000">
			<left>30</left>
			<top>25</top>
			<include>ShutdownMenuAnimation</include>
			<include>OptionsTopMenuAnimation</include>
			<include>OptionsTopMenuHeader</include>
			<!-- Options -->
			<control type="grouplist" id="9111">
				<onleft>1500</onleft>
				<onright>1500</onright>
				<include>OptionsTopMenuVars</include>
				<include content="TopOptionsButton">
					<param name="hub" value="LiveTV"/>
					<param name="id" value="281"/>
					<param name="label" value="31210"/>
					<param name="row" value="1"/>
				</include>
				<include content="TopOptionsButton">
					<param name="hub" value="LiveTV"/>
					<param name="id" value="282"/>
					<param name="label" value="19163"/>
					<param name="row" value="2"/>
				</include>
				<include content="TopOptionsButton">
					<param name="hub" value="LiveTV"/>
					<param name="id" value="283"/>
					<param name="label" value="19040"/>
					<param name="row" value="3"/>
				</include>
				<include content="TopOptionsButton">
					<param name="hub" value="LiveTV"/>
					<param name="id" value="284"/>
					<param name="label" value="19337"/>
					<param name="row" value="4"/>
				</include>
				<include content="TopOptionsButton">
					<param name="hub" value="LiveTV"/>
					<param name="id" value="285"/>
					<param name="label" value="19173"/>
					<param name="row" value="5"/>
				</include>
				<include content="TopOptionsButton">
					<param name="hub" value="LiveTV"/>
					<param name="id" value="290"/>
					<param name="label" value="31293"/>
					<param name="row" value="6"/>
				</include>
				<include>OptionsTopMenuEnd</include>
			</control>
		</control>


		<!-- ================ -->
		<!-- Top Content Info -->
		<!-- ================ -->
		<control type="group">
			<left>45</left>
			<top>25</top>
			<include>ShutdownMenuAnimation</include>
			<include>InfoDialogs_ContentInfoAnimation</include>
			<include>OpenCloseSlideAnimationTwo</include>
			<include>VisibleHiddenSlideAnimation</include>
			<visible>!ControlGroup(9000).HasFocus</visible>
			<include content="HubsTopContentInfo">
				<param name="big_label" value="$LOCALIZE[31000]"/>
			</include>
		</control>

		<include>CommonWeatherAndClock</include>




<!-- ================= -->
<!-- ===== DEBUG ===== -->
<!-- ================= -->
	  <control type="grouplist">
			<top>20</top>
			<itemgap>-12</itemgap>
			<visible>Skin.HasSetting(ShowDebugInfo)</visible>
			<control type="label">
				<font>TextboxFont_15B</font>
				<align>center</align>
				<label>[COLOR=FFFF0000]DBType:[/COLOR] [COLOR=FF00FF00]$INFO[ListItem.DBType][/COLOR] || [COLOR=FFFF0000]DBID Number:[/COLOR][COLOR=FF00FF00] $INFO[ListItem.DBID][/COLOR] || [COLOR=FFFF0000]IMDB Number:[/COLOR][COLOR=FF00FF00] $INFO[ListItem.IMDBNumber][/COLOR] || [COLOR=FFFF0000]TMDB Number:[/COLOR][COLOR=FF00FF00] $INFO[ListItem.Property(tmdb_id)][/COLOR]</label>
			</control>
			<control type="label">
				<font>TextboxFont_15B</font>
				<align>center</align>
				<label>ListItem.FolderPath: [COLOR=FF00FF00]$INFO[ListItem.FolderPath][/COLOR]</label>
			</control>
			<control type="label">
				<font>TextboxFont_15B</font>
				<align>center</align>
				<label>Container.FolderPath: [COLOR=FF00FF00]$INFO[Container.FolderPath][/COLOR]</label>
			</control>
			<control type="label">
				<font>TextboxFont_15B</font>
				<align>center</align>
				<label>Window(Home).Property(MediaHub): [COLOR=FF00FF00]$INFO[Window(Home).Property(MediaHub)][/COLOR]</label>
			</control>
			<control type="label">
				<font>TextboxFont_15B</font>
				<align>center</align>
				<label>[COLOR=FF00FF00]$INFO[Container(9994).ListItemAbsolute(0).Label]$INFO[Container(9994).ListItemAbsolute(0).Year, (,)][/COLOR]</label>
			</control>
			<control type="label">
				<font>TextboxFont_15B</font>
				<align>center</align>
				<label>[COLOR=FF00FF00]$INFO[Container(9994).ListItemAbsolute(1).Label]$INFO[Container(9994).ListItemAbsolute(1).Year, (,)][/COLOR]</label>
			</control>
			<control type="label">
				<font>TextboxFont_15B</font>
				<align>center</align>
				<label>[COLOR=FF00FF00]$INFO[Container(9994).ListItemAbsolute(2).Label]$INFO[Container(9994).ListItemAbsolute(2).Year, (,)][/COLOR]</label>
			</control>
			<control type="label">
				<font>TextboxFont_15B</font>
				<align>center</align>
				<label>[COLOR=FF00FF00]$INFO[Container(9994).ListItemAbsolute(3).Label]$INFO[Container(9994).ListItemAbsolute(3).Year, (,)][/COLOR]</label>
			</control>
		</control>
		<control type="grouplist">
			<top>355</top>
			<visible>Skin.HasSetting(ShowDebugInfo)</visible>
			<control type="label">
				<right>5</right>
				<height>10</height>
				<textcolor>FFFFFF40</textcolor>
				<font>FontSize_15B</font>
				<align>right</align>
				<label>[COLOR=FFA939FF]ListItem.Trailer:[/COLOR] $INFO[ListItem.Trailer]</label>
			</control>
			<control type="label">
				<right>5</right>
				<height>10</height>
				<textcolor>FFFFFF40</textcolor>
				<font>FontSize_15B</font>
				<align>right</align>
				<label>[COLOR=FFA939FF]TMDbHelper.ListItem.Trailer:[/COLOR] $INFO[Window(Home).Property(TMDbHelper.ListItem.trailer)]</label>
			</control>
		</control>
	</controls>
</window>
