<?xml version="1.0" encoding="UTF-8"?>
<window type="dialog" id="1114">
	<defaultcontrol always="true">10</defaultcontrol>
	<animation effect="fade" start="0" end="100" time="750" tween="quadratic">WindowOpen</animation>
	<animation effect="fade" start="100" end="0" time="1000" tween="quadratic">WindowClose</animation>
	<controls>
		<control type="image">
			<include>FullscreenDimensions</include>
			<colordiffuse>$VAR[BG.GlobalColor]</colordiffuse>
			<texture background="true" diffuse="windows/bg/bg_effect_vignette.png">special://skin/extras/backgrounds/default.jpg</texture>
		</control>
		<control type="group">
		  <left>590</left>
		  <top>220</top>
			<control type="image">
				<width>100</width>
				<height>100</height>
				<aspectratio scalediffuse="false">scale</aspectratio>
			  <texture diffuse="icons/profiles/profile_diffuse.png">$VAR[LogoThumbVar]</texture>
			</control>
			<control type="image">
				<width>100</width>
				<height>100</height>
			  <texture>icons/profiles/profile_panel_big.png</texture>
			</control>
		</control>
		<control type="label">
		  <centerleft>50%</centerleft>
		  <centertop>50%</centertop>
		  <width>100%</width>
		  <height>100%</height>
		  <font>FontSize_50</font>
		  <align>center</align>
		  <label>$VAR[Custom_ExitBigLabels]</label>
		</control>
		<control type="button" id="10">
		  <centerleft>50%</centerleft>
		  <centertop>57%</centertop>
		  <width>100%</width>
		  <height>100%</height>
		  <focusedcolor>viewsinfo</focusedcolor>
		  <font>FontSize_40</font>
		  <align>center</align>
		  <texturefocus></texturefocus>
		  <label>$LOCALIZE[31044]...</label>
		  <onfocus>AlarmClock(Close,Dialog.Close(1114),00:04,silent)</onfocus>
		  <onfocus>AlarmClock(Starting,ReplaceWindow($INFO[System.StartupWindow]),00:05,silent)</onfocus>
		  <visible>String.IsEmpty(Window(Home).Property(SmoothExit))</visible>
		</control>
		<control type="button" id="10">
		  <centerleft>50%</centerleft>
		  <centertop>57%</centertop>
		  <width>100%</width>
		  <height>100%</height>
		  <focusedcolor>viewsinfo</focusedcolor>
		  <font>FontSize_40</font>
		  <align>center</align>
		  <texturefocus></texturefocus>
		  <label>$VAR[Custom_ExitSubLabels]...</label>
		  <onfocus>$VAR[Custom_ExitActions]</onfocus>
		  <onfocus condition="String.Contains(Window(Home).Property(SmoothExit),Suspending) | String.Contains(Window(Home).Property(SmoothExit),Hibernating)">AlarmClock(GetBack,Action(back),00:01,silent)</onfocus>
			<visible>!String.IsEmpty(Window(Home).Property(SmoothExit))</visible>
		</control>
	</controls>
</window>