<?xml version="1.0" encoding="UTF-8"?>
<window type="dialog" id="1113">
 <defaultcontrol always="true">4001</defaultcontrol>
 <onunload condition="!String.IsEmpty(Window(SkinSettings).Property(CustomColor))">ClearProperty(CustomColor,SkinSettings)</onunload>
 <controls>
	<control type="group" id="4000">
		<include>OpenCloseSlideAnimation</include>
		<include>VisibleHiddenSlideAnimation</include>
		<control type="image">
			<left>170</left>
			<top>148</top>
			<width>943</width>
			<height>436</height>
			<texture border="59">views/other/panel.png</texture>
		</control>
		<control type="label">
			<description>header label</description>
			<left>179</left>
			<top>100</top>
			<width>920</width>
			<height>45</height>
			<font>FontSize_34B</font>
			<textcolor>viewsinfo</textcolor>
			<label>$VAR[CustomColorsContentInfo]</label>
		</control>
		<control type="panel" id="4001">
			<left>182</left>
			<top>160</top>
			<width>927</width>
			<height>412</height>
			<onleft>10000</onleft>
			<onright>10000</onright>
			<onup>4001</onup>
			<ondown>4001</ondown>
			<scrolltime tween="Quadratic" easing="out">300</scrolltime>
			<viewtype label="536">icon</viewtype>
			<orientation>vertical</orientation>
			<itemlayout condition="!String.IsEqual(Window(SkinSettings).Property(CustomColor),BG)" width="102" height="103">
				<control type="image">
					<width>103</width>
					<height>103</height>
					<texture background="true" border="51">thumbs/thumb_border.png</texture>
				</control>
				<control type="image">
					<width>103</width>
					<height>103</height>
					<aspectratio>scale</aspectratio>
					<texture background="true" border="3">$INFO[ListItem.Thumb]</texture>
					<bordersize>9</bordersize>
				</control>
				<control type="label">
					<width>103</width>
					<height>103</height>
					<font>FontSize_24</font>
					<align>center</align>
					<aligny>center</aligny>
					<label>$INFO[ListItem.Label]</label>
				</control>
			</itemlayout>
			<itemlayout condition="String.IsEqual(Window(SkinSettings).Property(CustomColor),BG)" width="184" height="103">
				<control type="image">
					<left>0</left>
					<top>0</top>
					<width>184</width>
					<height>103</height>
					<texture background="true" border="51">thumbs/thumb_border.png</texture>
				</control>
				<control type="image">
					<left>0</left>
					<top>0</top>
					<width>184</width>
					<height>103</height>
					<aspectratio>scale</aspectratio>
					<texture background="true" border="3">$INFO[ListItem.Thumb]</texture>
					<bordersize>9</bordersize>
				</control>
			</itemlayout>
			<focusedlayout condition="!String.IsEqual(Window(SkinSettings).Property(CustomColor),BG)" width="102" height="103">
				<control type="image">
					<width>103</width>
					<height>103</height>
					<texture background="true" border="51">thumbs/thumb_border.png</texture>
				</control>
				<control type="image">
					<width>103</width>
					<height>103</height>
					<aspectratio>scale</aspectratio>
					<texture background="true" border="3">$INFO[ListItem.Thumb]</texture>
					<bordersize>9</bordersize>
				</control>
				<control type="label">
					<width>103</width>
					<height>103</height>
					<font>FontSize_24</font>
					<align>center</align>
					<aligny>center</aligny>
					<label>$INFO[ListItem.Label]</label>
				</control>
				<control type="image">
					<width>103</width>
					<height>103</height>
					<colordiffuse>$VAR[Textures.GlobalColor]</colordiffuse>
					<texture background="true" border="31">views/other/focus_panel.png</texture>
					<include>ThumbnailsFocusAnimation</include>
				</control>
			</focusedlayout>
			<focusedlayout condition="String.IsEqual(Window(SkinSettings).Property(CustomColor),BG)" width="184" height="103">
				<control type="image">
					<left>0</left>
					<top>0</top>
					<width>184</width>
					<height>103</height>
					<texture background="true" border="51">thumbs/thumb_border.png</texture>
				</control>
				<control type="image">
					<left>0</left>
					<top>0</top>
					<width>184</width>
					<height>103</height>
					<aspectratio>scale</aspectratio>
					<texture background="true" border="3">$INFO[ListItem.Thumb]</texture>
					<bordersize>9</bordersize>
				</control>
				<control type="image">
					<left>0</left>
					<top>0</top>
					<width>184</width>
					<height>103</height>
					<colordiffuse>$VAR[Textures.GlobalColor]</colordiffuse>
					<texture background="true" border="31">views/other/focus_panel.png</texture>
					<include>ThumbnailsFocusAnimation</include>
				</control>
			</focusedlayout>
			<content>
				<include condition="String.IsEqual(Window(SkinSettings).Property(CustomColor),Textures)">TexturesColorItems</include>
				<include condition="String.IsEqual(Window(SkinSettings).Property(CustomColor),Text)">TextColorItems</include>
				<include condition="String.IsEqual(Window(SkinSettings).Property(CustomColor),BG)">BGColorItems</include>
			</content>
		</control>
		<!-- Control Buttons -->
		<control type="grouplist" id="10000">
			<left>165</left>
			<top>588</top>
			<width>900</width>
			<itemgap>-20</itemgap>
			<onleft>4001</onleft>
			<onright>4001</onright>
			<onup>4001</onup>
			<ondown>4001</ondown>
			<orientation>horizontal</orientation>
			<control type="button" id="10001">
				<description>Reset</description>
				<texturefocus border="39,3,39,39">dialogs/buttons/settings_focus_two.png</texturefocus>
				<texturenofocus border="39,3,39,39">dialogs/buttons/settings_nofocus_two.png</texturenofocus>
				<label>$LOCALIZE[13007]</label>
				<include>DialogsButtonsTextHorizontal</include>
				<onclick condition="String.IsEqual(Window(SkinSettings).Property(CustomColor),Textures)">Skin.SetString(Textures.GlobalColor,FF12B2E7)</onclick>
				<onclick condition="String.IsEqual(Window(SkinSettings).Property(CustomColor),Text)">Skin.SetString(Text.GlobalColor,FF12B2E7)</onclick>
				<onclick condition="String.IsEqual(Window(SkinSettings).Property(CustomColor),BG)">Skin.SetString(BG.GlobalColor,FFCB2BFF)</onclick>
				<onclick>Dialog.Close(1113)</onclick>
			</control>
			<control type="button" id="10002">
				<description>Cancel</description>
				<texturefocus border="39,3,39,39">dialogs/buttons/cancel_focus_two.png</texturefocus>
				<texturenofocus border="39,3,39,39">dialogs/buttons/cancel_nofocus_two.png</texturenofocus>
				<label>$LOCALIZE[222]</label>
				<include>DialogsButtonsTextHorizontal</include>
				<onclick>Dialog.Close(1113)</onclick>
			</control>
		</control>
	</control>
 </controls>
</window>


