<?xml version="1.0" encoding="UTF-8"?>
<includes>
	<default type="image">
		<left>0</left>
		<top>0</top>
		<texture/>
		<colorkey>0</colorkey>
	</default>
	<default type="label">
		<height>30</height>
		<label/>
		<font>FontSize_18</font>
		<align>left</align>
		<aligny>center</aligny>
		<textcolor>white</textcolor>
		<shadowcolor>shadowcolor</shadowcolor>
		<selectedcolor>$VAR[Text.GlobalColor]</selectedcolor>
		<disabledcolor>disabled</disabledcolor>
		<scrollspeed>40</scrollspeed>
	</default>
	<default type="fadelabel">
		<left>0</left>
		<top>0</top>
		<font>FontSize_18</font>
		<align>left</align>
		<aligny>center</aligny>
		<textcolor>white</textcolor>
		<shadowcolor>shadowcolor</shadowcolor>
		<selectedcolor>$VAR[Text.GlobalColor]</selectedcolor>
		<disabledcolor>disabled</disabledcolor>
	</default>
	<default type="button">
		<width>150</width>
		<height>30</height>
		<font>FontSize_18</font>
		<textcolor>viewsinfo</textcolor>
		<focusedcolor>white</focusedcolor>
		<disabledcolor>disabled</disabledcolor>
		<shadowcolor>shadowcolor</shadowcolor>
		<texturefocus>buttons/focus.png</texturefocus>
		<texturenofocus></texturenofocus>
		<textoffsetx>0</textoffsetx>
		<textoffsety>0</textoffsety>
		<align>left</align>
		<aligny>center</aligny>
		<pulseonselect>false</pulseonselect>
	</default>
	<default type="colorbutton">
		<width>150</width>
		<height>30</height>
		<colorwidth>80</colorwidth>
		<colorheight>25</colorheight>
		<font>FontSize_18</font>
		<textcolor>viewsinfo</textcolor>
		<focusedcolor>white</focusedcolor>
		<disabledcolor>disabled</disabledcolor>
		<shadowcolor>shadowcolor</shadowcolor>
		<texturecolormask>buttons/colorbutton_mask.png</texturecolormask>
		<texturecolordisabledmask colordiffuse="disabled">buttons/colorbutton_mask.png</texturecolordisabledmask>
		<texturefocus>buttons/focus.png</texturefocus>
		<texturenofocus></texturenofocus>
		<textoffsetx>0</textoffsetx>
		<textoffsety>0</textoffsety>
		<align>left</align>
		<aligny>center</aligny>
		<pulseonselect>false</pulseonselect>
	</default>
	<default type="radiobutton">
		<label></label>
		<font>FontSize_18</font>
		<textcolor>viewsinfo</textcolor>
		<focusedcolor>white</focusedcolor>
		<disabledcolor>disabled</disabledcolor>
		<shadowcolor>shadowcolor</shadowcolor>
		<texturefocus>buttons/focus.png</texturefocus>
		<texturenofocus></texturenofocus>
		<textureradioonfocus>buttons/radio_button_on_fo.png</textureradioonfocus>
		<textureradioonnofocus>buttons/radio_button_on_nf.png</textureradioonnofocus>
		<textureradioofffocus>buttons/radio_button_off_fo.png</textureradioofffocus>
		<textureradiooffnofocus>buttons/radio_button_off_nf.png</textureradiooffnofocus>
		<textureradioondisabled colordiffuse="60FFFFFF">buttons/radio_button_on_nf.png</textureradioondisabled>
		<textureradiooffdisabled colordiffuse="60FFFFFF">buttons/radio_button_off_nf.png</textureradiooffdisabled>
		<align>left</align>
		<aligny>center</aligny>
		<radiowidth>20</radiowidth>
		<radioheight>42</radioheight>
		<pulseonselect>false</pulseonselect>
	</default>
	<default type="togglebutton">
		<width>150</width>
		<height>30</height>
		<label></label>
		<font>FontSize_18</font>
		<textcolor>viewsinfo</textcolor>
		<focusedcolor>white</focusedcolor>
		<disabledcolor>disabled</disabledcolor>
		<shadowcolor>shadowcolor</shadowcolor>
		<texturefocus>buttons/focus.png</texturefocus>
		<texturenofocus></texturenofocus>
		<alttexturefocus></alttexturefocus>
		<alttexturenofocus></alttexturenofocus>
		<textoffsetx>0</textoffsetx>
		<textoffsety>0</textoffsety>
		<align>left</align>
		<aligny>center</aligny>
		<pulseonselect>false</pulseonselect>
	</default>
	<default type="spincontrol">
		<label></label>
		<font>FontSize_18</font>
		<textcolor>viewsinfo</textcolor>
		<focusedcolor>white</focusedcolor>
		<disabledcolor>disabled</disabledcolor>
		<shadowcolor>shadowcolor</shadowcolor>
		<texturefocus>buttons/focus.png</texturefocus>
		<texturenofocus></texturenofocus>
		<textureup>buttons/arrow_up_nf.png</textureup>
		<texturedown>buttons/arrow_down_nf.png</texturedown>
		<textureupfocus>buttons/arrow_up_fo.png</textureupfocus>
		<texturedownfocus>buttons/arrow_down_fo.png</texturedownfocus>
		<align>left</align>
		<aligny>center</aligny>
		<spinwidth>20</spinwidth>
		<spinheight>42</spinheight>
		<reverse>yes</reverse>
		<subtype>text</subtype>
		<pulseonselect>false</pulseonselect>
	</default>
	<default type="spincontrolex">
		<label></label>
		<font>FontSize_18</font>
		<textcolor>viewsinfo</textcolor>
		<focusedcolor>white</focusedcolor>
		<disabledcolor>disabled</disabledcolor>
		<shadowcolor>shadowcolor</shadowcolor>
		<texturefocus>buttons/focus.png</texturefocus>
		<texturenofocus></texturenofocus>
		<textureup>buttons/arrow_up_nf.png</textureup>
		<texturedown>buttons/arrow_down_nf.png</texturedown>
		<textureupfocus>buttons/arrow_up_fo.png</textureupfocus>
		<texturedownfocus>buttons/arrow_down_fo.png</texturedownfocus>
		<align>left</align>
		<aligny>center</aligny>
		<spinwidth>20</spinwidth>
		<spinheight>42</spinheight>
		<spinposx>0</spinposx>
		<spinposy>0</spinposy>
		<reverse>yes</reverse>
		<pulseonselect>false</pulseonselect>
	</default>
	<default type="sliderex">
		<height>40</height>
		<font>FontSize_18</font>
		<textcolor>viewsinfo</textcolor>
		<focusedcolor>white</focusedcolor>
		<disabledcolor>disabled</disabledcolor>
		<shadowcolor>shadowcolor</shadowcolor>
		<texturefocus>buttons/focus.png</texturefocus>
		<texturenofocus></texturenofocus>
		<texturesliderbar>osd/osd_slider_bg.png</texturesliderbar>
		<textureslidernib>osd/osd_slider_nib_nf.png</textureslidernib>
		<textureslidernibfocus>osd/osd_slider_nib_fo.png</textureslidernibfocus>
		<sliderwidth>200</sliderwidth>
		<sliderheight>20</sliderheight>
		<align>left</align>
		<aligny>center</aligny>
		<pulseonselect>false</pulseonselect>
	</default>
	<default type="textbox">
		<width>410</width>
		<height>215</height>
		<font>FontSize_18</font>
		<textcolor>white</textcolor>
		<shadowcolor>shadowcolor</shadowcolor>
		<align>left</align>
	</default>
	<default type="progress">
		<texturebg border="1">osd/progressbar/progress_bg.png</texturebg>
		<lefttexture></lefttexture>
		<midtexture border="1">osd/progressbar/progress_bar.png</midtexture>
		<righttexture></righttexture>
		<overlaytexture></overlaytexture>
		<reveal>true</reveal>
	</default>
	<default type="slider">
		<controloffsetx>75</controloffsetx>
		<controloffsety>0</controloffsety>
		<pulseonselect>false</pulseonselect>
	</default>
	<default type="mover">
		<texturefocus>buttons/focus.png</texturefocus>
		<texturenofocus></texturenofocus>
	</default>
	<default type="resize">
		<texturefocus>buttons/focus.png</texturefocus>
		<texturenofocus></texturenofocus>
		<pulseonselect>false</pulseonselect>
	</default>
	<default type="edit">
		<width>300</width>
		<height>42</height>
		<texturefocus>buttons/focus.png</texturefocus>
		<texturenofocus></texturenofocus>
		<font>FontSize_18</font>
		<textcolor>viewsinfo</textcolor>
		<focusedcolor>white</focusedcolor>
		<disabledcolor>disabled</disabledcolor>
		<shadowcolor>shadowcolor</shadowcolor>
		<invalidcolor>invalid</invalidcolor>
		<textoffsetx>7</textoffsetx>
		<aligny>center</aligny>
		<pulseonselect>false</pulseonselect>
	</default>
</includes>