<?xml version="1.0" encoding="UTF-8"?>
<window>
	<defaultcontrol>5</defaultcontrol>
	<controls>
	 <control type="group">
	  <include>CommonDialogsAnimation</include>
		<visible>!Window.IsActive(VirtualKeyboard) + !Window.IsActive(NumericInput) + !Window.IsActive(OKDialog) + !Window.IsActive(SliderDialog) + !Window.IsActive(SelectDialog) + ![Window.IsActive(FileBrowser) + Window.IsActive(ProfileSettings)] + ![Window.IsActive(FileBrowser) + Window.IsActive(OSDSubtitleSettings)] + ![Window.IsActive(FileBrowser) + !String.IsEmpty(Window(Home).Property(ShowDialog))]</visible>
		<include content="DialogsPanel">
			<param name="group_left" value="344"/>
			<param name="group_top" value="138"/>
			<param name="group_width" value="587"/>
			<param name="body_width" value="587"/>
			<param name="body_height" value="393"/>
			<param name="header_line_width" value="583"/>
			<param name="header_id" value="2"/>
			<param name="header_width" value="565"/>
			<param name="countitems_visible" value="false"/>
		</include>
	  <control type="group" id="10010">
			<left>364</left>
			<top>209</top>
      <visible>![Window.IsActive(contextmenu) + !String.IsEqual(Window(home).Property(Resume),true)]</visible>
			<control type="grouplist" id="5">
				<description>control area</description>
				<left>0</left>
				<top>0</top>
				<width>553</width>
				<height>302</height>
				<itemgap>4</itemgap>
				<onup>5</onup>
				<ondown>5</ondown>
				<onleft>10000</onleft>
				<onright>10000</onright>
			</control>
			<control type="button" id="7">
				<description>Default Button</description>
	      <include>DialogsButton</include>
			</control>
			<control type="radiobutton" id="8">
				<description>Default RadioButton</description>
				<textwidth>500</textwidth>
	      <include>DialogsRadioButton</include>
			</control>
			<control type="spincontrolex" id="9">
				<description>Default spincontrolex</description>
	      <include>DialogsSpincontrolex</include>
			</control>
			<control type="edit" id="12">
				<description>Default Edit</description>
				<include>DialogsButton</include>
			</control>
			<control type="sliderex" id="13">
				<description>Default Slider</description>
	      <include>DialogsSliderex</include>
			</control>
			<control type="image" id="11">
				<description>Default Seperator</description>
				<include>HiddenItem</include>
        <visible>false</visible>
			</control>
			<control type="label" id="14">
				<description>Default Label</description>
				<font>FontSize_18B</font>
				<textoffsety>22</textoffsety>
				<include>DialogsButton</include>
			</control>
	  </control>

    <!-- Control Buttons -->
	  <control type="grouplist" id="10000">
			<left>939</left>
			<top>363</top>
			<height>168</height>
			<onleft>10010</onleft>
			<onright>10010</onright>
			<align>right</align>
			<defaultcontrol always="true">28</defaultcontrol>
  		<control type="button" id="30">
				<description>Clear</description>
	      <include>DialogsButtonsText</include>
    		<texturefocus border="49,0,49,0">dialogs/buttons/settings_focus.png</texturefocus>
    		<texturenofocus border="49,0,49,0">dialogs/buttons/settings_nofocus.png</texturenofocus>
				<label></label>
  		</control>
  		<control type="button" id="29">
				<description>Cancel</description>
	      <include>DialogsButtonsText</include>
    		<texturefocus border="49,0,49,0">dialogs/buttons/cancel_focus.png</texturefocus>
    		<texturenofocus border="49,0,49,0">dialogs/buttons/cancel_nofocus.png</texturenofocus>
				<label></label>
  		</control>
  		<control type="button" id="28">
				<description>Ok</description>
	      <include>DialogsButtonsText</include>
    		<texturefocus border="49,0,49,0">dialogs/buttons/save_focus.png</texturefocus>
    		<texturenofocus border="49,0,49,0">dialogs/buttons/save_nofocus.png</texturenofocus>
				<label></label>
  		</control>
	  </control>
	 </control>
	</controls>
</window>