<?xml version="1.0" encoding="UTF-8"?>
<window>
	<controls>
	<control type="image">
	  <description>Vignette</description>
	  <include>FullscreenDimensions</include>
    <texture background="true">windows/bg/bg_overlay.png</texture>
		<animation effect="fade" time="15000" delay="350" tween="sine" easing="out" reversible="false">WindowOpen</animation>
		<animation effect="fade" time="350" tween="sine" easing="in" reversible="false">WindowClose</animation>
	</control>
	<include content="DialogBusy">
		<param name="left" value="46"/>
		<param name="top" value="643"/>
		<param name="label" value="$INFO[Control.GetLabel(10),,%]"/>
		<param name="colordiffuse" value="$VAR[Textures.GlobalColor]"/>
		<param name="fadelabelOne" value="$LOCALIZE[31006]..."/>
		<param name="fadelabelTwo" value="$LOCALIZE[31007]..."/>
		<param name="animation" value="NotificationsAnimations"/>
	</include>
	<control type="progress" id="10">
		<description>progress control</description>
		<include>HiddenItem</include>
    <visible>false</visible>
	</control>

	</controls>
</window>