<?xml version="1.0" encoding="UTF-8"?>
<window>
	<defaultcontrol>999</defaultcontrol>
	<controls>
		<control type="button" id="999">
			<visible allowhiddenfocus="true">false</visible>
			<onclick>Action(close)</onclick>
			<onleft>Action(close)</onleft>
			<onright>Action(close)</onright>
			<onup>Action(close)</onup>
			<ondown>Action(close)</ondown>
		</control>

		<control type="group">
			<visible>![Window.IsActive(ShutdownMenu) | Window.IsActive(VideoOSD) | Window.IsActive(favourites) | Window.IsActive(OSDVideoSettings) | Window.IsActive(OSDAudioSettings) | Window.IsActive(VideoBookmarks) | Window.IsVisible(PVROSDChannels) | Window.IsVisible(PVRChannelGuide) | Window.IsActive(subtitlesearch) | Window.IsActive(osdcmssettings)]</visible>
      <include>CommonDialogsAnimation</include>
  	  <control type="image">
			  <top>-140</top>
        <include>FullscreenDimensions</include>
  			<texture background="true" flipy="true">windows/home/menu_overlay.png</texture>
  	  </control>
			<control type="grouplist">
				<left>10</left>
				<top>0</top>
				<width>1200</width>
				<height>700</height>
				<itemgap>0</itemgap>
				<control type="group">
					<height>25</height>
					<control type="label">
						<width>200</width>
						<font>FontSize_20</font>
						<textcolor>viewsinfo</textcolor>
						<label>$LOCALIZE[31321]:</label>
					</control>
					<control type="label">
						<left>205</left>
						<width>1000</width>
						<font>FontSize_20</font>
						<textcolor>viewsinfo</textcolor>
						<label>[COLOR=white]$INFO[Player.Process(videodecoder)]$VAR[VideoDecoder, (,)][/COLOR]</label>
					</control>
				</control>
				<control type="group">
					<height>25</height>
					<control type="label">
						<width>200</width>
						<font>FontSize_20</font>
						<textcolor>viewsinfo</textcolor>
						<label>$LOCALIZE[31322]:</label>
					</control>
					<control type="label">
						<left>205</left>
						<width>1000</width>
						<font>FontSize_20</font>
						<textcolor>viewsinfo</textcolor>
						<label>[COLOR=white]$INFO[Player.Process(pixformat)][/COLOR]</label>
					</control>
				</control>
				<control type="group">
					<height>25</height>
					<control type="label">
						<width>200</width>
						<font>FontSize_20</font>
						<textcolor>viewsinfo</textcolor>
						<label>$LOCALIZE[16038]:</label>
					</control>
					<control type="label">
						<left>205</left>
						<width>1000</width>
						<font>FontSize_20</font>
						<textcolor>viewsinfo</textcolor>
						<label>[COLOR=white]$INFO[Player.Process(deintmethod)][/COLOR]</label>
					</control>
				</control>
				<control type="group">
					<height>25</height>
					<control type="label">
						<width>200</width>
						<font>FontSize_20</font>
						<textcolor>viewsinfo</textcolor>
						<label>$LOCALIZE[38031]:</label>
					</control>
					<control type="label">
						<left>205</left>
						<width>1000</width>
						<font>FontSize_20</font>
						<textcolor>viewsinfo</textcolor>
						<label>[COLOR=white]$INFO[Player.Process(videowidth),, x ]$INFO[Player.Process(videoheight),, px]$INFO[Player.Process(videodar), | , AR]$INFO[Player.Process(videofps), | , FPS][/COLOR]</label>
					</control>
				</control>
				<control type="group">
					<height>25</height>
					<control type="label">
						<width>200</width>
						<font>FontSize_20</font>
						<textcolor>viewsinfo</textcolor>
						<label>$LOCALIZE[460]:</label>
					</control>
					<control type="label">
						<left>205</left>
						<width>1000</width>
						<font>FontSize_20</font>
						<textcolor>viewsinfo</textcolor>
						<label>[COLOR=white]$INFO[Player.Process(audiochannels),, | ]$INFO[Player.Process(audiodecoder)]$INFO[Player.Process(audiobitspersample), | , bits]$INFO[Player.Process(audiosamplerate), | , Hz][/COLOR]</label>
					</control>
				</control>
				<control type="grouplist">
					<width>1200</width>
					<height>30</height>
					<itemgap>25</itemgap>
					<orientation>horizontal</orientation>
					<control type="label">
						<width min="150" max="1200">auto</width>
						<font>FontSize_20</font>
						<label>$INFO[System.Memory(used.percent),[COLOR=viewsinfo]$LOCALIZE[31027]: [/COLOR],]</label>
					</control>
					<control type="label">
						<width min="150" max="1200">auto</width>
						<font>FontSize_20</font>
						<label>$INFO[System.CpuUsage,[COLOR=viewsinfo]$LOCALIZE[31323]: [/COLOR]]</label>
					</control>
					<control type="label">
						<width min="150" max="1200">auto</width>
						<font>FontSize_20</font>
						<label>$INFO[Player.CacheLevel,[COLOR=viewsinfo]$LOCALIZE[31324]: [/COLOR],%      ]</label>
					</control>
				</control>
			</control>
		</control>
	</controls>
</window>