<?xml version="1.0" encoding="UTF-8"?>
<window>
	<defaultcontrol>10</defaultcontrol>
	<controls>
		<control type="group">
	    <include>CommonDialogsAnimation</include>
			<visible>!Window.IsActive(VirtualKeyboard) + !Window.IsActive(FileBrowser)</visible>
			<include content="DialogsPanel">
				<param name="group_left" value="310"/>
				<param name="group_top" value="170"/>
				<param name="group_width" value="654"/>
				<param name="body_width" value="654"/>
				<param name="body_height" value="338"/>
				<param name="header_line_width" value="650"/>
				<param name="header_id" value="2"/>
				<param name="header_width" value="644"/>
				<param name="countitems_visible" value="false"/>
			</include>
  		<control type="group" id="10010">
				<left>328</left>
				<top>242</top>
  			<control type="group" id="10020">
  				<control type="panel" id="10">
  					<left>0</left>
  					<top>0</top>
  					<width>460</width>
  					<height>154</height>
  					<onleft>10030</onleft>
  					<onright>10030</onright>
  					<onup>12</onup>
  					<ondown>12</ondown>
  					<scrolltime>200</scrolltime>
  					<itemlayout height="51" width="450">
							<control type="image">
  							<left>0</left>
  							<top>0</top>
  							<width>460</width>
  							<height>47</height>
								<texture border="1">buttons/nofocus.png</texture>
							</control>
  						<control type="label">
  							<left>12</left>
  							<top>0</top>
  							<width>435</width>
  							<height>47</height>
  							<font>FontSize_22</font>
  							<textcolor>viewsinfo</textcolor>
  							<selectedcolor>$VAR[Text.GlobalColor]</selectedcolor>
  							<info>ListItem.Label</info>
  						</control>
  					</itemlayout>
  					<focusedlayout height="51" width="450">
  						<control type="image">
  							<left>0</left>
  							<top>0</top>
  							<width>460</width>
  							<height>47</height>
  							<texture background="true" border="1">buttons/focus.png</texture>
  							<visible>Control.HasFocus(10)</visible>
  						</control>
  						<control type="label">
  							<left>12</left>
  							<top>0</top>
  							<width>435</width>
  							<height>47</height>
  							<font>FontSize_22</font>
  							<selectedcolor>$VAR[Text.GlobalColor]</selectedcolor>
  							<info>ListItem.Label</info>
                <visible>Control.HasFocus(10)</visible>
  						</control>
  						<control type="label">
  							<left>12</left>
  							<top>0</top>
  							<width>435</width>
  							<height>47</height>
  							<font>FontSize_22</font>
  							<textcolor>viewsinfo</textcolor>
  							<selectedcolor>$VAR[Text.GlobalColor]</selectedcolor>
  							<info>ListItem.Label</info>
                <visible>!Control.HasFocus(10)</visible>
  						</control>
  					</focusedlayout>
  				</control>
  				<control type="group" id="10030">
  					<left>464</left>
  					<top>0</top>
  					<control type="button" id="11">
  						<description>Browse Button</description>
  						<left>0</left>
  						<top>0</top>
  						<width>160</width>
  						<onleft>10</onleft>
  						<onright>10000</onright>
  						<onup>12</onup>
  						<ondown>13</ondown>
  						<label>1024</label>
  			      <align>center</align>
  		        <include>DialogsButton</include>
  					</control>
  					<control type="button" id="13">
  						<description>Add Path Button</description>
  						<left>0</left>
  						<top>51</top>
  						<width>160</width>
  						<onleft>10</onleft>
  						<onright>10000</onright>
  						<onup>11</onup>
  						<ondown>14</ondown>
  						<label>15019</label>
  			      <align>center</align>
  		        <include>DialogsButton</include>
  					</control>
  					<control type="button" id="14">
  						<description>Remove Path Button</description>
  						<left>0</left>
  						<top>102</top>
  						<width>160</width>
  						<onleft>10</onleft>
  						<onright>10000</onright>
  						<onup>13</onup>
  						<ondown>12</ondown>
  						<label>1210</label>
  			      <align>center</align>
  		        <include>DialogsButton</include>
  					</control>
  				</control>
  			</control>
  			<control type="label">
  				<description>Name label</description>
  				<left>2</left>
  				<top>176</top>
  				<width>620</width>
  				<height>30</height>
  				<align>left</align>
  				<aligny>center</aligny>
  				<font>FontSize_16B</font>
  				<label>1022</label>
  				<textcolor>disabled</textcolor>
  			</control>
  			<control type="edit" id="12">
  				<description>Name Button</description>
  				<left>0</left>
  				<top>204</top>
  				<width>624</width>
  				<height>47</height>
  				<onup>10020</onup>
  				<ondown>10020</ondown>
  				<onleft>12</onleft>
  				<onright>10000</onright>
  	      <include>DialogsButton</include>
  			</control>
 			</control>

			<!-- Control Buttons -->
			<control type="grouplist" id="10000">
				<left>972</left>
				<top>396</top>
				<height>112</height>
				<onleft>10010</onleft>
				<onright>10010</onright>
				<align>right</align>
				<defaultcontrol always="true">18</defaultcontrol>
				<control type="button" id="19">
					<description>Cancel</description>
			    <include>DialogsButtonsText</include>
					<texturefocus border="49,0,49,0">dialogs/buttons/cancel_focus.png</texturefocus>
					<texturenofocus border="49,0,49,0">dialogs/buttons/cancel_nofocus.png</texturenofocus>
					<label>$LOCALIZE[222]</label>
				</control>
				<control type="button" id="18">
					<description>Save</description>
			    <include>DialogsButtonsText</include>
					<texturefocus border="49,0,49,0">dialogs/buttons/save_focus.png</texturefocus>
					<texturenofocus border="49,0,49,0">dialogs/buttons/save_nofocus.png</texturenofocus>
					<label>$LOCALIZE[190]</label>
          <animation effect="fade" start="100" end="50" time="0" condition="!Control.IsEnabled(18)">Conditional</animation>
				</control>
			</control>
		</control>
	</controls>
</window>
