<?xml version="1.0" encoding="UTF-8"?>
<window>
	<defaultcontrol>61</defaultcontrol>
	<onunload>ClearProperty(ShowTextViewer,Home)</onunload>
	<controls>
		<control type="image">
			<include>FullscreenDimensions</include>
			<texture background="true">windows/bg/bg_overlay.png</texture>
			<include>FanartFade</include>
			<visible>String.IsEqual(Window(Home).Property(ShowTextViewer),2)</visible>
		</control>
		<control type="image">
			<include>FullscreenDimensions</include>
			<texture background="true">windows/bg/bg_overlay_two.png</texture>
			<include>FanartFade</include>
			<visible>String.IsEqual(Window(Home).Property(ShowTextViewer),1)</visible>
		</control>
		<include condition="![String.IsEqual(Window(Home).Property(ShowTextViewer),1) | String.IsEqual(Window(Home).Property(ShowTextViewer),2)]">TextViewerDefault</include>
		<include condition="String.IsEqual(Window(Home).Property(ShowTextViewer),1) | String.IsEqual(Window(Home).Property(ShowTextViewer),2)">TextViewerFS</include>
	</controls>
</window>
