<?xml version="1.0" encoding="UTF-8"?>
<window>
	<defaultcontrol always="true">100</defaultcontrol>
	<controls>
		<control type="button" id="100">
			<include>HiddenItem</include>
			<onfocus>SetFocus(5)</onfocus>
			<animation effect="fade" start="0" end="100" time="0" delay="50">Focus</animation>
		</control>
		<control type="group">
			<include>CommonDialogsAnimation</include>
			<include content="DialogsPanel">
				<param name="group_left" value="344"/>
				<param name="group_top" value="138"/>
				<param name="group_width" value="587"/>
				<param name="body_width" value="587"/>
				<param name="body_height" value="391"/>
				<param name="header_line_width" value="583"/>
				<param name="header_label" value="$LOCALIZE[13406]"/>
				<param name="header_width" value="555"/>
				<param name="countitems_visible" value="false"/>
			</include>
			<control type="list" id="5">
				<left>364</left>
				<top>210</top>
				<width>553</width>
				<height>306</height>
				<onup>5</onup>
				<ondown>5</ondown>
				<onleft>Close</onleft>
				<onright>Close</onright>
				<pagecontrol>60</pagecontrol>
				<scrolltime tween="Cubic" easing="Out">250</scrolltime>
				<itemlayout height="51" width="553">
					<control type="image">
						<left>0</left>
						<top>0</top>
						<width>553</width>
						<height>47</height>
						<texture border="1">buttons/nofocus.png</texture>
					</control>
					<control type="label">
						<left>10</left>
						<top>0</top>
						<width>200</width>
						<height>47</height>
						<font>FontSize_22</font>
						<textcolor>viewsinfo</textcolor>
						<selectedcolor>$VAR[Text.GlobalColor]</selectedcolor>
						<label>$INFO[ListItem.Label]</label>
					</control>
					<control type="label">
						<left>210</left>
						<top>0</top>
						<width>332</width>
						<height>47</height>
						<font>FontSize_22</font>
						<textcolor>viewsinfo</textcolor>
						<selectedcolor>$VAR[Text.GlobalColor]</selectedcolor>
						<align>right</align>
						<label>$INFO[ListItem.Label2]</label>
					</control>
				</itemlayout>
				<focusedlayout height="51" width="553">
					<control type="image">
						<left>0</left>
						<top>0</top>
						<width>553</width>
						<height>47</height>
						<texture>buttons/focus.png</texture>
						<include>ListFocusAnimation</include>
					</control>
					<control type="label">
						<left>10</left>
						<top>0</top>
						<width>200</width>
						<height>47</height>
						<font>FontSize_22</font>
						<selectedcolor>$VAR[Text.GlobalColor]</selectedcolor>
						<label>$INFO[ListItem.Label]</label>
					</control>
					<control type="label">
						<left>210</left>
						<top>0</top>
						<width>332</width>
						<height>47</height>
						<font>FontSize_22</font>
						<selectedcolor>$VAR[Text.GlobalColor]</selectedcolor>
						<align>right</align>
						<label>$INFO[ListItem.Label2]</label>
					</control>
				</focusedlayout>
			</control>
		</control>
	</controls>
</window>