<?xml version="1.0" encoding="UTF-8"?>
<window>
	<controls>
		<control type="group">
		  <left>45</left>
			<top>645</top>
			<visible>!Window.IsActive(ShutdownMenu) + !Window.IsVisible(Startup)</visible>
		  <include>NotificationsAnimations</include>
			<control type="group">
				<right>0</right>
				<width>723</width>
				<control type="label" id="401">
			    <description>Heading</description>
					<width>625</width>
					<height>24</height>
					<font>NotificationsFont</font>
			    <align>right</align>
					<scroll>false</scroll>
			    <label/>
	        <animation effect="slide" end="0,10" condition="String.IsEmpty(Control.GetLabel(402))">Conditional</animation>
				</control>
				<control type="label" id="402">
			    <description>Message</description>
				  <top>20</top>
					<width>625</width>
					<height>25</height>
					<font>NotificationsFont</font>
					<textcolor>viewsinfo</textcolor>
			    <align>right</align>
					<scroll>false</scroll>
			    <label/>
				</control>
				<control type="image" id="400">
					<description>Icon</description>
					<left>630</left>
				  <top>0</top>
					<width>46</width>
					<height>46</height>
				  <texture background="true" diffuse="icons/notification_diffuse.png"/>
				</control>
				<control type="image">
					<left>630</left>
				  <top>0</top>
					<width>46</width>
					<height>46</height>
				  <texture background="true" diffuse="icons/notification_diffuse.png">DefaultIconInfo.png</texture>
		      <visible>String.IsEmpty(Control.GetLabel(400))</visible>
				</control>
			  <control type="image">
					<left>630</left>
				  <top>0</top>
					<width>46</width>
					<height>46</height>
					<colordiffuse>$VAR[Textures.GlobalColor]</colordiffuse>
		      <texture background="true">icons/notification_panel.png</texture>
		      <visible>String.Contains(Control.GetLabel(400),icon.png) | String.EndsWith(Control.GetLabel(400),.jpg)</visible>
			  </control>
			</control>
		</control>
	</controls>
</window>