<?xml version="1.0" encoding="UTF-8"?>
<window>
	<defaultcontrol></defaultcontrol>
	<!--
  <onload condition="Library.IsScanningVideo + !Skin.HasSetting(AutoUpdateArt.Enabled)">SetProperty(AutoUpdateArt,1)</onload>
  <onunload condition="!String.IsEmpty(Window.Property(AutoUpdateArt)) + !Skin.HasSetting(AutoUpdateArt.Enabled)">RunScript(script.artwork.downloader,mode=custom,silent=true,landscape,clearlogo,clearart,banner,discart)</onunload>
  <onunload condition="!String.IsEmpty(Window.Property(AutoUpdateArt)) + !Skin.HasSetting(AutoUpdateArt.Enabled)">ClearProperty(AutoUpdateArt)</onunload>
  -->
	<controls>

	 <control type="group">
	  <left>40</left>
		<top>640</top>
	  <include>NotificationsAnimations</include>
	  <include>KaiToastSlideAnimations</include>
    <visible>!Window.IsActive(ShutdownMenu) + !Window.IsVisible(startup) + !Window.IsVisible(LoginScreen)</visible>
	  <animation type="Conditional" reversible="false" condition="![Window.IsActive(fullscreenvideo) | Window.IsActive(visualisation)]">
      <effect type="fade" start="0" end="100" time="400" delay="250" tween="sine" easing="in"  />
      <effect type="slide" start="0,55" end="0,0" time="450" delay="250" tween="cubic" easing="out" />
	  </animation>
	  <animation type="Conditional" reversible="false" condition="Window.IsActive(fullscreenvideo) | Window.IsActive(visualisation)">
      <effect type="fade" start="100" end="0"/>
	  </animation>
		<control type="grouplist">
		  <left>0</left>
			<top>0</top>
			<height>60</height>
			<width>1195</width>
			<align>right</align>
			<aligny>center</aligny>
			<itemgap>10</itemgap>
			<orientation>horizontal</orientation>
			<control type="group">
				<width>640</width>
				<control type="label" id="30">
				  <description>Header</description>
		  		<left>0</left>
					<top>4</top>
					<height>25</height>
					<width>640</width>
					<font>NotificationsFont</font>
			    <align>right</align>
					<scroll>false</scroll>
				</control>
				<control type="label" id="31">
				  <description>Title</description>
		  		<left>0</left>
					<top>25</top>
					<height>25</height>
					<width>640</width>
					<font>NotificationsFont</font>
					<textcolor>viewsinfo</textcolor>
			    <align>right</align>
					<scroll>false</scroll>
				</control>
			</control>
			<!-- DISABLED
			<control type="group">
				<width>15</width>
				<control type="image">
					<left>8</left>
					<top>8</top>
					<width>1</width>
					<height>40</height>
					<colordiffuse>viewsinfo</colordiffuse>
					<texture>windows/bg/white.png</texture>
				</control>
			</control>
			-->
			<control type="label" id="1">
				<height>53</height>
				<width min="0" max="135">auto</width>
				<font>FontSize_50</font>
				<scroll>false</scroll>
				<label>$INFO[Control.GetLabel(32),,%]</label>
			</control>
		</control>
		<control type="progress" id="32">
			<description>progress control</description>
			<include>HiddenItem</include>
      <visible>false</visible>
		</control>
	 </control>
	</controls>
</window>
