<?xml version="1.0" encoding="UTF-8"?>
<window>
	<defaultcontrol always="true">50</defaultcontrol>
  <menucontrol>9000</menucontrol>
	<views>50</views>
	<controls>
		<include>BackgroundItemsPVR</include>

		<control type="group">
			<description>Recordings</description>
			<visible>Control.IsVisible(50)</visible>
			<include>FullscreenDimensions</include>
			<include>InfoDialogsVisible_ZoomAnimation</include>
			<include>VisibleHiddenSlideAnimation</include>
			<include>HomeMenu_OpenCloseSlideAnimation</include>
			<include>SearchTopInfo</include>
			<control type="group">
				<left>35</left>
				<top>290</top>
				<include>RecordingsSeperators</include>
			</control>
			<control type="list" id="50">
				<left>35</left>
				<top>290</top>
				<width>1200</width>
				<height>350</height>
				<onleft>132</onleft>
				<onright>60</onright>
				<onup>50</onup>
				<ondown>50</ondown>
				<preloaditems>2</preloaditems>
				<viewtype label="537">list</viewtype>
				<pagecontrol>60</pagecontrol>
				<scrolltime tween="cubic" easing="out">300</scrolltime>
				<itemlayout height="50">
					<control type="group">
						<control type="image">
							<left>15</left>
							<top>5</top>
							<width>50</width>
							<height>35</height>
							<aspectratio>scale</aspectratio>
							<texture background="true" colordiffuse="viewsinfo">$INFO[ListItem.Icon]</texture>
						</control>
						<control type="image">
							<left>83</left>
							<top>14</top>
							<width>18</width>
							<height>18</height>
							<texture background="true" colordiffuse="viewsinfo">overlays/unwatched/list/UnWatched.png</texture>
							<visible>String.IsEqual(ListItem.Overlay,OverlayUnWatched.png)</visible>
						</control>
						<control type="label">
							<left>85</left>
							<top>0</top>
							<width>715</width>
							<height>45</height>
							<font>FontSize_22</font>
							<textcolor>viewsinfo</textcolor>
							<selectedcolor>$VAR[Text.GlobalColor]</selectedcolor>
							<label>$INFO[ListItem.Label]</label>
							<animation effect="slide" start="0,0" end="25,0" time="0" tween="sine" easing="inout" condition="String.IsEqual(ListItem.Overlay,OverlayUnWatched.png)">Conditional</animation>
						</control>
						<control type="label">
							<left>868</left>
							<top>0</top>
							<width>322</width>
							<height>45</height>
							<font>FontSize_22</font>
							<textcolor>viewsinfo</textcolor>
							<selectedcolor>$VAR[Text.GlobalColor]</selectedcolor>
							<align>center</align>
							<label>$VAR[PVRRecordingsListLabel2]</label>
						</control>
					</control>
				</itemlayout>
				<focusedlayout height="50">
					<control type="group">
						<include>PVRListFocusAnimation</include>
						<include content="ListSeperatorFocus">
							<param name="left" value="10"/>
							<param name="width" value="60"/>
							<param name="color" value="$VAR[Textures.GlobalColor]"/>
						</include>
						<include content="ListSeperatorFocus">
							<param name="left" value="74"/>
							<param name="width" value="780"/>
							<param name="color" value="$VAR[Textures.GlobalColor]"/>
						</include>
						<include content="ListSeperatorFocus">
							<param name="left" value="858"/>
							<param name="width" value="342"/>
							<param name="color" value="$VAR[Textures.GlobalColor]"/>
						</include>
						<control type="image">
							<left>15</left>
							<top>5</top>
							<width>50</width>
							<height>35</height>
							<aspectratio>scale</aspectratio>
							<texture background="true">$INFO[ListItem.Icon]</texture>
						</control>
						<control type="image">
							<left>83</left>
							<top>14</top>
							<width>18</width>
							<height>18</height>
							<texture background="true">overlays/unwatched/list/UnWatched.png</texture>
							<visible>String.IsEqual(ListItem.Overlay,OverlayUnWatched.png)</visible>
						</control>
						<control type="label">
							<left>85</left>
							<top>0</top>
							<width>715</width>
							<height>45</height>
							<font>FontSize_22</font>
							<selectedcolor>$VAR[Text.GlobalColor]</selectedcolor>
							<label>$INFO[ListItem.Label]</label>
							<animation effect="slide" start="0,0" end="25,0" time="0" tween="sine" easing="inout" condition="String.IsEqual(ListItem.Overlay,OverlayUnWatched.png)">Conditional</animation>
						</control>
						<control type="label">
							<left>868</left>
							<top>0</top>
							<width>322</width>
							<height>45</height>
							<font>FontSize_22</font>
							<selectedcolor>$VAR[Text.GlobalColor]</selectedcolor>
							<align>center</align>
							<label>$VAR[PVRRecordingsListLabel2]</label>
						</control>
					</control>
				</focusedlayout>
			</control>
			<include>PVROScrollbar</include>
		</control>

		<control type="button" id="10">
			<description>All/Watched/Unwatched Toggle</description>
			<visible>false</visible>
		</control>

		<include>CommonItemsPVR</include>

	</controls>
</window>
