<?xml version="1.0" encoding="UTF-8"?>
<window>
	<defaultcontrol></defaultcontrol>
	<controls>
	  <control type="image" id="1">
	    <description>Icon</description>
	    <left>0</left>
	    <top>0</top>
	    <width>58</width>
	    <height>58</height>
	    <texture>dialogs/mouse/mouse_not_supported.png</texture>
	    <!-- <animation effect="fade" start="65" end="100" time="1000" tween="sine" easing="in" pulse="true" condition="true">Conditional</animation> -->
	  </control>
	  <control type="image" id="2">
	    <description>Icon</description>
	    <left>0</left>
	    <top>0</top>
	    <width>58</width>
	    <height>58</height>
	    <texture>dialogs/mouse/mouse_not_supported.png</texture>
	    <!-- <animation effect="fade" start="65" end="100" time="1000" tween="sine" easing="in" pulse="true" condition="true">Conditional</animation> -->
	  </control>
	  <control type="image" id="3">
	    <description>Icon</description>
	    <left>0</left>
	    <top>0</top>
	    <width>58</width>
	    <height>58</height>
	    <texture>dialogs/mouse/mouse_not_supported.png</texture>
	    <!-- <animation effect="fade" start="65" end="100" time="1000" tween="sine" easing="in" pulse="true" condition="true">Conditional</animation> -->
	  </control>
	  <control type="image" id="4">
	    <description>Icon</description>
	    <left>0</left>
	    <top>0</top>
	    <width>58</width>
	    <height>58</height>
	    <texture>dialogs/mouse/mouse_not_supported.png</texture>
	    <!-- <animation effect="fade" start="65" end="100" time="1000" tween="sine" easing="in" pulse="true" condition="true">Conditional</animation> -->
	  </control>
	</controls>
</window>