<?xml version="1.0" encoding="UTF-8"?>
<window>
	<defaultcontrol always="true">10</defaultcontrol>
	<controls>

	<control type="group">
		<visible>!Window.IsActive(virtualkeyboard) + !Window.IsActive(numericinput) + !Window.IsActive(DialogConfirm.xml)</visible>
		<include>CommonDialogsAnimation</include>
		<include content="DialogsPanel">
			<param name="group_left" value="308"/>
			<param name="group_top" value="246"/>
			<param name="group_width" value="658"/>
			<param name="body_width" value="658"/>
			<param name="body_height" value="238"/>
			<param name="header_line_width" value="654"/>
			<param name="header_id" value="2"/>
			<param name="header_width" value="620"/>
			<param name="countitems_visible" value="false"/>
		</include>
		<control type="label" id="4">
			<description>List label</description>
			<font></font>
			<visible>false</visible>
		</control>

		<control type="group" id="10010">
		 <control type="list" id="10">
			<description>Feeds List Control</description>
			<left>328</left>
			<top>317</top>
			<width>460</width>
			<height>154</height>
			<onup>10</onup>
			<ondown>10</ondown>
			<onleft>10000</onleft>
			<onright>10020</onright>
			<scrolltime>200</scrolltime>
			<itemlayout height="51" width="460">
				<control type="image">
					<left>0</left>
					<top>0</top>
					<width>460</width>
					<height>47</height>
					<texture border="1">buttons/nofocus.png</texture>
				</control>
				<control type="label">
					<left>10</left>
					<top>-1</top>
					<width>440</width>
					<height>47</height>
					<font>FontSize_22</font>
					<textcolor>viewsinfo</textcolor>
					<selectedcolor>$VAR[Text.GlobalColor]</selectedcolor>
					<info>ListItem.Label</info>
				</control>
			</itemlayout>
			<focusedlayout height="51" width="460">
				<control type="image">
					<left>0</left>
					<top>0</top>
					<width>460</width>
					<height>47</height>
					<texture border="1">buttons/nofocus.png</texture>
				</control>
				<control type="image">
					<left>0</left>
					<top>0</top>
					<width>460</width>
					<height>47</height>
					<texture>buttons/focus.png</texture>
					<visible>Control.HasFocus(10)</visible>
			  </control>
				<control type="label">
					<left>10</left>
					<top>-1</top>
					<width>440</width>
					<height>47</height>
					<font>FontSize_22</font>
					<selectedcolor>$VAR[Text.GlobalColor]</selectedcolor>
					<info>ListItem.Label</info>
					<visible>Control.HasFocus(10)</visible>
				</control>
				<control type="label">
					<left>10</left>
					<top>-1</top>
					<width>440</width>
					<height>47</height>
					<font>FontSize_22</font>
					<textcolor>viewsinfo</textcolor>
					<selectedcolor>$VAR[Text.GlobalColor]</selectedcolor>
					<info>ListItem.Label</info>
					<visible>!Control.HasFocus(10)</visible>
				</control>
			</focusedlayout>
		 </control>
	
		 <control type="group" id="10020">
			<left>792</left>
			<top>317</top>
			<control type="button" id="13">
				<description>Add Button</description>
				<top>0</top>
				<width>160</width>
				<onup>11</onup>
				<ondown>14</ondown>
				<onleft>10</onleft>
				<onright>10000</onright>
				<label>$LOCALIZE[15019]</label>
	      <align>center</align>
        <include>DialogsButton</include>
			</control>
			<control type="button" id="14">
				<description>Remove Button</description>
				<top>51</top>
				<width>160</width>
				<onup>13</onup>
				<ondown>11</ondown>
				<onleft>10</onleft>
				<onright>10000</onright>
				<label>$LOCALIZE[1210]</label>
	      <align>center</align>
        <include>DialogsButton</include>
			</control>
			<control type="button" id="11">
				<description>Change Set Button</description>
				<top>102</top>
				<width>160</width>
				<onup>14</onup>
				<ondown>13</ondown>
				<onleft>10</onleft>
				<onright>10000</onright>
	      <align>center</align>
        <include>DialogsButton</include>
				<onclick>PreviousMenu</onclick>
			</control>
		 </control>
		</control>

    <!-- Control Buttons -->
	  <control type="grouplist" id="10000">
			<left>974</left>
			<top>371</top>
			<height>112</height>
			<onleft>10010</onleft>
			<onright>10010</onright>
			<align>right</align>
			<defaultcontrol always="true">18</defaultcontrol>
  		<control type="button" id="19">
				<description>Cancel</description>
	      <include>DialogsButtonsText</include>
    		<texturefocus border="49,0,49,0">dialogs/buttons/cancel_focus.png</texturefocus>
    		<texturenofocus border="49,0,49,0">dialogs/buttons/cancel_nofocus.png</texturenofocus>
				<label>$LOCALIZE[222]</label>
  		</control>
  		<control type="button" id="18">
				<description>OK</description>
	      <include>DialogsButtonsText</include>
    		<texturefocus border="49,0,49,0">dialogs/buttons/save_focus.png</texturefocus>
    		<texturenofocus border="49,0,49,0">dialogs/buttons/save_nofocus.png</texturenofocus>
				<label>$LOCALIZE[186]</label>
  		</control>
	  </control>
	</control>

	</controls>
</window>