<?xml version="1.0" encoding="UTF-8"?>
<window>
	<defaultcontrol always="true">95</defaultcontrol>
	<backgroundcolor>bgcolor</backgroundcolor>
	<controls>
		<include>BackgroundItems</include>

		<control type="group">
			<include>CommonViews_VerticalAnimation</include>
			<include>VisibleHiddenSlideAnimation</include>
			<include>InfoDialogsVisible_ZoomAnimation</include>
			<include content="SettingsPanel">
				<param name="seperators" value="windows/settings/systeminfo_separators.png"/>
			</include>

			<control type="group">
				<left>96</left>
				<top>145</top>
				<control type="grouplist" id="9001">
					<left>0</left>
					<top>0</top>
					<width>295</width>
					<height>400</height>
					<itemgap>0</itemgap>
					<onleft>noop</onleft>
					<onright condition="Control.HasFocus(100)">60</onright>
					<onup>9001</onup>
					<ondown>9001</ondown>
					<control type="button" id="95">
						<description>Summary</description>
						<include>SettingsButtonLeft</include>
						<label>20037</label>
					</control>
					<control type="button" id="94">
						<description>Storage</description>
						<include>SettingsButtonLeft</include>
						<label>13277</label>
					</control>
					<control type="button" id="96">
						<description>Network</description>
						<include>SettingsButtonLeft</include>
						<label>13279</label>
					</control>
					<control type="button" id="97">
						<description>Video</description>
						<include>SettingsButtonLeft</include>
						<label>13280</label>
					</control>
					<control type="button" id="98">
						<description>Button Hardware</description>
						<include>SettingsButtonLeft</include>
						<label>13281</label>
					</control>
					<control type="button" id="99">
						<description>PVR</description>
						<include>SettingsButtonLeft</include>
						<label>19191</label>
					</control>
					<control type="button" id="100">
						<description>Privacy Policy</description>
						<include>SettingsButtonLeft</include>
						<label>12389</label>
					</control>
				</control>
				<control type="grouplist">
					<left>317</left>
					<top>5</top>
					<width>782</width>
					<height>400</height>
					<itemgap>0</itemgap>
					<visible>!Control.HasFocus(200) + !Control.HasFocus(210)</visible>
					<control type="label" id="2">
						<description>Label 2</description>
						<width>762</width>
						<height>38</height>
						<font>FontSize_22</font>
						<textcolor>viewsinfo</textcolor>
						<label/>
					</control>
					<control type="label" id="3">
						<description>Label 3</description>
						<width>762</width>
						<height>38</height>
						<font>FontSize_22</font>
						<textcolor>viewsinfo</textcolor>
						<label/>
					</control>
					<control type="label" id="4">
						<description>Label 4</description>
						<width>762</width>
						<height>38</height>
						<font>FontSize_22</font>
						<textcolor>viewsinfo</textcolor>
						<label/>
					</control>
					<control type="label" id="5">
						<description>Label 5</description>
						<width>762</width>
						<height>38</height>
						<font>FontSize_22</font>
						<textcolor>viewsinfo</textcolor>
						<align>left</align>
						<aligny>center</aligny>
						<label></label>
					</control>
					<control type="label" id="6">
						<description>Label 6</description>
						<width>762</width>
						<height>38</height>
						<font>FontSize_22</font>
						<textcolor>viewsinfo</textcolor>
						<label/>
					</control>
					<control type="label" id="7">
						<description>Label 7</description>
						<width>762</width>
						<height>38</height>
						<font>FontSize_22</font>
						<textcolor>viewsinfo</textcolor>
						<label/>
					</control>
					<control type="label" id="8">
						<description>Label 8</description>
						<width>762</width>
						<height>38</height>
						<font>FontSize_22</font>
						<textcolor>viewsinfo</textcolor>
						<label/>
					</control>
					<control type="label" id="9">
						<description>Label 9</description>
						<width>762</width>
						<height>38</height>
						<font>FontSize_22</font>
						<textcolor>viewsinfo</textcolor>
						<label/>
					</control>
					<control type="label" id="10">
						<description>Label 10</description>
						<width>762</width>
						<height>38</height>
						<font>FontSize_22</font>
						<textcolor>viewsinfo</textcolor>
						<label/>
					</control>
					<control type="label" id="11">
						<description>Label 11</description>
						<width>762</width>
						<height>38</height>
						<font>FontSize_22</font>
						<textcolor>viewsinfo</textcolor>
						<label/>
					</control>
				</control>
				<!-- Privacy Policy -->
				<control type="textbox" id="30">
					<left>317</left>
					<top>10</top>
					<width>770</width>
					<height>382</height>
					<font>FontSize_22</font>
					<textcolor>viewsinfo</textcolor>
					<pagecontrol>60</pagecontrol>
					<autoscroll time="2000" delay="10000" repeat="10000"/>
				</control>
				<control type="scrollbar" id="60">
					<left>1098</left>
					<top>-1</top>
					<width>5</width>
					<height>402</height>
					<texturesliderbackground></texturesliderbackground>
					<texturesliderbar colordiffuse="viewsinfo" border="4,2,0,2">views/scrollbar/scrollbar_pvr.png</texturesliderbar>
					<texturesliderbarfocus colordiffuse="viewsinfo" border="4,2,0,2">views/scrollbar/scrollbar_pvr.png</texturesliderbarfocus>
					<textureslidernib></textureslidernib>
					<textureslidernibfocus></textureslidernibfocus>
					<onleft>100</onleft>
					<showonepage>false</showonepage>
					<orientation>vertical</orientation>
					<animation effect="fade" start="100" end="0" time="250" condition="!Control.HasFocus(60)">Conditional</animation>
				</control>
			</control>

			<include content="SettingsHeaderAndFooter">
				<param name="settings_label" value="$LOCALIZE[19033]"/>
				<param name="description_label" value="$INFO[Control.Getlabel(52)]"/>
			</include>
			<control type="label">
				<description>CPU Usage</description>
				<left>98</left>
				<top>550</top>
				<width>1090</width>
				<height>38</height>
				<textcolor>disabled</textcolor>
				<font>TextboxFont_18B</font>
				<align>right</align>
				<label>$INFO[System.CPUUsage,$LOCALIZE[31323]: ]</label>
			</control>
			<control type="label">
				<description>Memory Usage</description>
				<left>98</left>
				<top>570</top>
				<width>1090</width>
				<height>38</height>
				<textcolor>disabled</textcolor>
				<font>TextboxFont_18B</font>
				<align>right</align>
				<label>$INFO[System.Memory(used.percent),$LOCALIZE[31027]: ]</label>
			</control>
		</control>

		<control type="label" id="40">
			<visible>false</visible>
		</control>
		<control type="label" id="52">
			<visible>false</visible>
		</control>

		<include>CommonDialogsFadeOutBG</include>
		<include>CommonNowPlaying</include>
		<include>SettingsCategoryContentInfo</include>
		<include>SettingsWeatherAndClock</include>
	</controls>
</window>
