<?xml version="1.0" encoding="UTF-8"?>
<window>
	<defaultcontrol>3</defaultcontrol>
  <menucontrol>9000</menucontrol>
	<backgroundcolor>bgcolor</backgroundcolor>
	<onload condition="!Skin.HasSetting(FirstTimeSettings)">Skin.SetString(LogoThumb,1)</onload>
	<controls>
		<include>BackgroundItems</include>

		<control type="group">
			<include>CommonViews_VerticalAnimation</include>
			<include>VisibleHiddenSlideAnimation</include>
			<include>InfoDialogsVisible_ZoomAnimation</include>
			<include content="SettingsPanel">
				<param name="seperators" value="windows/settings/settings_separators.png"/>
			</include>
			<control type="button" id="10">
				<description>Default Category Button</description>
				<include>SettingsButtonLeft</include>
			</control>
			<control type="button" id="7">
				<description>Default Button</description>
				<include>SettingsButton</include>
			</control>
			<control type="radiobutton" id="8">
				<description>Default RadioButton</description>
				<include>SettingsRadioButton</include>
			</control>
			<control type="spincontrolex" id="9">
				<description>Default SpinControlex</description>
				<include>SettingsSpincontrolex</include>
			</control>
			<control type="sliderex" id="13">
				<include>SettingsSliderex</include>
			</control>
			<control type="colorbutton" id="15">
				<description>Default ColorButton</description>
				<include>SettingsButton</include>
			</control>
			<control type="label" id="14">
				<description>Default Label</description>
				<font>FontSize_20B</font>
				<include>SettingsButton</include>
			</control>

			<control type="group" id="9001">
				<left>96</left>
				<top>145</top>
				<control type="grouplist" id="3">
					<description>button area</description>
					<left>0</left>
					<top>0</top>
					<width>295</width>
					<height>400</height>
					<itemgap>0</itemgap>
					<onleft condition="Skin.HasSetting(EnableKioskMode)">3</onleft>
					<onleft condition="!Skin.HasSetting(EnableKioskMode)">9000</onleft>
					<onright>5</onright>
					<onup>3</onup>
					<ondown>3</ondown>
				</control>
				<control type="grouplist" id="5">
					<description>control area</description>
					<left>307</left>
					<top>0</top>
					<width>784</width>
					<height>400</height>
					<itemgap>0</itemgap>
					<onleft>3</onleft>
					<onright>3</onright>
					<onup>5</onup>
					<ondown>5</ondown>
					<pagecontrol>605</pagecontrol>
				</control>
				<control type="scrollbar" id="605">
					<left>1098</left>
					<top>-1</top>
					<width>5</width>
					<height>402</height>
					<texturesliderbackground></texturesliderbackground>
					<texturesliderbar colordiffuse="viewsinfo" border="4,2,0,2">views/scrollbar/scrollbar_pvr.png</texturesliderbar>
					<texturesliderbarfocus colordiffuse="viewsinfo" border="4,2,0,2">views/scrollbar/scrollbar_pvr.png</texturesliderbarfocus>
					<textureslidernib></textureslidernib>
					<textureslidernibfocus></textureslidernibfocus>
					<onleft>5</onleft>
					<onright>5</onright>
					<showonepage>false</showonepage>
					<orientation>vertical</orientation>
					<animation effect="fade" start="100" end="0" time="250" condition="!ControlGroup(5).HasFocus()">Conditional</animation>
				</control>
			</control>

			<include content="SettingsHeaderAndFooter">
				<param name="settings_label" value="$LOCALIZE[5]"/>
				<param name="description_label" value="$INFO[Control.Getlabel(6)]"/>
			</include>
		</control>

		<control type="button" id="20">
			<description>Settings Level Button</description>
			<visible>false</visible>
		</control>
		<control type="label" id="2">
			<description>Hidden label to get the values</description>
			<visible>false</visible>
		</control>
		<control type="label" id="6">
			<description>Hidden label to get the values</description>
			<visible>false</visible>
		</control>

		<include>CommonDialogsFadeOutBG</include>
		<include>CommonNowPlaying</include>
		<include>SettingsCategoryContentInfo</include>
		<include>SettingsWeatherAndClock</include>
	</controls>
</window>
