<?xml version="1.0" encoding="UTF-8"?>
<window>
	<defaultcontrol>8</defaultcontrol>
	<controls>

		<control type="videowindow" id="20">
			<include>FullscreenDimensions</include>
			<visible>Player.HasVideo</visible>
		</control>
		<control type="image">
			<description>Overlay</description>
			<include>FullscreenDimensions</include>
			<texture background="true">windows/bg/bg_overlay.png</texture>
			<include>OpenCloseFadeEffect</include>
			<visible>Player.HasVideo</visible>
		</control>
		<control type="image">
			<description>Grid 720</description>
			<include>FullscreenDimensions</include>
			<texture background="true">dialogs/calibrate/720grid.png</texture>
			<include>OpenCloseFadeEffect</include>
			<visible>!Player.HasVideo</visible>
		</control>

		<control type="group">
			<include>OpenCloseFadeEffect</include>
			<control type="mover" id="8">
				<description>top left mover</description>
				<left>0</left>
				<top>0</top>
				<width>128</width>
				<height>128</height>
				<texturefocus colordiffuse="$VAR[Textures.GlobalColor]">dialogs/calibrate/calibrate_top.png</texturefocus>
				<texturenofocus>dialogs/calibrate/calibrate_top.png</texturenofocus>
				<movingspeed acceleration="180" maxvelocity="300" resettimeout="200" delta="1">
					<eventconfig type="up" />
					<eventconfig type="down" />
					<eventconfig type="left" />
					<eventconfig type="right" />
				</movingspeed>
			</control>
			<control type="mover" id="9">
				<description>right bottom mover</description>
				<left>700</left>
				<top>500</top>
				<width>128</width>
				<height>128</height>
				<texturefocus colordiffuse="$VAR[Textures.GlobalColor]">dialogs/calibrate/calibrate_bottom.png</texturefocus>
				<texturenofocus>dialogs/calibrate/calibrate_bottom.png</texturenofocus>
				<movingspeed acceleration="180" maxvelocity="300" resettimeout="200" delta="1">
					<eventconfig type="up" />
					<eventconfig type="down" />
					<eventconfig type="left" />
					<eventconfig type="right" />
				</movingspeed>
			</control>
			<control type="mover" id="10">
				<description>subtitle position mover</description>
				<left>200</left>
				<top>500</top>
				<width>512</width>
				<height>90</height>
				<texturefocus colordiffuse="$VAR[Textures.GlobalColor]">dialogs/calibrate/calibrate_subtitles.png</texturefocus>
				<texturenofocus>dialogs/calibrate/calibrate_subtitles.png</texturenofocus>
				<movingspeed acceleration="180" maxvelocity="300" resettimeout="200" delta="1">
					<eventconfig type="up" />
					<eventconfig type="down" />
				</movingspeed>
			</control>
			<control type="resize" id="11">
				<description>pixel aspect ratio box</description>
				<left>0</left>
				<top>0</top>
				<width>512</width>
				<height>512</height>
				<texturefocus colordiffuse="$VAR[Textures.GlobalColor]">dialogs/calibrate/calibrate_ratio.png</texturefocus>
				<texturenofocus>dialogs/calibrate/calibrate_ratio.png</texturenofocus>
				<movingspeed acceleration="140" maxvelocity="300" resettimeout="180" delta="1">
					<eventconfig type="left" />
					<eventconfig type="right" />
				</movingspeed>
			</control>
			<control type="mover" id="12">
				<left>0</left>
				<top>0</top>
				<width>128</width>
				<height>128</height>
				<texturefocus colordiffuse="$VAR[Textures.GlobalColor]">dialogs/calibrate/reset_fo.png</texturefocus>
				<texturenofocus>dialogs/calibrate/reset_nf.png</texturenofocus>
			</control>
		</control>

		<control type="group">
			<left>0</left>
			<top>20</top>
			<include>OpenCloseFadeEffect</include>
			<control type="label">
				<description>coordinates label</description>
				<left>0</left>
				<top>0</top>
				<width>100%</width>
				<font>FontSize_50</font>
				<align>center</align>
				<label>$LOCALIZE[214]</label>
			</control>
			<control type="label" id="2">
				<description>coordinates label</description>
				<left>0</left>
				<top>40</top>
				<width>100%</width>
				<textcolor>viewsinfo</textcolor>
				<font>FontSize_22</font>
				<align>center</align>
				<label />
			</control>
			<control type="label" id="3">
				<description>help information</description>
				<left>0</left>
				<top>82</top>
				<width>100%</width>
				<height>35</height>
				<textcolor>viewsinfo</textcolor>
				<font>TextboxFont_22</font>
				<align>center</align>
				<label />
			</control>
			<control type="label" id="4">
				<description>help information</description>
				<left>0</left>
				<top>123</top>
				<width>100%</width>
				<textcolor>viewsinfo</textcolor>
				<font>FontSize_22B</font>
				<align>center</align>
				<label />
			</control>
		</control>
	</controls>
</window>