<?xml version="1.0" encoding="UTF-8"?>
<window>
	<controls>
		<control type="group" id="13">
			<left>1165</left>
			<top>30</top>
			<animation type="Conditional" condition="Slideshow.IsPaused + Slideshow.IsActive">
				<effect type="fade" time="300" delay="8000" start="100" easing="in" end="0"/>
			</animation>
			<animation type="Conditional" condition="!Slideshow.IsPaused + Slideshow.IsActive">
				<effect type="fade" time="300" start="100" easing="out" end="0"/>
			</animation>
			<control type="image" id="13">
				<width>72</width>
				<height>72</height>
				<texture background="true">icons/slideshow_pause.png</texture>
			</control>
		</control>
		<!-- Now Playing -->
		<control type="group">
			<left>45</left>
			<top>520</top>
			<visible>Player.HasAudio</visible>
			<include>InfoDialogs_ContentInfoAnimation</include>
			<animation type="WindowOpen">
				<effect type="slide" start="-150,0" end="0,0" time="750" delay="0" tween="sine" easing="out" />
				<effect type="fade" start="0" end="100" time="550" delay="0" tween="sine" easing="out" />
			</animation>
			<animation type="WindowClose">
				<effect type="slide" start="0,0" end="-200,0" time="900" delay="200" tween="sine" easing="out" />
				<effect type="fade" start="100" end="0" time="550" delay="200" tween="sine" easing="out" />
			</animation>
			<animation type="Visible">
				<effect type="slide" start="-150,0" end="0,0" time="750" delay="500" tween="sine" easing="out" />
				<effect type="fade" start="0" end="100" time="550" delay="500" tween="sine" easing="out" />
			</animation>
			<animation type="Hidden">
				<effect type="slide" start="0,0" end="-200,0" time="900" delay="200" tween="sine" easing="out" />
				<effect type="fade" start="100" end="0" time="550" delay="200" tween="sine" easing="out" />
			</animation>
			<include>PlayerSquare</include>
			<control type="group">
				<left>180</left>
				<top>40</top>
				<include content="OSDPlayerTitleLabel">
					<param name="height" value="50"/>
					<param name="width" value="1000"/>
					<param name="label" value="$VAR[PlayerTitleLabel]"/>
				</include>
				<include content="OSDPlayerSubLabel">
					<param name="width" value="1000"/>
					<param name="label" value="$VAR[PlayerSubLabel]"/>
				</include>
				<include content="OSDPlayerTime">
					<param name="top" value="65"/>
					<param name="font" value="FontSize_34"/>
				</include>
			</control>
		</control>
	</controls>
</window>