<?xml version="1.0" encoding="UTF-8"?>
<window>
	<backgroundcolor>bgcolor</backgroundcolor>
	<onload>SetProperty(SmoothStart,True,Home)</onload>
	<onload condition="!Skin.HasSetting(FirstTimeSettings)">Skin.SetString(LogoThumb,1)</onload>
	<onload condition="!Skin.HasSetting(FirstTimeSettings)">Skin.SetString(AutoplayTrailerDelay,5)</onload>
	<onload condition="!Skin.HasSetting(FirstTimeSettings)">Skin.SetBool(QuickNavWidgetItems)</onload>
	<onload condition="!Skin.HasSetting(FirstTimeSettings)">Skin.SetBool(QuickNavWidgetMoviesNone)</onload>
	<onload condition="!Skin.HasSetting(FirstTimeSettings)">Skin.SetBool(QuickNavWidgetTVShowsNone)</onload>
	<onload condition="!Skin.HasSetting(FirstTimeSettings)">Skin.SetBool(QuickNavWidgetMusicNone)</onload>
	<onload condition="!Skin.HasSetting(FirstTimeSettings)">Skin.SetString(FullScreenMusicStyle,1)</onload>
	<onload condition="!Skin.HasSetting(FirstTimeSettings)">Skin.SetString(FullScreenVideoStyle,1)</onload>
	<onload condition="!Skin.HasSetting(FirstTimeSettings)">Skin.SetString(DialogSeekBarStyle,1)</onload>
  <onload condition="!Skin.HasSetting(FirstTimeSettings)">Skin.SetString(RSSVideoFeed.Label,Euronews (Default))</onload>
  <onload condition="!Skin.HasSetting(FirstTimeSettings)">Skin.SetString(RSSVideoFeed.URL,Euronews)</onload>
	<onload condition="!Skin.HasSetting(FirstTimeSettings)">Skin.SetBool(Vis-Fanart)</onload>
	<onload condition="!Skin.HasSetting(FirstTimeSettings)">Skin.SetBool(FirstTimeSettings)</onload>
	<onload condition="!System.HasLoginScreen">ReplaceWindow(1114)</onload>
	<onload condition="System.HasLoginScreen">ReplaceWindow($INFO[System.StartupWindow])</onload>
	<onload>AlarmClock(Clear,ClearProperty(SmoothStart,Home),00:01,silent)</onload>
	<controls/>
</window>