<?xml version="1.0" encoding="UTF-8"?>
<window>
  <onload condition="Window.IsVisible(SubtitleSearch)">Dialog.Close(VideoOSD)</onload>
	<onload condition="!VideoPlayer.Content(LiveTV)">SetFocus(103)</onload>
	<onload condition="VideoPlayer.Content(LiveTV)">SetFocus(109)</onload>
	<controls>

		<include condition="!String.IsEqual(Skin.String(FullScreenVideoStyle),2)">VideoOSDStyleDefault</include>
		<include condition="String.IsEqual(Skin.String(FullScreenVideoStyle),2)">VideoOSDStyleSimple</include>

	</controls>
</window>