<?xml version="1.0" encoding="UTF-8"?>
<includes>

	<!-- =========================== -->
	<!-- ==== Posters View "55" ==== -->
	<!-- =========================== -->
	<include name="PostersView_Videos">
		<control type="image">
			<include>FullscreenDimensions</include>
			<texture background="true">views/posters/bg_wall.png</texture>
			<animation effect="fade" time="300" tween="sine" easing="out">WindowOpen</animation>
			<animation effect="fade" time="300" delay="250" tween="sine" easing="in">WindowClose</animation>
			<animation effect="fade" time="300" tween="sine" easing="out">Visible</animation>
			<animation effect="fade" time="300" tween="sine" easing="in">Hidden</animation>
			<visible>Control.IsVisible(55) + ![Window.IsActive(movieinformation) | Window.IsActive(1130) | [String.IsEqual(Window(Home).Property(ShowTextViewer),1) + Window.IsActive(TextViewer)] | Window.IsActive(script-script.extendedinfo-DialogVideoInfo.xml) | Window.IsActive(script-script.extendedinfo-DialogInfo.xml) | Window.IsActive(favourites) | Window.IsActive(playercontrols)] + String.IsEmpty(Window(Home).Property(infodialogs.active))</visible>
		</control>
		<control type="image">
			<include>FullscreenDimensions</include>
			<texture background="true" colordiffuse="$VAR[Textures.GlobalColor]">views/posters/shine.png</texture>
			<animation effect="fade" time="300" tween="sine" easing="out">WindowOpen</animation>
			<animation effect="fade" time="300" delay="250" tween="sine" easing="in">WindowClose</animation>
			<animation effect="fade" time="300" tween="sine" easing="out">Visible</animation>
			<animation effect="fade" time="300" tween="sine" easing="in">Hidden</animation>
			<visible>Control.IsVisible(55) + ![Window.IsActive(movieinformation) | Window.IsActive(1130) | [String.IsEqual(Window(Home).Property(ShowTextViewer),1) + Window.IsActive(TextViewer)] | Window.IsActive(script-script.extendedinfo-DialogVideoInfo.xml) | Window.IsActive(script-script.extendedinfo-DialogInfo.xml) | Window.IsActive(favourites) | Window.IsActive(playercontrols)] + String.IsEmpty(Window(Home).Property(infodialogs.active))</visible>
			<visible>!Skin.Hassetting(DisablePostersView_PosterGlow)</visible>
		</control>
		<control type="group">
			<visible>Control.IsVisible(55)</visible>
			<include>CommonViews_HorizontalAnimation</include>
			<include>InfoDialogsVisible_ZoomAnimation</include>
			<include>TextViewerHideAnimations</include>
			<control type="fadelabel">
				<left>0</left>
				<top>90</top>
				<width>100%</width>
				<height>90</height>
				<textcolor>viewsinfo</textcolor>
				<font>FontSize_110</font>
				<scrollout>false</scrollout>
				<pauseatend>2000</pauseatend>
				<scrollspeed>30</scrollspeed>
				<align>center</align>
				<label>$INFO[ListItem.label]</label>
				<visible>!ListItem.IsParentFolder</visible>
				<animation effect="fade" start="100" end="0" time="250" condition="Control.IsVisible(5501) | Control.IsVisible(5502)">Conditional</animation>
				<visible>!Control.IsVisible(5501) + !Control.IsVisible(5502)</visible>
			</control>
			<control type="fixedlist" id="55">
				<left>-400</left>
				<top>135</top>
				<width>1900</width>
				<height>800</height>
				<onleft>55</onleft>
				<onright>55</onright>
				<onup>9111</onup>
				<ondown>6055</ondown>
				<oninfo condition="$EXP[MoviesSetsCondition]">SetProperty(ShowTextViewer,1,home)</oninfo>
				<oninfo condition="$EXP[MoviesSetsCondition]">RunScript(script.embuary.helper,action=textviewer,header=$INFO[ListItem.Label],message='"$VAR[GlobalPlotDescription]"')</oninfo>
				<viewtype label="31084">list</viewtype>
				<scrolltime tween="quadratic" easing="out">350</scrolltime>
				<orientation>horizontal</orientation>
				<preloaditems>2</preloaditems>
				<focusposition>2</focusposition>
				<pagecontrol>6055</pagecontrol>
				<visible>$EXP[PostersViewVideos_55]</visible>
				<itemlayout width="446" height="450">
					<control type="image">
						<top>20</top>
						<width>296</width>
						<height>422</height>
						<texture background="true" border="30">views/other/panel.png</texture>
					</control>
					<control type="image">
						<top>20</top>
						<width>296</width>
						<height>422</height>
						<texture background="true" border="30">thumbs/thumb_border.png</texture>
						<bordersize>10</bordersize>
					</control>
					<control type="image">
						<top>20</top>
						<width>296</width>
						<height>422</height>
						<aspectratio aligny="center" align="center">scale</aspectratio>
						<texture background="true" fallback="thumbs/fallback_poster_big_tp.png">$VAR[VarArtPoster]</texture>
						<bordersize>16</bordersize>
					</control>
					<control type="image">
						<top>20</top>
						<width>296</width>
						<height>422</height>
						<texture background="true" border="3">views/list/overlay_poster.png</texture>
						<bordersize>16</bordersize>
					</control>
					<control type="image">
						<top>20</top>
						<width>296</width>
						<height>422</height>
						<texture background="true">overlays/unwatched/slide/UnWatched_Poster.png</texture>
						<visible>String.IsEqual(ListItem.Overlay,OverlayUnWatched.png)</visible>
						<bordersize>16</bordersize>
					</control>
				</itemlayout>
				<focusedlayout width="446" height="450">
					<control type="group">
						<left>-18</left>
						<visible>!Skin.HasSetting(FlashingCinemaLights)</visible>
						<control type="image">
							<width>310</width>
							<height>450</height>
							<texture background="true" border="30">views/other/panel.png</texture>
						</control>
						<control type="image">
							<width>310</width>
							<height>450</height>
							<texture background="true" border="30">thumbs/thumb_border.png</texture>
							<bordersize>12</bordersize>
						</control>
						<control type="image">
							<width>310</width>
							<height>450</height>
							<aspectratio aligny="center" align="center">scale</aspectratio>
							<texture background="true" fallback="thumbs/fallback_poster_big_tp.png">$VAR[VarArtPoster]</texture>
							<bordersize>18</bordersize>
						</control>
						<control type="image">
							<width>310</width>
							<height>450</height>
							<texture background="true" border="3">views/list/overlay_poster.png</texture>
							<bordersize>18</bordersize>
						</control>
						<control type="image">
							<width>310</width>
							<height>450</height>
							<texture background="true">overlays/unwatched/slide/UnWatched_Poster.png</texture>
							<bordersize>18</bordersize>
							<visible>String.IsEqual(ListItem.Overlay,OverlayUnWatched.png)</visible>
						</control>
					</control>
					<control type="group">
						<left>-18</left>
						<visible>Skin.HasSetting(FlashingCinemaLights)</visible>
						<control type="image">
							<width>310</width>
							<height>450</height>
							<texture background="true" border="30">views/other/panel.png</texture>
						</control>
						<control type="image">
							<width>310</width>
							<height>450</height>
							<texture background="true" border="30">thumbs/thumb_border.png</texture>
							<bordersize>29</bordersize>
						</control>
						<control type="image">
							<width>310</width>
							<height>450</height>
							<aspectratio aligny="center" align="center">scale</aspectratio>
							<texture background="true" fallback="thumbs/fallback_poster_big_tp.png">$VAR[VarArtPoster]</texture>
							<bordersize>35</bordersize>
						</control>
						<control type="image">
							<width>310</width>
							<height>450</height>
							<texture background="true" border="3">views/list/overlay_poster.png</texture>
							<bordersize>35</bordersize>
						</control>
						<control type="image">
							<width>310</width>
							<height>450</height>
							<texture background="true">overlays/unwatched/slide/UnWatched_Poster.png</texture>
							<bordersize>35</bordersize>
							<visible>String.IsEqual(ListItem.Overlay,OverlayUnWatched.png)</visible>
						</control>
						<control type="image">
							<width>310</width>
							<height>450</height>
							<texture background="true">views/posters/poster_lights.png</texture>
							<bordersize>3</bordersize>
							<animation effect="fade" start="100" end="0" delay="300" time="1150" tween="sine" easing="inout" pulse="true" condition="true">Conditional</animation>
						</control>
					</control>
				</focusedlayout>
			</control>
		</control>
		<control type="image">
			<include>FullscreenDimensions</include>
			<texture background="true">views/posters/light.png</texture>
			<animation effect="fade" time="300" tween="sine" easing="out">WindowOpen</animation>
			<animation effect="fade" time="300" delay="250" tween="sine" easing="in">WindowClose</animation>
			<animation effect="fade" time="300" tween="sine" easing="out">Visible</animation>
			<animation effect="fade" time="300" delay="100" tween="sine" easing="in">Hidden</animation>
			<visible>Control.IsVisible(55) + ![Window.IsActive(movieinformation) | Window.IsActive(1130) | [String.IsEqual(Window(Home).Property(ShowTextViewer),1) + Window.IsActive(TextViewer)] | Window.IsActive(script-script.extendedinfo-DialogVideoInfo.xml) | Window.IsActive(script-script.extendedinfo-DialogInfo.xml) | Window.IsActive(favourites) | Window.IsActive(playercontrols)] + String.IsEmpty(Window(Home).Property(infodialogs.active))</visible>
		</control>
		<!-- Media Info -->
		<control type="group" id="5501">
			<visible>Control.IsVIsible(55) + Container(55).OnPrevious</visible>
			<animation effect="slide" end="0,0" easing="out" tween="sine" time="250">Hidden</animation>
		</control>
		<control type="group" id="5502">
			<visible>Container(55).OnNext + Control.IsVIsible(55)</visible>
			<animation effect="slide" end="0,0" easing="out" tween="sine" time="250">Hidden</animation>
		</control>
		<control type="grouplist">
			<centerleft>50%</centerleft>
			<top>582</top>
			<width>100%</width>
			<align>center</align>
			<itemgap>0</itemgap>
			<orientation>horizontal</orientation>
			<animation effect="fade" start="100" end="0" time="250" condition="Control.IsVisible(5501) | Control.IsVisible(5502)">Conditional</animation>
			<visible>!Control.IsVisible(5501) + !Control.IsVisible(5502)</visible>
			<include>CommonViews_HorizontalAnimation</include>
			<include>InfoDialogsVisible_ZoomAnimation</include>
			<include>TextViewerHideAnimations</include>
			<visible>Control.IsVisible(55)</visible>
			<include>ViewsBigInfo_Horizontal</include>
		</control>
		<control type="scrollbar" id="6055">
			<include>CommonViews_HorizontalAnimation</include>
			<left>2</left>
			<top>712</top>
			<width>1262</width>
			<height>6</height>
			<texturesliderbackground></texturesliderbackground>
			<texturesliderbar border="14,0,14,0">views/scrollbar/scrollbar_horizontal.png</texturesliderbar>
			<texturesliderbarfocus border="14,0,14,0">views/scrollbar/scrollbar_horizontal.png</texturesliderbarfocus>
			<textureslidernib></textureslidernib>
			<textureslidernibfocus></textureslidernibfocus>
			<onup>55</onup>
			<ondown>9555</ondown>
			<showonepage>false</showonepage>
			<orientation>horizontal</orientation>
			<animation effect="fade" start="100" end="0" time="250" condition="!Control.HasFocus(6055) + !Container.Scrolling">Conditional</animation>
			<visible>Control.IsVisible(55)</visible>
		</control>
	</include>

</includes>
