<?xml version="1.0" encoding="UTF-8"?>
<includes> 

	<!-- ================================ -->
	<!-- ==== Slide View Videos "51" ==== -->
	<!-- ================================ -->
	<include name="SlideView_Videos">
		<control type="group">
			<visible>Control.IsVisible(51)</visible>
			<include>CommonViews_HorizontalAnimation</include>
			<control type="image">
				<include>FullscreenDimensions</include>
				<texture background="true">views/slide/top_bottom_shadows_videos.png</texture>
			</control>
			<control type="wraplist" id="51">
				<left>-192</left>
				<top>200</top>
				<width>1900</width>
				<height>800</height>
				<onleft>51</onleft>
				<onright>51</onright>
				<onup>100</onup>
				<ondown>6051</ondown>
				<oninfo condition="$EXP[MoviesSetsCondition]">SetProperty(ShowTextViewer,1,home)</oninfo>
				<oninfo condition="$EXP[MoviesSetsCondition]">RunScript(script.embuary.helper,action=textviewer,header=$INFO[ListItem.Label],message='"$VAR[GlobalPlotDescription]"')</oninfo>
				<viewtype label="31080">List</viewtype>
				<scrolltime tween="Quadratic" easing="out">300</scrolltime>
				<orientation>horizontal</orientation>
				<preloaditems>2</preloaditems>
				<focusposition>1</focusposition>
				<pagecontrol>6051</pagecontrol>
				<visible>$EXP[SlideViewVideos_51]</visible>
				<itemlayout width="238" height="340">
					<control type="image">
						<width>238</width>
						<height>340</height>
						<colordiffuse>FFbbbbbb</colordiffuse>
						<aspectratio align="center" aligny="center">scale</aspectratio>
						<texture background="true" diffuse="views/slide/poster_diffuse_nf.png" fallback="thumbs/fallback_poster_big.png">$VAR[VarArtPoster]</texture>
					</control>
					<control type="image">
						<width>238</width>
						<height>340</height>
						<texture diffuse="views/slide/poster_diffuse_nf.png">overlays/unwatched/slide/UnWatched_Poster.png</texture>
						<visible>String.IsEqual(ListItem.Overlay,OverlayUnWatched.png)</visible>
					</control>
				</itemlayout>
				<focusedlayout width="238" height="340">
					<control type="group">
						<include>SlideViewFocusAnimation</include>
						<control type="image">
							<width>238</width>
							<height>340</height>
							<colordiffuse>$VAR[ColorDiffuseParentFolder]</colordiffuse>
							<aspectratio align="center" aligny="center">scale</aspectratio>
							<texture background="true" fallback="thumbs/fallback_poster_big.png">$VAR[VarArtPoster]</texture>
							<bordersize>ThumbsBorderSize</bordersize>
						</control>
						<control type="image">
							<width>238</width>
							<height>340</height>
							<texture>overlays/unwatched/slide/UnWatched_Poster.png</texture>
							<visible>String.IsEqual(ListItem.Overlay,OverlayUnWatched.png)</visible>
							<bordersize>ThumbsBorderSize</bordersize>
						</control>
					</control>
					<control type="group">
						<left>252</left>
						<top>260</top>
						<include>SlideViewFocusAnimation</include>
						<include content="HomeWidgetsTitleLabel">
							<param name="width" value="935"/>
							<param name="visible" value="!ListItem.IsParentFolder"/>
							<param name="animation_end" value="0,-245"/>
							<param name="animation_condition" value="Control.HasFocus(100)"/>
						</include>
						<!-- Small Down Info -->
						<control type="group">
							<left>0</left>
							<top>40</top>
							<include>SmallDownInfo_Top250</include>
							<control type="image">
								<include>SmallDownInfo_Def3DFlags</include>
								<animation effect="slide" start="0,0" end="60,0" time="0" tween="sine" easing="inout" condition="!String.IsEmpty(ListItem.Top250)">Conditional</animation>
							</control>
							<control type="image">
								<include>SmallDownInfo_Sets</include>
								<animation effect="slide" start="0,0" end="0,-245" time="220" tween="sine" easing="inout" condition="Control.HasFocus(100)">Conditional</animation>
							</control>
							<control type="image">
								<include>SmallDownInfo_MPAATVFlags</include>
							</control>
							<control type="label">
								<left>41</left>
								<top>0</top>
								<width>600</width>
								<include>SmallDownInfo_SmallGlobalInfo</include>
								<animation effect="slide" start="0,0" end="0,-245" time="220" tween="sine" easing="inout" condition="[Control.HasFocus(100) + $EXP[MoviesSetsCondition]]">Conditional</animation>
								<animation effect="slide" start="0,0" end="-45,0" time="0" tween="sine" easing="inout" condition="String.IsEmpty(ListItem.VideoResolution) + !$EXP[MoviesSetsCondition]">Conditional</animation>
								<animation effect="slide" start="0,0" end="68,0" time="0" tween="sine" easing="inout" condition="[Container.Content(TVShows) | Container.Content(Seasons)] + !String.IsEmpty(ListItem.mpaa)">Conditional</animation>
								<animation effect="slide" start="0,0" end="60,0" time="0" tween="sine" easing="inout" condition="!String.IsEmpty(ListItem.Top250)">Conditional</animation>
							</control>
						</control>
					</control>
				</focusedlayout>
			</control>
			<control type="group">
				<left>301</left>
				<animation type="Visible" tween="sine" easing="inout" reversible="false">
					<effect type="zoom" start="100,120" end="100,100" time="220" />
					<effect type="fade" start="0" end="100" time="220" />
				</animation>
				<animation type="Hidden" tween="sine" easing="inout" reversible="false">
					<effect type="zoom" start="100,100" end="100,110" time="150" />
					<effect type="fade" start="100" end="0" time="150" />
				</animation>
				<visible>Control.HasFocus(100)</visible>
				<include content="HomeWidgetsSubLabel">
					<param name="top" value="255"/>
					<param name="width" value="935"/>
					<param name="label" value="$INFO[ListItem.Genre]"/>
				</include>
				<include content="PlotTextbox">
					<param name="top" value="286"/>
					<param name="width" value="935"/>
					<param name="height" value="195"/>
					<param name="visible" value="!$EXP[MoviesSetsCondition]"/>
				</include>
				<include content="PlotTextbox">
					<param name="top" value="300"/>
					<param name="width" value="935"/>
					<param name="height" value="225"/>
					<param name="visible" value="$EXP[MoviesSetsCondition]"/>
				</include>
			</control>
			<control type="image">
				<left>45</left>
				<top>199</top>
				<width>240</width>
				<height>342</height>
				<colordiffuse>$VAR[Textures.GlobalColor]</colordiffuse>
				<texture border="30">views/other/focus_panel.png</texture>
			</control>
			<control type="button" id="100">
				<include>HiddenItem</include>
				<onleft>51</onleft>
				<onright>51</onright>
				<onup>9111</onup>
				<ondown>51</ondown>
				<visible>[Container.Content(Movies) | $EXP[MoviesSetsCondition] | Container.Content(TVShows) | Container.Content(Seasons) | Container.Content(Episodes) | Container.Content(MusicVideos)] + ![String.IsEmpty(ListItem.Plot) + !$EXP[MoviesSetsCondition]] + !Window.IsActive(ShutdownMenu)</visible>
			</control>
			<control type="scrollbar" id="6051">
				<left>299</left>
				<top>527</top>
				<width>940</width>
				<height>6</height>
				<texturesliderbackground></texturesliderbackground>
				<texturesliderbar border="14,0,14,0">views/scrollbar/scrollbar_horizontal.png</texturesliderbar>
				<texturesliderbarfocus border="14,0,14,0">views/scrollbar/scrollbar_horizontal.png</texturesliderbarfocus>
				<textureslidernib></textureslidernib>
				<textureslidernibfocus></textureslidernibfocus>
				<onup>51</onup>
				<ondown>9555</ondown>
				<showonepage>false</showonepage>
				<orientation>horizontal</orientation>
				<animation effect="fade" start="100" end="0" time="250" condition="!Control.HasFocus(6051) + !Container.Scrolling">Conditional</animation>
			</control>
		</control>
	</include>



	<!-- =============================== -->
	<!-- ==== Slide View Music "51" ==== -->
	<!-- =============================== -->
	<include name="SlideView_Music">
		<control type="group">
			<visible>Control.IsVisible(51)</visible>
			<include>CommonViews_HorizontalAnimation</include>
			<control type="image">
				<include>FullscreenDimensions</include>
				<texture background="true">views/slide/top_bottom_shadows_music.png</texture>
			</control>
			<control type="wraplist" id="51">
				<left>-253</left>
				<top>210</top>
				<width>1900</width>
				<height>800</height>
				<onleft>51</onleft>
				<onright>51</onright>
				<onup>100</onup>
				<ondown>6051</ondown>
				<viewtype label="31080">List</viewtype>
				<scrolltime tween="Quadratic" easing="out">300</scrolltime>
				<orientation>horizontal</orientation>
				<preloaditems>2</preloaditems>
				<focusposition>1</focusposition>
				<pagecontrol>6051</pagecontrol>
				<visible>Container.Content(Artists) | Container.Content(Albums) | Container.Content(Songs) | Container.Content(MusicVideos)</visible>
				<itemlayout width="297.5" height="300">
					<control type="image">
						<width>298</width>
						<height>300</height>
						<colordiffuse>FFbbbbbb</colordiffuse>
						<aspectratio aligny="center" align="center">scale</aspectratio>
						<texture background="true" diffuse="views/slide/poster_diffuse_nf.png">$INFO[ListItem.Icon]</texture>
					</control>
				</itemlayout>
				<focusedlayout width="297.5" height="300">
					<control type="image">
						<width>298</width>
						<height>300</height>
						<colordiffuse>$VAR[ColorDiffuseThumbs]</colordiffuse>
						<aspectratio aligny="center" align="center">scale</aspectratio>
						<texture background="true">$INFO[ListItem.Icon]</texture>
						<bordersize>9</bordersize>
						<include>SlideViewFocusAnimation</include>
					</control>
					<control type="group">
						<left>315</left>
						<top>225</top>
						<include>SlideViewFocusAnimation</include>
						<include content="HomeWidgetsTitleLabel">
							<param name="width" value="935"/>
							<param name="label" value="$VAR[ListItem_LabelVar]"/>
							<param name="visible" value="!ListItem.IsParentFolder"/>
							<param name="animation_end" value="0,-208"/>
							<param name="animation_condition" value="Control.HasFocus(100)"/>
						</include>
						<!-- Music Small Down Info -->
						<include content="HomeWidgetsSubLabel">
							<param name="top" value="35"/>
							<param name="width" value="935"/>
							<param name="label" value="$VAR[ListItem_SubLabelVar]"/>
							<param name="visible" value="![Container.Content(MusicVideos) | ListItem.IsParentFolder]"/>
						</include>
						<!-- Music Videos Small Down Info -->
						<control type="group">
							<left>0</left>
							<top>40</top>
							<visible>Container.Content(MusicVideos)</visible>
							<control type="image">
								<include>SmallDownInfo_Def3DFlags</include>
								<animation effect="slide" start="0,0" end="60,0" time="0" tween="sine" easing="inout" condition="!String.IsEmpty(ListItem.Top250)">Conditional</animation>
							</control>
							<control type="label">
								<left>45</left>
								<top>0</top>
								<width>600</width>
								<include>SmallDownInfo_SmallGlobalInfo</include>
								<animation effect="slide" start="0,0" end="-45,0" time="0" tween="sine" easing="inout" condition="String.IsEmpty(ListItem.VideoResolution)">Conditional</animation>
							</control>
						</control>
					</control>
				</focusedlayout>
			</control>
			<control type="group">
				<left>362</left>
				<animation type="Visible" tween="sine" easing="inout" reversible="false">
					<effect type="zoom" start="100,120" end="100,100" time="220" />
					<effect type="fade" start="0" end="100" time="220" />
				</animation>
				<animation type="Hidden" tween="sine" easing="inout" reversible="false">
					<effect type="zoom" start="100,100" end="100,110" time="150" />
					<effect type="fade" start="100" end="0" time="150" />
				</animation>
				<visible>![String.IsEmpty(Container.ListItem.Property(Album_Description)) + String.IsEmpty(Container.ListItem.Property(Artist_Description)) + String.IsEmpty(Container.ListItem.Comment) + String.IsEmpty(Container.ListItem.Plot)] + Control.HasFocus(100)</visible>
				<include content="HomeWidgetsSubLabel">
					<param name="top" value="265"/>
					<param name="width" value="935"/>
					<param name="label" value="$VAR[ListItem_SubLabelTwoVar]"/>
				</include>
				<include content="PlotTextbox">
					<param name="top" value="295"/>
					<param name="width" value="860"/>
					<param name="height" value="165"/>
				</include>
			</control>
			<control type="image">
				<left>44</left>
				<top>209</top>
				<width>300</width>
				<height>302</height>
				<colordiffuse>$VAR[Textures.GlobalColor]</colordiffuse>
				<texture border="30">views/other/focus_panel.png</texture>
			</control>
			<control type="button" id="100">
				<include>HiddenItem</include>
				<onleft>51</onleft>
				<onright>51</onright>
				<onup>9000</onup>
				<ondown>51</ondown>
				<visible>[Container.Content(Artists) | Container.Content(Albums) | Container.Content(Songs) | Container.Content(MusicVideos)] + ![String.IsEmpty(Container.ListItem.Property(Album_Description)) + String.IsEmpty(Container.ListItem.Property(Artist_Description)) + String.IsEmpty(Container.ListItem.Comment) + String.IsEmpty(Container.ListItem.Plot)] + !Window.IsActive(ShutdownMenu) + !Window.IsActive(ContextMenu)</visible>
			</control>
			<control type="scrollbar" id="6051">
				<left>355</left>
				<top>495</top>
				<width>870</width>
				<height>6</height>
				<texturesliderbackground></texturesliderbackground>
				<texturesliderbar border="14,0,14,0">views/scrollbar/scrollbar_horizontal.png</texturesliderbar>
				<texturesliderbarfocus border="14,0,14,0">views/scrollbar/scrollbar_horizontal.png</texturesliderbarfocus>
				<textureslidernib></textureslidernib>
				<textureslidernibfocus></textureslidernibfocus>
				<onup>51</onup>
				<ondown>51</ondown>
				<showonepage>false</showonepage>
				<orientation>horizontal</orientation>
				<animation effect="fade" start="100" end="0" time="250" condition="!Control.HasFocus(6051) + !Container.Scrolling">Conditional</animation>
				<visible>Control.IsVisible(51)</visible>
			</control>
		</control>
	</include>


</includes>

