<?xml version="1.0" encoding="UTF-8"?>
<includes> 

	<!-- ================================================ -->
	<!-- ==== Thumbnails View Videos - Posters "561" ==== -->
	<!-- ================================================ -->
	<include name="ThumbnailsView_Videos_Posters">
		<control type="group">
			<visible>Control.IsVisible(561)</visible>
			<include>CommonViews_VerticalAnimation</include>
			<control type="panel" id="561">
				<left>40</left>
				<top>95</top>
				<height>495</height>
				<include condition="Skin.HasSetting(ThumbnailShowInfo)">VideoThumbnailsInfoWidth</include>
				<include condition="!Skin.HasSetting(ThumbnailShowInfo)">VideoThumbnailsNoInfoWidth</include>
				<onleft>9111</onleft>
				<onright>60561</onright>
				<onup>561</onup>
				<ondown>561</ondown>
				<oninfo condition="Container.Content(Actors)">RunScript(plugin.video.themoviedb.helper,add_query=$INFO[ListItem.Label],type=person,call_auto=1130,return)</oninfo>
				<oninfo condition="$EXP[MoviesSetsCondition]">SetProperty(ShowTextViewer,1,home)</oninfo>
				<oninfo condition="$EXP[MoviesSetsCondition]">RunScript(script.embuary.helper,action=textviewer,header=$INFO[ListItem.Label],message='"$VAR[GlobalPlotDescription]"')</oninfo>
				<orientation>vertical</orientation>
				<pagecontrol>60561</pagecontrol>
				<preloaditems>4</preloaditems>
				<viewtype label="31085">icons</viewtype>
				<scrolltime tween="Quadratic" easing="out">300</scrolltime>
				<visible>$EXP[ThumbnailsViewPosters_561]</visible>
				<itemlayout height="246" width="171">
					<control type="image">
						<left>5</left>
						<top>5</top>
						<width>163</width>
						<height>238</height>
						<texture border="30">views/other/panel.png</texture>
					</control>
					<control type="image">
						<left>5</left>
						<top>5</top>
						<width>163</width>
						<height>238</height>
						<aspectratio aligny="center" align="center">scale</aspectratio>
						<texture background="true" fallback="thumbs/fallback_poster_tp.png">$VAR[VarArtPoster]</texture>
						<bordersize>ThumbsBorderSize</bordersize>
					</control>
					<control type="image">
						<left>5</left>
						<top>5</top>
						<width>163</width>
						<height>238</height>
						<texture background="true">overlays/unwatched/thumbs/UnWatched_Poster.png</texture>
						<bordersize>ThumbsBorderSize</bordersize>
						<visible>String.IsEqual(ListItem.Overlay,OverlayUnWatched.png)</visible>
					</control>
				</itemlayout>
				<focusedlayout height="246" width="171">
					<control type="image">
						<left>5</left>
						<top>5</top>
						<width>163</width>
						<height>238</height>
						<texture border="30">views/other/panel.png</texture>
					</control>
					<control type="image">
						<left>5</left>
						<top>5</top>
						<width>163</width>
						<height>238</height>
						<colordiffuse>$VAR[ColorDiffuseParentFolder]</colordiffuse>
						<aspectratio align="center" aligny="center">scale</aspectratio>
						<texture background="true" fallback="thumbs/fallback_poster_tp.png">$VAR[VarArtPoster]</texture>
						<bordersize>ThumbsBorderSize</bordersize>
					</control>
					<control type="image">
						<left>5</left>
						<top>5</top>
						<width>163</width>
						<height>238</height>
						<texture background="true">overlays/unwatched/thumbs/UnWatched_Poster.png</texture>
						<bordersize>ThumbsBorderSize</bordersize>
						<visible>String.IsEqual(ListItem.Overlay,OverlayUnWatched.png)</visible>
					</control>
					<control type="image">
						<left>5</left>
						<top>5</top>
						<width>163</width>
						<height>238</height>
						<colordiffuse>$VAR[Textures.GlobalColor]</colordiffuse>
						<texture border="30">views/other/focus_panel.png</texture>
						<include>ThumbnailsFocusAnimation</include>
					</control>
				</focusedlayout>
			</control>

			<include content="VideoInfoSeperator">
				<param name="left" value="45"/>
				<param name="top" value="593"/>
				<param name="width" value="1190"/>
				<param name="colordiffuse" value="33white"/>
				<param name="visible" value="Control.IsVisible(561) + !Skin.HasSetting(ThumbnailShowInfo) + !ListItem.IsParentFolder"/>
			</include>

			<!-- Hide Info SkinSetting -->
			<control type="group">
				<left>47</left>
				<top>602</top>
				<visible>!Skin.HasSetting(ThumbnailShowInfo) + !ListItem.IsParentFolder</visible>
				<include content="HomeWidgetsTitleLabel">
					<param name="height" value="26"/>
					<param name="width" value="900"/>
					<param name="font" value="FontSize_26"/>
					<param name="label" value="$VAR[ListItem_LabelVar]"/>
				</include>
				<control type="label">
					<height>24</height>
					<width>1185</width>
					<textcolor>viewsinfo</textcolor>
					<font>FontSize_22</font>
					<align>right</align>
					<label>$INFO[ListItem.Appearances,$LOCALIZE[38026]: ]</label>
				</control>
				<!-- Small Down Info -->
				<control type="grouplist">
					<left>0</left>
					<top>0</top>
					<height>30</height>
					<width>1185</width>
					<align>right</align>
					<itemgap>6</itemgap>
					<orientation>horizontal</orientation>
					<include content="HomeWidgetsSubLabel">
						<param name="label" value="$VAR[MovieSetCount]"/>
						<param name="fallback" value="$LOCALIZR[20457]"/>
						<param name="visible" value="$EXP[MoviesSetsCondition] + !Container(9994).IsUpdating"/>
					</include>
					<control type="label">
						<include>SmallDownInfo_SmallGlobalInfo</include>
						<visible>!$EXP[MoviesSetsCondition]</visible>
					</control>
					<control type="image">
						<include>SmallDownInfo_Sets</include>
					</control>
					<control type="image">
						<include>SmallDownInfo_Def3DFlags</include>
					</control>
					<control type="image">
						<include>SmallDownInfo_MPAATVFlags</include>
					</control>
					<include>SmallDownInfo_Top250</include>
				</control>
			</control>

			<include content="VideoInfoSeperator">
				<param name="left" value="45"/>
				<param name="top" value="633"/>
				<param name="width" value="1190"/>
				<param name="colordiffuse" value="33white"/>
				<param name="visible" value="Control.IsVisible(561) + !Skin.HasSetting(ThumbnailShowInfo) + !ListItem.IsParentFolder"/>
			</include>

			<!-- Show Info SkinSetting -->
			<control type="group">
				<left>915</left>
				<top>100</top>
				<visible>Skin.HasSetting(ThumbnailShowInfo)</visible>
				<control type="image">
					<left>-15</left>
					<width>335</width>
					<height>484</height>
					<texture border="31">views/other/panel.png</texture>
				</control>
				<control type="image">
					<left>-15</left>
					<width>335</width>
					<height>484</height>
					<texture>thumbs/DefaultFolderBack.png/folderback_poster_big_tp.png</texture>
					<visible>ListItem.IsParentFolder</visible>
				</control>
				<include content="HomeWidgetsTitleLabel">
					<param name="top" value="15"/>
					<param name="width" value="300"/>
					<param name="font" value="FontSize_26"/>
					<param name="label" value="$VAR[ListItem_LabelVar]"/>
					<param name="visible" value="!ListItem.IsParentFolder"/>
				</include>
				<include content="HomeWidgetsSubLabel">
					<param name="top" value="43"/>
					<param name="width" value="300"/>
					<param name="font" value="FontSize_20"/>
					<param name="label" value="$VAR[ListItem_SubLabelVar]"/>
					<param name="visible" value="!$EXP[MoviesSetsCondition]"/>
				</include>
				<include content="PlotTextbox">
					<param name="top" value="75"/>
					<param name="width" value="298"/>
					<param name="height" value="355"/>
					<param name="font" value="FontSize_20"/>
					<param name="visible" value="!$EXP[MoviesSetsCondition]"/>
				</include>
				<include content="PlotTextbox">
					<param name="top" value="85"/>
					<param name="width" value="298"/>
					<param name="height" value="380"/>
					<param name="font" value="FontSize_20"/>
					<param name="visible" value="$EXP[MoviesSetsCondition]"/>
				</include>
				<!-- Small Down Info -->
				<control type="grouplist">
					<left>0</left>
					<top>443</top>
					<width>1190</width>
					<align>left</align>
					<itemgap>6</itemgap>
					<orientation>horizontal</orientation>
					<animation effect="slide" end="0,-395" condition="$EXP[MoviesSetsCondition]">Conditional</animation>
					<include>SmallDownInfo_Top250</include>
					<control type="image">
						<include>SmallDownInfo_Def3DFlags</include>
					</control>
					<control type="image">
						<include>SmallDownInfo_Sets</include>
					</control>
					<control type="image">
						<include>SmallDownInfo_MPAATVFlags</include>
					</control>
					<control type="label">
						<width>245</width>
						<include>SmallDownInfo_SmallGlobalInfo</include>
					</control>
				</control>
			</control>

			<control type="scrollbar" id="60561">
				<right>35</right>
				<top>100</top>
				<width>6</width>
				<height>483</height>
				<texturesliderbackground></texturesliderbackground>
				<texturesliderbar border="0,14,0,14">views/scrollbar/scrollbar.png</texturesliderbar>
				<texturesliderbarfocus border="0,14,0,14">views/scrollbar/scrollbar.png</texturesliderbarfocus>
				<textureslidernib></textureslidernib>
				<textureslidernibfocus></textureslidernibfocus>
				<onleft>561</onleft>
				<onright>9444</onright>
				<showonepage>false</showonepage>
				<orientation>vertical</orientation>
				<animation effect="fade" start="100" end="0" time="250" condition="!Control.HasFocus(60561) + !Container.Scrolling">Conditional</animation>
			</control>
		</control>
	</include>



	<!-- ========================================= -->
	<!-- ==== Thumbnails View Multisize "560" ==== -->
	<!-- ========================================= -->
	<include name="ThumbnailsView_Multisize">
		<control type="group">
			<visible>Control.IsVisible(560)</visible>
			<include>CommonViews_VerticalAnimation</include>
			<control type="panel" id="560">
				<include>Thumbnails_PanelVars</include>
				<visible>[$EXP[ThumbnailsViewVideos_560] | $EXP[ThumbnailsViewMusic_560] | $EXP[ThumbnailsViewPictures_560] | $EXP[ThumbnailsViewAddons_560]] + !Container.Content(Genres)</visible>
				<itemlayout condition="Container.Content(Episodes) | [Container.Content(Videos) + String.StartsWith(Container.FolderPath,plugin://)]" height="161" width="239.5">
					<control type="image">
						<left>5</left>
						<top>5</top>
						<width>231</width>
						<height>154</height>
						<texture border="30">views/other/panel.png</texture>
					</control>
					<control type="image">
						<left>5</left>
						<top>5</top>
						<width>231</width>
						<height>154</height>
						<aspectratio align="center" aligny="center">scale</aspectratio>
						<texture background="true" fallback="thumbs/fallback_episode_tp.png">$VAR[VarArtThumb]</texture>
						<bordersize>ThumbsBorderSize</bordersize>
					</control>
					<control type="image">
						<left>5</left>
						<top>5</top>
						<width>231</width>
						<height>154</height>
						<texture background="true">overlays/unwatched/banners/UnWatched_Episodes.png</texture>
						<bordersize>ThumbsBorderSize</bordersize>
						<visible>Container.Content(Episodes) + String.IsEqual(ListItem.Overlay,OverlayUnWatched.png)</visible>
					</control>
					<include>ThumbnailsOnThumbInfo</include>
				</itemlayout>
				<focusedlayout condition="Container.Content(Episodes) | [Container.Content(Videos) + String.StartsWith(Container.FolderPath,plugin://)]" height="161" width="239.5">
					<control type="image">
						<left>5</left>
						<top>5</top>
						<width>231</width>
						<height>154</height>
						<texture border="30">views/other/panel.png</texture>
					</control>
					<control type="image">
						<left>5</left>
						<top>5</top>
						<width>231</width>
						<height>154</height>
						<colordiffuse>$VAR[ColorDiffuseParentFolder]</colordiffuse>
						<aspectratio align="center" aligny="center">scale</aspectratio>
						<texture background="true" fallback="thumbs/fallback_episode_tp.png">$VAR[VarArtThumb]</texture>
						<bordersize>ThumbsBorderSize</bordersize>
					</control>
					<control type="image">
						<left>5</left>
						<top>5</top>
						<width>231</width>
						<height>154</height>
						<texture background="true">overlays/unwatched/banners/UnWatched_Episodes.png</texture>
						<bordersize>ThumbsBorderSize</bordersize>
						<visible>Container.Content(Episodes) + String.IsEqual(ListItem.Overlay,OverlayUnWatched.png)</visible>
					</control>
					<include>ThumbnailsOnThumbInfo</include>
					<control type="image">
						<left>5</left>
						<top>5</top>
						<width>231</width>
						<height>154</height>
						<colordiffuse>$VAR[Textures.GlobalColor]</colordiffuse>
						<texture border="30">views/other/focus_panel.png</texture>
						<include>ThumbnailsFocusAnimation</include>
					</control>
				</focusedlayout>
				<itemlayout condition="![$EXP[VideosThumbsSize] | $EXP[MusicThumbsSize] | $EXP[PicturesThumbsSize] | $EXP[AddonsThumbsSize]] + !Container.Content(Episodes)" height="242" width="239.5">
					<include>ThumbnailsBig_ItemLayout</include>
				</itemlayout>
				<itemlayout condition="[$EXP[VideosThumbsSize] | $EXP[MusicThumbsSize] | $EXP[PicturesThumbsSize] | $EXP[AddonsThumbsSize]] + !Container.Content(Episodes)" height="161" width="171">
					<include>ThumbnailsSmall_ItemLayout</include>
				</itemlayout>
				<focusedlayout condition="![$EXP[VideosThumbsSize] | $EXP[MusicThumbsSize] | $EXP[PicturesThumbsSize] | $EXP[AddonsThumbsSize]] + !Container.Content(Episodes)" height="242" width="239.5">
					<include>ThumbnailsBig_FocusedLayout</include>
				</focusedlayout>
				<focusedlayout condition="[$EXP[VideosThumbsSize] | $EXP[MusicThumbsSize] | $EXP[PicturesThumbsSize] | $EXP[AddonsThumbsSize]] + !Container.Content(Episodes)" height="161" width="171">
					<include>ThumbnailsSamll_FocusedLayout</include>
				</focusedlayout>
			</control>

			<include content="VideoInfoSeperator">
				<param name="left" value="45"/>
				<param name="top" value="597"/>
				<param name="width" value="1190"/>
				<param name="visible" value="!ListItem.IsParentFolder"/>
			</include>

			<!-- Info -->
			<control type="group">
				<left>47</left>
				<top>603</top>
				<visible>!ListItem.IsParentFolder</visible>
				<include content="HomeWidgetsTitleLabel">
					<param name="height" value="26"/>
					<param name="width" value="587"/>
					<param name="font" value="FontSize_26"/>
					<param name="label" value="$VAR[ListItem_LabelVar]"/>
					<param name="visible" value="![Container.Content(Videos) + String.StartsWith(Container.FolderPath,plugin://)]"/>
				</include>
				<include content="HomeWidgetsTitleLabel">
					<param name="height" value="26"/>
					<param name="width" value="1180"/>
					<param name="font" value="FontSize_26"/>
					<param name="label" value="$VAR[ListItem_LabelVar]"/>
					<param name="visible" value="[Container.Content(Videos) + String.StartsWith(Container.FolderPath,plugin://)]"/>
				</include>
				<!-- Small Down Info -->
				<control type="grouplist">
					<left>0</left>
					<top>0</top>
					<height>30</height>
					<width>1185</width>
					<align>right</align>
					<itemgap>6</itemgap>
					<orientation>horizontal</orientation>
					<include content="HomeWidgetsSubLabel">
						<param name="align" value="right"/>
						<param name="width" value="587"/>
						<param name="label" value="$VAR[ListItem_SubLabelVar]"/>
					</include>
					<include content="HomeWidgetsSubIcon">
						<param name="icon" value="$VAR[ViewsDef3DFlags]"/>
						<param name="visible" value="!String.IsEmpty(ListItem.VideoResolution)"/>
					</include>
				</control>
			</control>

			<include content="VideoInfoSeperator">
				<param name="left" value="45"/>
				<param name="top" value="633"/>
				<param name="width" value="1190"/>
				<param name="colordiffuse" value="33white"/>
				<param name="visible" value="!ListItem.IsParentFolder"/>
			</include>
			<include>Thumbnails_Scrollbar</include>

		</control>
	</include>


	<!-- ====================================== -->
	<!-- ==== Thumbnails View Generic "56" ==== -->
	<!-- ====================================== -->
	<include name="ThumbnailsView_Generic">
		<control type="group">
			<visible>Control.IsVisible(56)</visible>
			<include>CommonViews_VerticalAnimation</include>
			<control type="panel" id="56">
				<left>45</left>
				<top>105</top>
				<width>1210</width>
				<height>544</height>
				<onleft>9111</onleft>
				<onright>6056</onright>
				<onup>56</onup>
				<ondown>56</ondown>
				<oninfo condition="Container.Content(Directors)">RunScript(plugin.video.themoviedb.helper,add_query=$INFO[ListItem.Label],type=person,call_auto=1130,return)</oninfo>
				<orientation>vertical</orientation>
				<pagecontrol>6056</pagecontrol>
				<preloaditems>6</preloaditems>
				<viewtype label="31085">Icons</viewtype>
				<scrolltime tween="Quadratic" easing="out">350</scrolltime>
				<visible>$EXP[ThumbnailsViewGeneric_56]</visible>
				<itemlayout height="272" width="242">
					<control type="image">
						<left>0</left>
						<top>0</top>
						<width>222</width>
						<height>252</height>
						<texture border="30">views/other/panel.png</texture>
					</control>
					<control type="image">
						<left>8</left>
						<top>206</top>
						<width>206</width>
						<height>1</height>
						<texture border="1">dialogs/other/header_line.png</texture>
					</control>
					<include content="ThumbnailsGenericThumb">
						<param name="aspectratio" value="scale"/>
						<param name="visible" value="!String.Contains(ListItem.FolderPath,/studios/)"/>
					</include>
					<include content="ThumbnailsGenericThumb">
						<param name="aspectratio" value="scale"/>
						<param name="fallback" value="DefaultGenre.png"/>
						<param name="visible" value="String.IsEqual(Container.FolderPath,videodb://movies/genres/) | String.IsEqual(Container.FolderPath,videodb://tvshows/genres/)"/>
					</include>
					<include content="ThumbnailsGenericThumb">
						<param name="aspectratio" value="scale"/>
						<param name="fallback" value="DefaultMusicGenres.png"/>
						<param name="visible" value="String.IsEqual(Container.FolderPath,musicdb://genres/) | String.IsEqual(Container.FolderPath,videodb://musicvideos/genres/)"/>
					</include>
					<include content="ThumbnailsGenericThumb">
						<param name="left" value="20"/>
						<param name="top" value="20"/>
						<param name="width" value="182"/>
						<param name="height" value="170"/>
						<param name="aspectratio" value="keep"/>
						<param name="fallback" value="DefaultStudios.png"/>
						<param name="visible" value="String.Contains(ListItem.FolderPath,/studios/)"/>
					</include>
					<control type="label">
						<left>5</left>
						<top>220</top>
						<width>212</width>
						<height>20</height>
						<font>FontSize_22</font>
						<align>center</align>
						<label>$INFO[ListItem.Label]</label>
					</control>
				</itemlayout>
				<focusedlayout height="272" width="242">
					<control type="image">
						<left>0</left>
						<top>0</top>
						<width>222</width>
						<height>252</height>
						<texture border="30">views/other/panel.png</texture>
					</control>
					<control type="image">
						<left>8</left>
						<top>206</top>
						<width>206</width>
						<height>1</height>
						<texture border="1">dialogs/other/header_line.png</texture>
					</control>
					<include content="ThumbnailsGenericThumb">
						<param name="aspectratio" value="scale"/>
						<param name="colordiffuse" value="$VAR[ColorDiffuseThumbs]"/>
						<param name="visible" value="!String.Contains(ListItem.FolderPath,/studios/)"/>
					</include>
					<include content="ThumbnailsGenericThumb">
						<param name="aspectratio" value="scale"/>
						<param name="colordiffuse" value="$VAR[ColorDiffuseThumbs]"/>
						<param name="fallback" value="DefaultGenre.png"/>
						<param name="visible" value="String.IsEqual(Container.FolderPath,videodb://movies/genres/) | String.IsEqual(Container.FolderPath,videodb://tvshows/genres/)"/>
					</include>
					<include content="ThumbnailsGenericThumb">
						<param name="aspectratio" value="scale"/>
						<param name="colordiffuse" value="$VAR[ColorDiffuseThumbs]"/>
						<param name="fallback" value="DefaultMusicGenres.png"/>
						<param name="visible" value="String.IsEqual(Container.FolderPath,musicdb://genres/) | String.IsEqual(Container.FolderPath,videodb://musicvideos/genres/)"/>
					</include>
					<include content="ThumbnailsGenericThumb">
						<param name="left" value="20"/>
						<param name="top" value="20"/>
						<param name="width" value="182"/>
						<param name="height" value="170"/>
						<param name="aspectratio" value="keep"/>
						<param name="fallback" value="DefaultStudios.png"/>
						<param name="visible" value="String.Contains(ListItem.FolderPath,/studios/)"/>
					</include>
					<control type="label">
						<left>5</left>
						<top>220</top>
						<width>212</width>
						<height>20</height>
						<textcolor>$VAR[ColorDiffuseThumbs]</textcolor>
						<font>FontSize_22</font>
						<align>center</align>
						<label>$INFO[ListItem.Label]</label>
						<visible>!String.Contains(ListItem.FolderPath,/studios/)</visible>
					</control>
					<control type="label">
						<left>5</left>
						<top>220</top>
						<width>212</width>
						<height>20</height>
						<font>FontSize_22</font>
						<align>center</align>
						<label>$INFO[ListItem.Label]</label>
						<visible>String.Contains(ListItem.FolderPath,/studios/)</visible>
					</control>
					<control type="image">
						<left>0</left>
						<top>0</top>
						<width>222</width>
						<height>252</height>
						<colordiffuse>$VAR[Textures.GlobalColor]</colordiffuse>
						<texture border="30">views/other/focus_panel.png</texture>
						<include>ThumbnailsFocusAnimation</include>
					</control>
				</focusedlayout>
			</control>
			<control type="scrollbar" id="6056">
				<right>30</right>
				<top>100</top>
				<width>6</width>
				<height>518</height>
				<texturesliderbackground></texturesliderbackground>
				<texturesliderbar border="0,14,0,14">views/scrollbar/scrollbar.png</texturesliderbar>
				<texturesliderbarfocus border="0,14,0,14">views/scrollbar/scrollbar.png</texturesliderbarfocus>
				<textureslidernib></textureslidernib>
				<textureslidernibfocus></textureslidernibfocus>
				<onleft>56</onleft>
				<onright>9111</onright>
				<showonepage>false</showonepage>
				<orientation>vertical</orientation>
				<animation effect="fade" start="100" end="0" time="250" condition="!Control.HasFocus(6056) + !Container.Scrolling">Conditional</animation>
				<visible>Control.IsVisible(56)</visible>
			</control>
		</control>
	</include>


	<include name="VideoThumbnailsNoInfoWidth">
		<width>1200</width>
	</include>
	<include name="VideoThumbnailsInfoWidth">
		<width>855</width>
	</include>

</includes>

