<?xml version="1.0" encoding="UTF-8"?>
<includes> 

	<!-- ============================= -->
	<!-- ==== Posters 2 View "64" ==== -->
	<!-- ============================= -->
	<include name="PostersView_Videos2">
		<control type="image">
			<include>FullscreenDimensions</include>
			<colordiffuse>$VAR[Textures.GlobalColor]</colordiffuse>
			<texture background="true">$VAR[WallViewsGlows]</texture>
			<animation effect="fade" time="300" tween="sine" easing="out">WindowOpen</animation>
			<animation effect="fade" time="300" delay="250" tween="sine" easing="in">WindowClose</animation>
			<animation effect="fade" time="300" tween="sine" easing="out">Visible</animation>
			<animation effect="fade" time="300" tween="sine" easing="in">Hidden</animation>
			<visible>Control.IsVisible(64)</visible>
		</control>
		<control type="group">
			<visible>Control.IsVisible(64)</visible>
			<include>CommonViews_HorizontalAnimation</include>
			<!-- Left to Right (OnPrevious) -->
			<control type="group" id="7002">
				<left>492</left>
				<top>250</top>
				<visible>Control.IsVIsible(64) + Container(64).OnPrevious</visible>
				<animation effect="slide" end="0,0" easing="out" tween="sine" time="450">Hidden</animation>
				<include>Includes_OnPrevious_Posters</include>
			</control>
			<!-- Right to Left (OnNext) -->
			<control type="group" id="7001">
				<left>492</left>
				<top>250</top>
				<visible>Container(64).OnNext + Control.IsVIsible(64)</visible>
				<animation effect="slide" end="0,0" easing="out" tween="sine" time="450">Hidden</animation>
				<include>Includes_OnNext_Posters</include>
			</control>
			<control type="fadelabel">
				<left>0</left>
				<top>280</top>
				<width>100%</width>
				<height>90</height>
				<textcolor>viewsinfo</textcolor>
				<font>FontSize_110</font>
				<scrollout>false</scrollout>
				<pauseatend>2000</pauseatend>
				<scrollspeed>30</scrollspeed>
				<align>center</align>
				<label>$INFO[ListItem.label]</label>
				<visible>!ListItem.IsParentFolder</visible>
				<animation effect="fade" start="100" end="0" time="250" condition="Control.IsVisible(7001) | Control.IsVisible(7002)">Conditional</animation>
				<visible>!Control.IsVisible(7001) + !Control.IsVisible(7002)</visible>
			</control>
			<!-- Static -->
			<control type="group" id="7000">
				<left>492</left>
				<top>250</top>
				<visible>![Control.IsVisible(7001) | Control.IsVisible(7002)] + Integer.IsGreater(Container(64).NumItems,0)</visible>
				<include>Includes_Static_Posters</include>
			</control>
			<control type="fixedlist" id="64">
				<left>492</left>
				<top>220</top>
				<width>200</width>
				<height>300</height>
				<onleft>64</onleft>
				<onright>64</onright>
				<onup>9111</onup>
				<ondown>6064</ondown>
				<oninfo condition="$EXP[MoviesSetsCondition]">SetProperty(ShowTextViewer,1,home)</oninfo>
				<oninfo condition="$EXP[MoviesSetsCondition]">RunScript(script.embuary.helper,action=textviewer,header=$INFO[ListItem.Label],message='"$VAR[GlobalPlotDescription]"')</oninfo>
				<pagecontrol>6064</pagecontrol>
				<orientation>horizontal</orientation>
				<viewtype label="$LOCALIZE[31084] 2">list</viewtype>
				<visible>$EXP[PostersViewVideos2_64]</visible>
				<itemlayout width="2000" height="300"/>
				<focusedlayout width="2000" height="300">
					<control type="image">
						<left>0</left>
						<top>0</top>
						<width>200</width>
						<height>300</height>
						<texture/>
					</control>
				</focusedlayout>
			</control>
			<!-- Info -->
			<control type="grouplist">
				<centerleft>50%</centerleft>
				<top>135</top>
				<width>100%</width>
				<align>center</align>
				<itemgap>0</itemgap>
				<orientation>horizontal</orientation>
				<animation effect="fade" start="100" end="0" time="250" condition="Control.IsVisible(7001) | Control.IsVisible(7002)">Conditional</animation>
				<visible>!Control.IsVisible(7001) + !Control.IsVisible(7002)</visible>
				<include>ViewsBigInfo_Horizontal</include>
			</control>
			<control type="scrollbar" id="6064">
				<left>2</left>
				<top>712</top>
				<width>1258</width>
				<height>6</height>
				<texturesliderbackground></texturesliderbackground>
				<texturesliderbar border="14,0,14,0">views/scrollbar/scrollbar_horizontal.png</texturesliderbar>
				<texturesliderbarfocus border="14,0,14,0">views/scrollbar/scrollbar_horizontal.png</texturesliderbarfocus>
				<textureslidernib></textureslidernib>
				<textureslidernibfocus></textureslidernibfocus>
				<onup>64</onup>
				<ondown>9555</ondown>
				<showonepage>false</showonepage>
				<orientation>horizontal</orientation>
				<animation effect="fade" start="100" end="0" time="250" condition="!Control.HasFocus(6064) + !Container.Scrolling">Conditional</animation>
			</control>
		</control>
	</include>



	<!-- ================================================ -->
	<!-- ############ Posters2View "64" Art ############# -->
	<!-- ================================================ -->
	<include name="Includes_OnPrevious_Posters">
		<!-- Button -5 -->
		<control type="group">
			<visible>Container(64).OnPrevious</visible>
			<animation type="Hidden" reversible="false">
				<effect type="slide" end="165,0" easing="out" tween="sine" time="450" />
			</animation>
			<left>-777</left>
			<top>105</top>
      <include>PosterVarsNoFocus</include>
			<include content="VarArtIndexPoster">
				<param name="IndexNum" value="-4"/>
				<param name="PosterVars" value="PosterVarsNoFocus"/>
				<param name="posterdiffuse" value="views/posters/posterdiffuse_left.png"/>
				<param name="refelectiondiffuse" value="views/posters/reflection_diffuse_left.png"/>
				<param name="unwatchedflip" value="true"/>
			</include>
		</control>

		<!-- Button 5 -->
		<control type="group">
			<visible>Container(64).OnPrevious</visible>
			<animation type="Hidden" reversible="false">
				<effect type="slide" end="165,0" easing="out" tween="sine" time="450" />
			</animation>
			<left>738</left>
			<top>105</top>
      <include>PosterVarsNoFocus</include>
			<include content="VarArtIndexPoster">
				<param name="IndexNum" value="5"/>
				<param name="PosterVars" value="PosterVarsNoFocus"/>
				<param name="posterdiffuse" value="views/posters/posterdiffuse_right.png"/>
				<param name="refelectiondiffuse" value="views/posters/reflection_diffuse_right.png"/>
			</include>
		</control>

		<!-- Button -4 -->
		<control type="group">
			<visible>Container(64).OnPrevious</visible>
			<animation type="Hidden" reversible="false">
				<effect type="slide" end="165,0" easing="out" tween="sine" time="450" />
			</animation>
			<left>-612</left>
			<top>105</top>
      <include>PosterVarsNoFocus</include>
			<include content="VarArtIndexPoster">
				<param name="IndexNum" value="-3"/>
				<param name="PosterVars" value="PosterVarsNoFocus"/>
				<param name="posterdiffuse" value="views/posters/posterdiffuse_left.png"/>
				<param name="refelectiondiffuse" value="views/posters/reflection_diffuse_left.png"/>
				<param name="unwatchedflip" value="true"/>
			</include>
		</control>

		<!-- Button 4 -->
		<control type="group">
			<visible>Container(64).OnPrevious</visible>
			<animation type="Hidden" reversible="false">
				<effect type="slide" end="165,0" easing="out" tween="sine" time="450" />
			</animation>
			<left>573</left>
			<top>105</top>
      <include>PosterVarsNoFocus</include>
			<include content="VarArtIndexPoster">
				<param name="IndexNum" value="4"/>
				<param name="PosterVars" value="PosterVarsNoFocus"/>
				<param name="posterdiffuse" value="views/posters/posterdiffuse_right.png"/>
				<param name="refelectiondiffuse" value="views/posters/reflection_diffuse_right.png"/>
			</include>
		</control>

		<!-- Button -3 -->
		<control type="group">
			<visible>Container(64).OnPrevious</visible>
			<animation type="Hidden" reversible="false">
				<effect type="slide" end="165,0" easing="out" tween="sine" time="450" />
			</animation>
			<left>-447</left>
			<top>105</top>
      <include>PosterVarsNoFocus</include>
			<include content="VarArtIndexPoster">
				<param name="IndexNum" value="-2"/>
				<param name="PosterVars" value="PosterVarsNoFocus"/>
				<param name="posterdiffuse" value="views/posters/posterdiffuse_left.png"/>
				<param name="refelectiondiffuse" value="views/posters/reflection_diffuse_left.png"/>
				<param name="unwatchedflip" value="true"/>
			</include>
		</control>
		
		<!-- Button 3 -->
		<control type="group">
			<visible>Container(64).OnPrevious</visible>
			<animation type="Hidden" reversible="false">
				<effect type="slide" end="165,0" easing="out" tween="sine" time="450" />
			</animation>
			<left>408</left>
			<top>105</top>
      <include>PosterVarsNoFocus</include>
			<include content="VarArtIndexPoster">
				<param name="IndexNum" value="3"/>
				<param name="PosterVars" value="PosterVarsNoFocus"/>
				<param name="posterdiffuse" value="views/posters/posterdiffuse_right.png"/>
				<param name="refelectiondiffuse" value="views/posters/reflection_diffuse_right.png"/>
			</include>
		</control>

		<!-- Button -2 -->
		<control type="group">
			<visible>Container(64).OnPrevious</visible>
			<animation type="Hidden" reversible="false">
				<effect type="slide" end="165,0" easing="out" tween="sine" time="450" />
			</animation>
			<left>-282</left>
			<top>105</top>
      <include>PosterVarsNoFocus</include>
			<include content="VarArtIndexPoster">
				<param name="IndexNum" value="-1"/>
				<param name="PosterVars" value="PosterVarsNoFocus"/>
				<param name="posterdiffuse" value="views/posters/posterdiffuse_left.png"/>
				<param name="refelectiondiffuse" value="views/posters/reflection_diffuse_left.png"/>
				<param name="unwatchedflip" value="true"/>
			</include>
		</control>
		
		<!-- Button 2 -->
		<control type="group">
			<visible>Container(64).OnPrevious</visible>
      <animation type="Hidden" reversible="false">
          <effect type="slide" end="165,0" easing="out" tween="sine" time="450" />
			</animation>
			<left>243</left>
			<top>105</top>
      <include>PosterVarsNoFocus</include>
			<include content="VarArtIndexPoster">
				<param name="IndexNum" value="2"/>
				<param name="PosterVars" value="PosterVarsNoFocus"/>
				<param name="posterdiffuse" value="views/posters/posterdiffuse_right.png"/>
				<param name="refelectiondiffuse" value="views/posters/reflection_diffuse_right.png"/>
			</include>
		</control>

		<!-- Button 1 Fade Out to Right -->
		<!-- Focus -->
		<control type="group">
			<visible>Container(64).OnPrevious</visible>
			<animation type="Hidden" reversible="false">
				<effect type="zoom" end="243,105,170,255" easing="out" tween="sine" time="450" />
				<effect type="fade" start="100" end="0" time="350" />
			</animation>
			<left>48</left>
			<top>82</top>
      <include>PosterVarsFocus</include>
			<!-- Glow -->
			<control type="image">
				<left>-158</left>
				<top>-147</top>
				<width>515</width>
				<height>592</height>
				<texture background="true" colordiffuse="$VAR[Textures.GlobalColor]">views/posters/poster_glow.png</texture>
  			<visible>!Skin.HasSetting(DisablePostersView2_PosterGlow)</visible>
				<include>VisibleFadeEffect2</include>
			</control>
		</control>
		<!-- Thumb -->
		<control type="group">
			<visible>Container(64).OnPrevious</visible>
			<animation type="Hidden" reversible="false">
				<effect type="zoom" end="243,105,170,255" easing="out" tween="sine" time="450" />
			</animation>
			<left>48</left>
			<top>82</top>
      <include>PosterVarsFocus</include>
			<include content="VarArtIndexPoster">
				<param name="IndexNum" value="1"/>
				<param name="PosterVars" value="PosterVarsFocus"/>
				<param name="refelectiontop" value="300"/>
				<param name="refelectiondiffuse" value="views/posters/reflection_diffuse_right.png"/>
			</include>
		</control>
		<!-- Shadow -->
		<control type="group">
			<visible>Container(64).OnPrevious</visible>
			<animation type="Hidden" reversible="false">
				<effect type="zoom" end="243,105,170,255" easing="out" tween="sine" time="450" />
				<effect type="fade" start="0" end="100" time="350" />
			</animation>
			<animation type="Visible" reversible="false">
				<effect type="fade" start="0" end="0" time="0" />
			</animation>
			<left>48</left>
			<top>82</top>
      <include>PosterVarsFocus</include>
			<control type="image">
        <include>PosterVarsFocus</include>
				<texture background="true">views/posters/poster_shadow.png</texture>
		  </control>
		</control>

		<!-- Button 1 Fade In from Left -->
		<!-- Focus -->
		<control type="group">
			<visible>Container(64).OnPrevious</visible>
			<animation type="Hidden" reversible="false">
				<effect type="zoom" end="48,82,200,300" easing="out" tween="sine" time="450" />
				<effect type="fade" start="0" end="100" time="350" />
			</animation>
			<animation type="Visible" reversible="false">
				<effect type="fade" start="0" end="0" time="0" />
			</animation>
			<left>-117</left>
			<top>105</top>
      <include>PosterVarsNoFocus</include>
			<!-- Glow -->
			<control type="image">
				<left>-136</left>
				<top>-125</top>
				<width>441</width>
				<height>503</height>
				<texture background="true" colordiffuse="$VAR[Textures.GlobalColor]">views/posters/poster_glow.png</texture>
  			<visible>!Skin.HasSetting(DisablePostersView2_PosterGlow)</visible>
				<include>VisibleFadeEffect2</include>
			</control>
		</control>
		<!-- Thumb -->
		<control type="group">
			<visible>Container(64).OnPrevious</visible>
			<animation type="Hidden" reversible="false">
				<effect type="zoom" end="48,82,200,300" easing="out" tween="sine" time="450" />
			</animation>
			<left>-117</left>
			<top>105</top>
      <include>PosterVarsNoFocus</include>
			<include content="VarArtIndexPoster">
				<param name="IndexNum" value="0"/>
				<param name="PosterVars" value="PosterVarsNoFocus"/>
				<param name="refelectiondiffuse" value="views/posters/reflection_diffuse_center.png"/>
			</include>
		</control>
		<!-- Shadow -->
		<control type="group">
			<visible>Container(64).OnPrevious</visible>
			<animation type="Hidden" reversible="false">
				<effect type="zoom" end="48,82,200,300" easing="out" tween="sine" time="450" />
				<effect type="fade" start="100" end="0" time="350" />
			</animation>
			<left>-117</left>
			<top>105</top>
      <include>PosterVarsNoFocus</include>
			<control type="image">
        <include>PosterVarsNoFocus</include>
				<texture background="true" flipx="true">views/posters/poster_shadow.png</texture>
		  </control>
		</control>
	</include>

	<include name="Includes_OnNext_Posters">
		<!-- Button -5 -->
		<control type="group">
			<visible>Container(64).OnNext</visible>
			<animation type="Hidden" reversible="false">
				<effect type="slide" end="-165,0" easing="out" tween="sine" time="450" />
			</animation>
			<left>-612</left>
			<top>105</top>
      <include>PosterVarsNoFocus</include>
			<include content="VarArtIndexPoster">
				<param name="IndexNum" value="-5"/>
				<param name="PosterVars" value="PosterVarsNoFocus"/>
				<param name="posterdiffuse" value="views/posters/posterdiffuse_left.png"/>
				<param name="refelectiondiffuse" value="views/posters/reflection_diffuse_left.png"/>
				<param name="unwatchedflip" value="true"/>
			</include>
		</control>

		<!-- Button 5 -->
		<control type="group">
			<visible>Container(64).OnNext</visible>
			<animation type="Hidden" reversible="false">
				<effect type="fade" start="0" end="100" time="0" />
				<effect type="slide" end="-165,0" easing="out" tween="sine" time="450" />
			</animation>
			<left>903</left>
			<top>105</top>
      <include>PosterVarsNoFocus</include>
			<include content="VarArtIndexPoster">
				<param name="IndexNum" value="4"/>
				<param name="PosterVars" value="PosterVarsNoFocus"/>
				<param name="posterdiffuse" value="views/posters/posterdiffuse_right.png"/>
				<param name="refelectiondiffuse" value="views/posters/reflection_diffuse_right.png"/>
			</include>
		</control>

		<!-- Button -4 -->
		<control type="group">
			<visible>Container(64).OnNext</visible>
			<animation type="Hidden" reversible="false">
				<effect type="slide" end="-165,0" easing="out" tween="sine" time="450" />
			</animation>
			<left>-447</left>
			<top>105</top>
      <include>PosterVarsNoFocus</include>
			<include content="VarArtIndexPoster">
				<param name="IndexNum" value="-4"/>
				<param name="PosterVars" value="PosterVarsNoFocus"/>
				<param name="posterdiffuse" value="views/posters/posterdiffuse_left.png"/>
				<param name="refelectiondiffuse" value="views/posters/reflection_diffuse_left.png"/>
				<param name="unwatchedflip" value="true"/>
			</include>
		</control>

		<!-- Button 4 -->
		<control type="group">
			<visible>Container(64).OnNext</visible>
			<animation type="Hidden" reversible="false">
				<effect type="fade" start="0" end="100" time="0" />
				<effect type="slide" end="-165,0" easing="out" tween="sine" time="450" />
			</animation>
			<left>738</left>
			<top>105</top>
      <include>PosterVarsNoFocus</include>
			<include content="VarArtIndexPoster">
				<param name="IndexNum" value="3"/>
				<param name="PosterVars" value="PosterVarsNoFocus"/>
				<param name="posterdiffuse" value="views/posters/posterdiffuse_right.png"/>
				<param name="refelectiondiffuse" value="views/posters/reflection_diffuse_right.png"/>
			</include>
		</control>

		<!-- Button -3 -->
		<control type="group">
			<visible>Container(64).OnNext</visible>
			<animation type="Hidden" reversible="false">
				<effect type="slide" end="-165,0" easing="out" tween="sine" time="450" />
			</animation>
			<left>-282</left>
			<top>105</top>
      <include>PosterVarsNoFocus</include>
			<include content="VarArtIndexPoster">
				<param name="IndexNum" value="-3"/>
				<param name="PosterVars" value="PosterVarsNoFocus"/>
				<param name="posterdiffuse" value="views/posters/posterdiffuse_left.png"/>
				<param name="refelectiondiffuse" value="views/posters/reflection_diffuse_left.png"/>
				<param name="unwatchedflip" value="true"/>
			</include>
		</control>

		<!-- Button 3 -->
		<control type="group">
			<visible>Container(64).OnNext</visible>
			<animation type="Hidden" reversible="false">
				<effect type="slide" end="-165,0" easing="out" tween="sine" time="450" />
			</animation>
			<left>573</left>
			<top>105</top>
      <include>PosterVarsNoFocus</include>
			<include content="VarArtIndexPoster">
				<param name="IndexNum" value="2"/>
				<param name="PosterVars" value="PosterVarsNoFocus"/>
				<param name="posterdiffuse" value="views/posters/posterdiffuse_right.png"/>
				<param name="refelectiondiffuse" value="views/posters/reflection_diffuse_right.png"/>
			</include>
		</control>

		<!-- Button -2 -->
		<control type="group">
			<visible>Container(64).OnNext</visible>
			<animation type="Hidden" reversible="false">
				<effect type="slide" end="-165,0" easing="out" tween="sine" time="450" />
			</animation>
			<left>-117</left>
			<top>105</top>
      <include>PosterVarsNoFocus</include>
			<include content="VarArtIndexPoster">
				<param name="IndexNum" value="-2"/>
				<param name="PosterVars" value="PosterVarsNoFocus"/>
				<param name="posterdiffuse" value="views/posters/posterdiffuse_left.png"/>
				<param name="refelectiondiffuse" value="views/posters/reflection_diffuse_left.png"/>
				<param name="unwatchedflip" value="true"/>
			</include>
		</control>

		<!-- Button 2 -->
		<control type="group">
			<visible>Container(64).OnNext</visible>
			<animation type="Hidden" reversible="false">
				<effect type="slide" end="-165,0" easing="out" tween="sine" time="450" />
			</animation>
			<left>408</left>
			<top>105</top>
      <include>PosterVarsNoFocus</include>
			<include content="VarArtIndexPoster">
				<param name="IndexNum" value="1"/>
				<param name="PosterVars" value="PosterVarsNoFocus"/>
				<param name="posterdiffuse" value="views/posters/posterdiffuse_right.png"/>
				<param name="refelectiondiffuse" value="views/posters/reflection_diffuse_right.png"/>
			</include>
		</control>

		<!-- Button 1 Fade Out to Left -->
		<!-- Focus -->
		<control type="group">
			<visible>Container(64).OnNext</visible>
			<animation type="Hidden" reversible="false">
				<effect type="zoom" end="-117,105,170,255" easing="out" tween="sine" time="450" />
				<effect type="fade" start="100" end="0" time="350" />
			</animation>
			<left>48</left>
			<top>82</top>
      <include>PosterVarsFocus</include>
			<!-- Glow -->
			<control type="image">
				<left>-158</left>
				<top>-147</top>
				<width>515</width>
				<height>592</height>
				<texture background="true" colordiffuse="$VAR[Textures.GlobalColor]">views/posters/poster_glow.png</texture>
  			<visible>!Skin.HasSetting(DisablePostersView2_PosterGlow)</visible>
				<include>VisibleFadeEffect2</include>
			</control>
		</control>
		<!-- Thumb -->
		<control type="group">
			<visible>Container(64).OnNext</visible>
			<animation type="Hidden" reversible="false">
				<effect type="zoom" end="-117,105,170,255" easing="out" tween="sine" time="450" />
			</animation>
			<left>48</left>
			<top>82</top>
      <include>PosterVarsFocus</include>
			<include content="VarArtIndexPoster">
				<param name="IndexNum" value="-1"/>
				<param name="PosterVars" value="PosterVarsFocus"/>
				<param name="refelectiontop" value="300"/>
				<param name="refelectiondiffuse" value="views/posters/reflection_diffuse_left.png"/>
				<param name="unwatchedflip" value="true"/>
				<param name="fadeanimation" value="false"/>
			</include>
		</control>
		<!-- Shadow -->
		<control type="group">
			<visible>Container(64).OnNext</visible>
			<animation type="Hidden" reversible="false">
				<effect type="zoom" end="-117,105,170,255" easing="out" tween="sine" time="450" />
				<effect type="fade" start="0" end="100" time="350" />
			</animation>
			<animation type="Visible" reversible="false">
				<effect type="fade" start="0" end="0" time="0" />
			</animation>
			<left>48</left>
			<top>82</top>
      <include>PosterVarsFocus</include>
			<control type="image">
        <include>PosterVarsFocus</include>
				<texture background="true" flipx="true">views/posters/poster_shadow.png</texture>
			</control>
		</control>

		<!-- Button 1 Fade In from Right -->
		<!-- Focus -->
		<control type="group">
			<visible>Container(64).OnNext</visible>
			<animation type="Hidden" reversible="false">
				<effect type="zoom" end="48,82,200,300" easing="out" tween="sine" time="450" />
				<effect type="fade" start="0" end="100" time="350" />
			</animation>
			<animation type="Visible" reversible="false">
			   <effect type="fade" start="0" end="0" time="0" />
			</animation>
			<left>243</left>
			<top>105</top>
      <include>PosterVarsNoFocus</include>
			<!-- Glow -->
			<control type="image">
				<left>-136</left>
				<top>-125</top>
				<width>441</width>
				<height>503</height>
				<texture background="true" colordiffuse="$VAR[Textures.GlobalColor]">views/posters/poster_glow.png</texture>
  			<visible>!Skin.HasSetting(DisablePostersView2_PosterGlow)</visible>
				<include>VisibleFadeEffect2</include>
			</control>
		</control>
		<!-- Thumb -->
		<control type="group">
			<visible>Container(64).OnNext</visible>
			<animation type="Hidden" reversible="false">
				<effect type="zoom" end="48,82,200,300" easing="out" tween="sine" time="450" />
			</animation>
			<left>243</left>
			<top>105</top>
      <include>PosterVarsNoFocus</include>
			<include content="VarArtIndexPoster">
				<param name="IndexNum" value="0"/>
				<param name="PosterVars" value="PosterVarsNoFocus"/>
				<param name="refelectiondiffuse" value="views/posters/reflection_diffuse_center.png"/>
				<param name="fadeanimation" value="false"/>
			</include>
		</control>
		<!-- Shadow -->
		<control type="group">
			<visible>Container(64).OnNext</visible>
			<animation type="Hidden" reversible="false">
				<effect type="zoom" end="48,82,200,300" easing="out" tween="sine" time="450" />
				<effect type="fade" start="100" end="0" time="350" />
			</animation>
			<left>243</left>
			<top>105</top>
      <include>PosterVarsNoFocus</include>
			<control type="image">
        <include>PosterVarsNoFocus</include>
				<texture background="true">views/posters/poster_shadow.png</texture>
			</control>
		</control>
	</include>

	<include name="Includes_Static_Posters">
		<!-- Button -5 -->
		<control type="group">
			<left>-612</left>
			<top>105</top>
      <include>PosterVarsNoFocus</include>
			<include content="VarArtIndexPoster">
				<param name="IndexNum" value="-4"/>
				<param name="PosterVars" value="PosterVarsNoFocus"/>
				<param name="posterdiffuse" value="views/posters/posterdiffuse_left.png"/>
				<param name="refelectiondiffuse" value="views/posters/reflection_diffuse_left.png"/>
				<param name="unwatchedflip" value="true"/>
			</include>
		</control>

		<!-- Button 5 -->
		<control type="group">
			<left>738</left>
			<top>105</top>
      <include>PosterVarsNoFocus</include>
			<include content="VarArtIndexPoster">
				<param name="IndexNum" value="4"/>
				<param name="PosterVars" value="PosterVarsNoFocus"/>
				<param name="posterdiffuse" value="views/posters/posterdiffuse_right.png"/>
				<param name="refelectiondiffuse" value="views/posters/reflection_diffuse_right.png"/>
			</include>
		</control>

		<!-- Button -4 -->
		<control type="group">
			<left>-447</left>
			<top>105</top>
      <include>PosterVarsNoFocus</include>
			<include content="VarArtIndexPoster">
				<param name="IndexNum" value="-3"/>
				<param name="PosterVars" value="PosterVarsNoFocus"/>
				<param name="posterdiffuse" value="views/posters/posterdiffuse_left.png"/>
				<param name="refelectiondiffuse" value="views/posters/reflection_diffuse_left.png"/>
				<param name="unwatchedflip" value="true"/>
			</include>
		</control>

		<!-- Button 4 -->
		<control type="group">
			<left>573</left>
			<top>105</top>
      <include>PosterVarsNoFocus</include>
			<include content="VarArtIndexPoster">
				<param name="IndexNum" value="3"/>
				<param name="PosterVars" value="PosterVarsNoFocus"/>
				<param name="posterdiffuse" value="views/posters/posterdiffuse_right.png"/>
				<param name="refelectiondiffuse" value="views/posters/reflection_diffuse_right.png"/>
			</include>
		</control>

		<!-- Button -3 -->
		<control type="group">
			<left>-282</left>
			<top>105</top>
      <include>PosterVarsNoFocus</include>
			<include content="VarArtIndexPoster">
				<param name="IndexNum" value="-2"/>
				<param name="PosterVars" value="PosterVarsNoFocus"/>
				<param name="posterdiffuse" value="views/posters/posterdiffuse_left.png"/>
				<param name="refelectiondiffuse" value="views/posters/reflection_diffuse_left.png"/>
				<param name="unwatchedflip" value="true"/>
			</include>
		</control>

		<!-- Button 3 -->
		<control type="group">
			<left>408</left>
			<top>105</top>
      <include>PosterVarsNoFocus</include>
			<include content="VarArtIndexPoster">
				<param name="IndexNum" value="2"/>
				<param name="PosterVars" value="PosterVarsNoFocus"/>
				<param name="posterdiffuse" value="views/posters/posterdiffuse_right.png"/>
				<param name="refelectiondiffuse" value="views/posters/reflection_diffuse_right.png"/>
			</include>
		</control>

		<!-- Button -2 -->
		<control type="group">
			<left>-117</left>
			<top>105</top>
      <include>PosterVarsNoFocus</include>
			<include content="VarArtIndexPoster">
				<param name="IndexNum" value="-1"/>
				<param name="PosterVars" value="PosterVarsNoFocus"/>
				<param name="posterdiffuse" value="views/posters/posterdiffuse_left.png"/>
				<param name="refelectiondiffuse" value="views/posters/reflection_diffuse_left.png"/>
				<param name="unwatchedflip" value="true"/>
			</include>
		</control>
		
		<!-- Button 2 -->
		<control type="group">
			<left>243</left>
			<top>105</top>
      <include>PosterVarsNoFocus</include>
			<include content="VarArtIndexPoster">
				<param name="IndexNum" value="1"/>
				<param name="PosterVars" value="PosterVarsNoFocus"/>
				<param name="posterdiffuse" value="views/posters/posterdiffuse_right.png"/>
				<param name="refelectiondiffuse" value="views/posters/reflection_diffuse_right.png"/>
			</include>
		</control>

		<!-- Button 1 -->
		<control type="group">
			<left>48</left>
			<top>82</top>
      <include>PosterVarsFocus</include>
			<control type="image">
				<left>-158</left>
				<top>-147</top>
				<width>515</width>
				<height>592</height>
				<texture background="true" colordiffuse="$VAR[Textures.GlobalColor]">views/posters/poster_glow.png</texture>
  			<visible>!Skin.HasSetting(DisablePostersView2_PosterGlow)</visible>
				<include>VisibleFadeEffect2</include>
			</control>
			<include content="VarArtIndexPoster">
				<param name="IndexNum" value="0"/>
				<param name="PosterVars" value="PosterVarsFocus"/>
				<param name="refelectiontop" value="300"/>
				<param name="refelectiondiffuse" value="views/posters/reflection_diffuse_center.png"/>
				<param name="fadeanimation" value="false"/>
			</include>
		</control>
	</include>

	<!-- Posters2View Vars -->
	<include name="PosterVarsFocus">
		<width>200</width>
		<height>300</height>
	</include>
	<include name="PosterVarsNoFocus">
		<width>170</width>
		<height>255</height>
	</include>

	<include name="VarArtIndexPoster">
		<param name="refelectiontop">255</param>
		<param name="fadeanimation">true</param>
		<definition>
			<control type="image">
	      <include>$PARAM[PosterVars]</include>
				<texture background="true" diffuse="$PARAM[posterdiffuse]">views/posters/poster_bg.png</texture>
			</control>
			<control type="image">
	      <include>$PARAM[PosterVars]</include>
				<texture background="true" diffuse="$PARAM[posterdiffuse]" fallback="thumbs/fallback_poster_big_tp.png">$INFO[ListItem($PARAM[IndexNum]).Art(poster)]</texture>
				<aspectratio align="center" aligny="center">scale</aspectratio>
				<visible>!ListItem($PARAM[IndexNum]).IsParentFolder</visible>
			</control>
			<control type="image">
	      <include>$PARAM[PosterVars]</include>
				<texture background="true" diffuse="$PARAM[posterdiffuse]" fallback="thumbs/DefaultFolderBack.png/folderback_poster_big_tp.png">$INFO[ListItem($PARAM[IndexNum]).Art(poster)]</texture>
				<aspectratio align="center" aligny="center">scale</aspectratio>
				<visible>ListItem($PARAM[IndexNum]).IsParentFolder</visible>
			</control>
			<control type="image">
	      <include>$PARAM[PosterVars]</include>
				<texture background="true" flipx="$PARAM[unwatchedflip]">overlays/unwatched/slide/UnWatched_Poster.png</texture>
				<visible>String.IsEqual(ListItem($PARAM[IndexNum]).Overlay,OverlayUnWatched.png)</visible>
				<animation effect="fade" start="100" end="40" time="350" condition="$PARAM[fadeanimation]">Conditional</animation>
			</control>
			<control type="image">
				<top>$PARAM[refelectiontop]</top>
	      <include>$PARAM[PosterVars]</include>
				<texture background="true" flipy="true" diffuse="$PARAM[refelectiondiffuse]" fallback="thumbs/fallback_poster_big_tp.png">$INFO[ListItem($PARAM[IndexNum]).Art(poster)]</texture>
				<aspectratio align="center" aligny="center">scale</aspectratio>
			</control>
		</definition>
	</include>

</includes>

