<?xml version="1.0" encoding="UTF-8"?>
<includes> 

	<!-- ============================= -->
	<!-- ==== List Wall View "58" ==== -->
	<!-- ============================= -->
	<include name="ListWallView_Videos">
		<control type="group">
			<left>0</left>
			<top>-1</top>
			<visible>Control.IsVisible(58)</visible>
			<control type="image">
				<include>FullscreenDimensions</include>
				<texture>windows/bg/black.png</texture>
				<include>InfoDialogsVisible_ZoomAnimation</include>
				<include>TextViewerHideAnimations</include>
				<animation type="WindowOpen" tween="sine" easing="out">
					<effect type="fade" start="0" end="100" time="1000"/>
				</animation>
				<animation type="WindowClose" tween="sine" easing="out">
					<effect type="fade" start="100" end="0" time="1000" delay="1200"/>
				</animation>
			</control>
			<!-- Walls -->
			<control type="group" id="6013">
				<animation reversible="false" effect="slide" start="0,0" end="0,-242" time="400" tween="quadratic" easing="out">Hidden</animation>
				<visible>Container.OnNext</visible>
				<include>Includes_OnNext_ListWall</include>
			</control>
			<control type="group" id="6014">
				<animation reversible="false" effect="slide" start="0,0" end="0,242" time="400" tween="quadratic" easing="out">Hidden</animation>
				<visible>Container.OnPrevious</visible>
				<include>Includes_OnPrevious_ListWall</include>
			</control>
			<control type="group">
				<animation type="WindowOpen" tween="sine" easing="out">
					<effect type="fade" start="0" end="100" time="1000"/>
				</animation>
				<animation type="WindowClose" tween="sine" easing="out">
					<effect type="fade" start="100" end="0" time="1000" delay="800"/>
				</animation>
				<visible>!Control.IsVisible(6013) + !Control.IsVisible(6014)</visible>
				<include>Includes_Static_ListWall</include>
				<include>InfoDialogsVisible_ZoomAnimation</include>
				<include>TextViewerHideAnimations</include>
			</control>
		</control>

		<control type="group">
			<visible>Control.IsVisible(58)</visible>
			<!-- Overlays -->
			<control type="group">
				<include>InfoDialogsVisible_FadeAnimation</include>
				<include>TextViewerHideAnimations</include>
				<animation effect="fade" start="0" end="100" time="400" tween="sine" easing="out">WindowOpen</animation>
				<animation effect="fade" start="100" end="0" time="2000" tween="sine" easing="out">WindowClose</animation>
				<control type="image">
					<include>FullscreenDimensions</include>
					<texture background="true">views/wall/wall_overlay.png</texture>
				</control>
				<control type="image">
					<include>FullscreenDimensions</include>
					<texture background="true">views/wall/wall_mask.png</texture>
				</control>
			</control>

			<!-- Art -->
			<control type="group">
				<include>InfoDialogsVisible_ZoomAnimation</include>
				<include>TextViewerHideAnimations</include>
				<control type="image">
					<left>438</left>
					<top>25</top>
					<width>582</width>
					<height>708</height>
					<texture background="true" colordiffuse="$VAR[Textures.GlobalColor]">$VAR[WallViewsGlows]</texture>
					<animation type="WindowOpen">
						<effect type="fade" start="0" end="100" time="500" delay="800" tween="sine" easing="out"/>
						<effect type="zoom" start="540,148,371,438" end="438,25,582,708" time="980" delay="750" tween="sine" easing="out"/>
					</animation>
					<animation type="WindowClose">
						<effect type="zoom" start="438,25,582,708" end="540,148,371,438" time="980" delay="0" tween="sine" easing="out"/>
						<effect type="fade" start="100" end="0" time="500" delay="650" tween="sine" easing="out"/>
					</animation>
				</control>
				<!-- DiscArt Movies -->
				<control type="group">
					<visible>!$EXP[MoviesSetsCondition] + !Container.Content(TVShows)</visible>
					<animation type="Conditional" condition="[Control.IsVisible(6013) | Control.IsVisible(6014) | $EXP[MoviesSetsCondition]]">
						<effect type="fade" start="100" end="0" time="200" delay="0" tween="sine" easing="out"/>
						<effect type="slide" start="0,0" end="-125,0" time="200" delay="0" tween="sine" easing="in"/>
					</animation>
					<control type="image">
						<left>625</left>
						<top>260</top>
						<width>186</width>
						<height>186</height>
						<texture background="true">views/wall/bluray.png</texture>
						<animation type="WindowOpen">
							<effect type="fade" start="0" end="100" time="500" delay="800" tween="sine" easing="out"/>
							<effect type="zoom" start="625,260,186,186" end="560,198,346,346" time="980" delay="750" tween="sine" easing="out"/>
							<effect type="slide" start="0,0" end="67,0" time="980" delay="750" tween="sine" easing="out"/>
						</animation>
						<animation type="WindowClose">
							<effect type="fade" start="100" end="0" time="400" delay="200" tween="sine" easing="out"/>
							<effect type="zoom" start="560,198,346,346" end="625,260,186,186" time="780" delay="0" tween="sine" easing="out"/>
							<effect type="slide" start="67,0" end="0,0" time="780" delay="0" tween="sine" easing="out"/>
						</animation>
						<animation type="Conditional" condition="!Integer.IsGreater(ListItem.VideoResolution,719) | String.IsEmpty(ListItem.VideoResolution) | !String.IsEmpty(ListItem.Art(discart))">
							<effect type="fade" start="100" end="0" time="300" delay="0" tween="sine" easing="out"/>
						</animation>
					</control>
					<control type="image">
						<left>625</left>
						<top>260</top>
						<width>186</width>
						<height>186</height>
						<texture background="true">views/wall/dvd.png</texture>
						<animation type="WindowOpen">
							<effect type="fade" start="0" end="100" time="500" delay="800" tween="sine" easing="out"/>
							<effect type="zoom" start="625,260,186,186" end="560,198,346,346" time="980" delay="750" tween="sine" easing="out"/>
							<effect type="slide" start="0,0" end="67,0" time="980" delay="750" tween="sine" easing="out"/>
						</animation>
						<animation type="WindowClose">
							<effect type="fade" start="100" end="0" time="400" delay="200" tween="sine" easing="out"/>
							<effect type="zoom" start="560,198,346,346" end="625,260,186,186" time="780" delay="0" tween="sine" easing="out"/>
							<effect type="slide" start="67,0" end="0,0" time="780" delay="0" tween="sine" easing="out"/>
						</animation>
						<animation type="Conditional" condition="Integer.IsGreater(ListItem.VideoResolution,719) | String.IsEmpty(ListItem.VideoResolution) | !String.IsEmpty(ListItem.Art(discart))">
							<effect type="fade" start="100" end="0" time="300" delay="0" tween="sine" easing="out"/>
						</animation>
					</control>
					<control type="image">
						<left>625</left>
						<top>260</top>
						<width>186</width>
						<height>186</height>
						<texture background="true">$INFO[ListItem.Art(discart)]</texture>
						<animation effect="fade" start="100" end="0" time="350" delay="350">Hidden</animation>
						<visible>!Control.IsVisible(6013) + !Control.IsVisible(6014)</visible>
						<animation type="WindowOpen">
							<effect type="fade" start="0" end="100" time="500" delay="800" tween="sine" easing="out"/>
							<effect type="zoom" start="625,260,186,186" end="560,198,346,346" time="980" delay="750" tween="sine" easing="out"/>
							<effect type="slide" start="0,0" end="67,0" time="980" delay="750" tween="sine" easing="out"/>
						</animation>
						<animation type="WindowClose">
							<effect type="fade" start="100" end="0" time="400" delay="200" tween="sine" easing="out"/>
							<effect type="zoom" start="560,198,346,346" end="625,260,186,186" time="780" delay="0" tween="sine" easing="out"/>
							<effect type="slide" start="67,0" end="0,0" time="780" delay="0" tween="sine" easing="out"/>
						</animation>
					</control>
				</control>
				<!-- DiscArt Sets -->
				<control type="group">
					<visible>$EXP[MoviesSetsCondition]</visible>
					<animation effect="slide" start="0,0" end="0,-40" time="0" tween="sine" easing="inout" condition="String.IsEmpty(Container(9994).ListItemAbsolute(0).Art(discart))">Conditional</animation>
					<animation effect="slide" start="0,0" end="0,40" time="0" tween="sine" easing="inout" condition="String.IsEmpty(Container(9994).ListItemAbsolute(1).Art(discart))">Conditional</animation>
					<animation effect="slide" start="0,0" end="0,40" time="0" tween="sine" easing="inout" condition="String.IsEmpty(Container(9994).ListItemAbsolute(2).Art(discart))">Conditional</animation>
					<animation type="Conditional" condition="[Control.IsVisible(6013) | Control.IsVisible(6014)]">
						<effect type="fade" start="100" end="0" time="200" delay="0" tween="sine" easing="out"/>
						<effect type="slide" start="0,0" end="-125,0" time="200" delay="0" tween="sine" easing="in"/>
					</animation>
					<control type="image">
						<left>625</left>
						<top>230</top>
						<width>156</width>
						<height>156</height>
						<texture background="true">$INFO[Container(9994).ListItemAbsolute(0).Art(discart)]</texture>
						<animation effect="fade" start="100" end="0" time="350" delay="350">Hidden</animation>
						<visible>!Control.IsVisible(6013) + !Control.IsVisible(6014)</visible>
						<animation type="WindowOpen">
							<effect type="fade" start="0" end="100" time="500" delay="800" tween="sine" easing="out"/>
							<effect type="zoom" start="625,230,156,156" end="545,188,206,206" time="980" delay="750" tween="sine" easing="out"/>
							<effect type="slide" start="0,0" end="160,0" time="980" delay="750" tween="sine" easing="out"/>
						</animation>
						<animation type="WindowClose">
							<effect type="fade" start="100" end="0" time="400" delay="200" tween="sine" easing="out"/>
							<effect type="zoom" start="545,188,206,206" end="625,230,156,156" time="780" delay="0" tween="sine" easing="out"/>
							<effect type="slide" start="160,0" end="0,0" time="780" delay="0" tween="sine" easing="out"/>
						</animation>
					</control>
					<control type="image">
						<left>625</left>
						<top>280</top>
						<width>156</width>
						<height>156</height>
						<texture background="true">$INFO[Container(9994).ListItemAbsolute(1).Art(discart)]</texture>
						<animation effect="fade" start="100" end="0" time="350" delay="350">Hidden</animation>
						<visible>!Control.IsVisible(6013) + !Control.IsVisible(6014)</visible>
						<animation type="WindowOpen">
							<effect type="fade" start="0" end="100" time="500" delay="800" tween="sine" easing="out"/>
							<effect type="zoom" start="625,280,156,156" end="545,268,206,206" time="980" delay="750" tween="sine" easing="out"/>
							<effect type="slide" start="0,0" end="160,0" time="980" delay="750" tween="sine" easing="out"/>
						</animation>
						<animation type="WindowClose">
							<effect type="fade" start="100" end="0" time="400" delay="200" tween="sine" easing="out"/>
							<effect type="zoom" start="545,268,206,206" end="625,280,156,156" time="780" delay="0" tween="sine" easing="out"/>
							<effect type="slide" start="160,0" end="0,0" time="780" delay="0" tween="sine" easing="out"/>
						</animation>
					</control>
					<control type="image">
						<left>625</left>
						<top>320</top>
						<width>156</width>
						<height>156</height>
						<texture background="true">$INFO[Container(9994).ListItemAbsolute(2).Art(discart)]</texture>
						<animation effect="fade" start="100" end="0" time="350" delay="350">Hidden</animation>
						<animation effect="slide" start="0,0" end="0,-80" time="0" tween="sine" easing="inout" condition="String.IsEmpty(Container(9994).ListItemAbsolute(1).Art(discart))">Conditional</animation>
						<visible>!Control.IsVisible(6013) + !Control.IsVisible(6014)</visible>
						<animation type="WindowOpen">
							<effect type="fade" start="0" end="100" time="500" delay="800" tween="sine" easing="out"/>
							<effect type="zoom" start="625,320,156,156" end="545,348,206,206" time="980" delay="750" tween="sine" easing="out"/>
							<effect type="slide" start="0,0" end="160,0" time="980" delay="750" tween="sine" easing="out"/>
						</animation>
						<animation type="WindowClose">
							<effect type="fade" start="100" end="0" time="400" delay="200" tween="sine" easing="out"/>
							<effect type="zoom" start="545,348,206,206" end="625,320,156,156" time="780" delay="0" tween="sine" easing="out"/>
							<effect type="slide" start="160,0" end="0,0" time="780" delay="0" tween="sine" easing="out"/>
						</animation>
					</control>
				</control>
				<control type="image">
					<left>625</left>
					<top>260</top>
					<width>186</width>
					<height>186</height>
					<texture background="true">views/wall/disc_shadow.png</texture>
					<animation type="WindowOpen">
						<effect type="fade" start="0" end="100" time="500" delay="800" tween="sine" easing="out"/>
						<effect type="zoom" start="625,260,186,186" end="535,142,376,454" time="980" delay="750" tween="sine" easing="out"/>
						<effect type="slide" start="0,0" end="67,0" time="980" delay="750" tween="sine" easing="out"/>
					</animation>
					<animation type="WindowClose">
						<effect type="fade" start="100" end="0" time="400" delay="200" tween="sine" easing="out"/>
						<effect type="zoom" start="535,142,376,454" end="625,260,186,186" time="780" delay="0" tween="sine" easing="out"/>
						<effect type="slide" start="67,0" end="0,0" time="780" delay="0" tween="sine" easing="out"/>
					</animation>
					<animation type="Conditional" condition="[Control.IsVisible(6013) | Control.IsVisible(6014) | Container.Content(TVShows)]">
						<effect type="fade" start="100" end="0" time="200" delay="0" tween="sine" easing="out"/>
						<effect type="slide" start="0,0" end="-125,0" time="200" delay="0" tween="sine" easing="in"/>
					</animation>
				</control>
				<control type="image">
					<left>600</left>
					<top>176</top>
					<width>258</width>
					<height>386</height>
					<aspectratio aligny="center" align="center" scalediffuse="false">scale</aspectratio>
					<texture background="true" diffuse="views/wall/poster_diffuse.png">$VAR[WallViewsBigPoster0]</texture>
					<animation type="WindowOpen">
						<effect type="fade" start="0" end="100" time="500" delay="500"  tween="sine" easing="out"/>
						<effect type="zoom" start="640,240,162,242" end="600,176,258,386" time="980" delay="750"  tween="sine" easing="out"/>
					</animation>
					<animation type="WindowClose">
						<effect type="zoom" start="600,176,258,386" end="640,240,162,242" time="980" delay="0"  tween="sine" easing="out"/>
						<effect type="fade" start="100" end="0" time="500" delay="800"  tween="sine" easing="out"/>
					</animation>
				</control>
				<control type="image">
					<left>600</left>
					<top>176</top>
					<width>258</width>
					<height>386</height>
					<texture background="true">views/wall/poster_overlay.png</texture>
					<animation type="WindowOpen">
						<effect type="fade" start="0" end="100" time="500" delay="500"  tween="sine" easing="out"/>
						<effect type="zoom" start="640,240,162,242" end="600,176,258,386" time="980" delay="750"  tween="sine" easing="out"/>
					</animation>
					<animation type="WindowClose">
						<effect type="zoom" start="600,176,258,386" end="640,240,162,242" time="980" delay="0"  tween="sine" easing="out"/>
						<effect type="fade" start="100" end="0" time="500" delay="800"  tween="sine" easing="out"/>
					</animation>
				</control>
				<control type="image">
					<left>600</left>
					<top>176</top>
					<width>258</width>
					<height>386</height>
					<aspectratio aligny="center" align="center" scalediffuse="false">scale</aspectratio>
					<texture background="true" diffuse="views/wall/poster_diffuse.png">$VAR[WallViewsBigPoster-1]</texture>
					<animation effect="fade" start="100" end="0" time="200" delay="150" condition="Control.IsVisible(6013)">Conditional</animation>
					<visible>Control.IsVisible(6013) + !ListItem(-1).IsParentFolder</visible>
				</control>
				<control type="image">
					<left>600</left>
					<top>176</top>
					<width>258</width>
					<height>386</height>
					<texture background="true">views/wall/poster_overlay.png</texture>
					<animation effect="fade" start="100" end="0" time="200" delay="150" condition="Control.IsVisible(6013)">Conditional</animation>
					<visible>Control.IsVisible(6013) + !ListItem(-1).IsParentFolder</visible>
				</control>
				<control type="image">
					<left>600</left>
					<top>176</top>
					<width>258</width>
					<height>386</height>
					<aspectratio aligny="center" align="center" scalediffuse="false">scale</aspectratio>
					<texture background="true" diffuse="views/wall/poster_diffuse.png">$VAR[WallViewsBigPoster+1]</texture>
					<animation effect="fade" start="100" end="0" time="200" delay="150" condition="Control.IsVisible(6014)">Conditional</animation>
					<visible>Control.IsVisible(6014) + !ListItem(1).IsParentFolder</visible>
				</control>
				<control type="image">
					<left>600</left>
					<top>176</top>
					<width>258</width>
					<height>386</height>
					<texture background="true">views/wall/poster_overlay.png</texture>
					<animation effect="fade" start="100" end="0" time="200" delay="150" condition="Control.IsVisible(6014)">Conditional</animation>
					<visible>Control.IsVisible(6014) + !ListItem(1).IsParentFolder</visible>
				</control>
			</control>
		</control>

		<!-- Media Info -->
		<control type="grouplist">
			<right>45</right>
			<top>0</top>
			<width>350</width>
			<height>102%</height>
			<itemgap>45</itemgap>
			<align>center</align>
			<include>InfoDialogsVisible_ZoomAnimation</include>
			<include>TextViewerHideAnimations</include>
			<animation type="WindowOpen">
				<effect type="fade" start="0" end="100" time="800" delay="800" tween="sine" easing="out"/>
				<effect type="slide" start="360" end="0" time="980" delay="750" tween="sine" easing="out"/>
			</animation>
			<animation type="WindowClose">
				<effect type="slide" start="0" end="360" time="980" delay="0" tween="sine" easing="out"/>
				<effect type="fade" start="100" end="0" time="800" delay="0" tween="sine" easing="out"/>
			</animation>
			<animation effect="fade" start="100" end="0" time="250" tween="quadratic" easing="in" condition="Control.IsVisible(6013) | Control.IsVisible(6014)">Conditional</animation>
			<visible>!Control.IsVisible(6013) + !Control.IsVisible(6014) + !$EXP[MoviesSetsCondition]</visible>
			<visible>Control.IsVisible(58)</visible>
			<include content="ViewsBigInfo_GroupListVertical">
				<param name="label_small" value="$LOCALIZE[345]"/>
				<param name="label_big" value="$INFO[ListItem.Year]"/>
				<param name="visible" value="!String.IsEmpty(ListItem.Year)"/>
			</include>
			<include content="ViewsBigInfo_GroupListVertical">
				<param name="label_small" value="$LOCALIZE[563]"/>
				<param name="label_big" value="$INFO[ListItem.Rating]"/>
				<param name="visible" value="!String.IsEmpty(ListItem.Rating)"/>
			</include>
			<include content="ViewsBigInfo_GroupListVertical">
				<param name="textcolor" value="FFF2BE42"/>
				<param name="label_small" value="#IMDb "/>
				<param name="label_big" value="$INFO[ListItem.Top250]"/>
				<param name="visible" value="!String.IsEmpty(ListItem.Top250)"/>
			</include>
			<include content="ViewsBigInfo_GroupListVertical">
				<param name="label_small" value="$LOCALIZE[180]"/>
				<param name="label_big" value="$VAR[ListItemDurationVar]"/>
				<param name="visible" value="!String.IsEmpty(ListItem.Duration)"/>
			</include>
			<include content="ViewsBigInfo_GroupListVertical">
				<param name="label_small" value="$LOCALIZE[169]"/>
				<param name="label_big" value="$INFO[ListItem.VideoResolution]"/>
				<param name="visible" value="!String.IsEmpty(ListItem.VideoResolution)"/>
			</include>
		</control>
		
		<!-- FixedList Container -->
		<control type="group">
			<visible>Control.IsVisible(58)</visible>
			<include>InfoDialogsVisible_ZoomAnimation</include>
			<include>TextViewerHideAnimations</include>
			<animation type="WindowOpen">
				<effect type="fade" start="0" end="100" time="800" delay="800" tween="sine" easing="out"/>
				<effect type="slide" start="-360" end="0" time="980" delay="750" tween="sine" easing="out"/>
			</animation>
			<animation type="WindowClose">
				<effect type="slide" start="0" end="-360" time="980" delay="0" tween="sine" easing="out"/>
				<effect type="fade" start="100" end="0" time="800" delay="0" tween="sine" easing="out"/>
			</animation>
			<animation type="Visible">
				<effect type="fade" start="0" end="100" time="800" delay="800" tween="sine" easing="out"/>
				<effect type="slide" start="-360" end="0" time="980" delay="750" tween="sine" easing="out"/>
			</animation>
			<animation type="Hidden">
				<effect type="slide" start="0" end="-360" time="980" delay="0" tween="sine" easing="out"/>
				<effect type="fade" start="100" end="0" time="800" delay="0" tween="sine" easing="out"/>
			</animation>
			<control type="fixedlist" id="58">
				<left>34</left>
				<top>165</top>
				<width>1190</width>
				<height>405</height>
				<onleft>6058</onleft>
				<onright>9444</onright>
				<onup>58</onup>
				<ondown>58</ondown>
				<oninfo condition="$EXP[MoviesSetsCondition]">SetProperty(ShowTextViewer,1,home)</oninfo>
				<oninfo condition="$EXP[MoviesSetsCondition]">RunScript(script.embuary.helper,action=textviewer,header=$INFO[ListItem.Label],message='"$VAR[GlobalPlotDescription]"')</oninfo>
				<focusposition>4</focusposition>
				<preloaditems>2</preloaditems>
				<movement>4</movement>
				<viewtype label="31088">Multiple Walls</viewtype>
				<pagecontrol>6058</pagecontrol>
				<scrolltime tween="quadratic" easing="out">400</scrolltime>
				<visible>$EXP[WallViewsCondition]</visible>
				<itemlayout height="45" width="710">
					<include>ListView_LabelOne</include>
					<include content="ListView_UnWatched">
						<param name="colordiffuse" value="viewsinfo"/>
						<param name="visible" value="!ListItem.IsPlaying"/>
					</include>
					<include content="ListView_UnWatched">
						<param name="colordiffuse" value="$VAR[Text.GlobalColor]"/>
						<param name="visible" value="ListItem.IsPlaying"/>
					</include>
					<include>ListView_LabelTwo</include>
				</itemlayout>
				<focusedlayout height="45" width="710">
					<control type="group">
						<include>ListFocusAnimation</include>
						<include content="ListView_LabelOne">
							<param name="textcolor" value="white"/>
							<param name="fallback" value="◎ ◎ ◎"/>
						</include>
						<include content="ListView_UnWatched">
							<param name="colordiffuse" value="white"/>
							<param name="visible" value="!ListItem.IsPlaying"/>
						</include>
						<include content="ListView_UnWatched">
							<param name="colordiffuse" value="$VAR[Text.GlobalColor]"/>
							<param name="visible" value="ListItem.IsPlaying"/>
						</include>
						<include content="ListView_LabelTwo">
							<param name="textcolor" value="white"/>
						</include>
					</control>
				</focusedlayout>
			</control>

			<control type="scrollbar" id="6058">
				<left>32</left>
				<top>179</top>
				<width>6</width>
				<height>380</height>
				<texturesliderbackground></texturesliderbackground>
				<texturesliderbar border="0,14,0,14">views/scrollbar/scrollbar.png</texturesliderbar>
				<texturesliderbarfocus border="0,14,0,14">views/scrollbar/scrollbar.png</texturesliderbarfocus>
				<textureslidernib></textureslidernib>
				<textureslidernibfocus></textureslidernibfocus>
				<onleft>9111</onleft>
				<onright>58</onright>
				<showonepage>false</showonepage>
				<orientation>vertical</orientation>
				<animation effect="fade" start="100" end="0" time="250" condition="!Control.HasFocus(6058) + !Container.Scrolling">Conditional</animation>
			</control>
			<control type="image">
				<left>62</left>
				<top>150</top>
				<width>24</width>
				<height>20</height>
				<texture colordiffuse="viewsinfo">views/scrollbar/arrow.png</texture>
			</control>
			<control type="image">
				<left>62</left>
				<top>565</top>
				<width>24</width>
				<height>20</height>
				<texture colordiffuse="viewsinfo" flipy="true">views/scrollbar/arrow.png</texture>
			</control>
		</control>
	</include>


	<!-- ============================================ -->
	<!-- ############ ListWall View "58" ############ -->
	<!-- ============================================ -->
	<include name="Includes_OnNext_ListWall">
		<!-- Column 1 -->
		<include content="VarArtIndexPosterWall">
			<param name="IndexNum" value="-14"/>
			<param name="left" value="0"/>
			<param name="top" value="0"/>
		</include>

		<include content="VarArtIndexPosterWall">
			<param name="IndexNum" value="-13"/>
			<param name="left" value="0"/>
			<param name="top" value="240"/>
		</include>

		<include content="VarArtIndexPosterWall">
			<param name="IndexNum" value="-12"/>
			<param name="left" value="0"/>
			<param name="top" value="480"/>
		</include>

		<include content="VarArtIndexPosterWall">
			<param name="IndexNum" value="-11"/>
			<param name="left" value="0"/>
			<param name="top" value="720"/>
		</include>

		<!-- Column 2 -->
		<include content="VarArtIndexPosterWall">
			<param name="IndexNum" value="-11"/>
			<param name="left" value="160"/>
			<param name="top" value="0"/>
		</include>

		<include content="VarArtIndexPosterWall">
			<param name="IndexNum" value="-10"/>
			<param name="left" value="160"/>
			<param name="top" value="240"/>
		</include>

		<include content="VarArtIndexPosterWall">
			<param name="IndexNum" value="-9"/>
			<param name="left" value="160"/>
			<param name="top" value="480"/>
		</include>

		<include content="VarArtIndexPosterWall">
			<param name="IndexNum" value="-8"/>
			<param name="left" value="160"/>
			<param name="top" value="720"/>
		</include>

		<!-- Column 3 -->
		<include content="VarArtIndexPosterWall">
			<param name="IndexNum" value="-8"/>
			<param name="left" value="320"/>
			<param name="top" value="0"/>
		</include>

		<include content="VarArtIndexPosterWall">
			<param name="IndexNum" value="-7"/>
			<param name="left" value="320"/>
			<param name="top" value="240"/>
		</include>

		<include content="VarArtIndexPosterWall">
			<param name="IndexNum" value="-6"/>
			<param name="left" value="320"/>
			<param name="top" value="480"/>
		</include>

		<include content="VarArtIndexPosterWall">
			<param name="IndexNum" value="-5"/>
			<param name="left" value="320"/>
			<param name="top" value="720"/>
		</include>

		<!-- Column 4 -->
		<include content="VarArtIndexPosterWall">
			<param name="IndexNum" value="-5"/>
			<param name="left" value="480"/>
			<param name="top" value="0"/>
		</include>

		<include content="VarArtIndexPosterWall">
			<param name="IndexNum" value="-4"/>
			<param name="left" value="480"/>
			<param name="top" value="240"/>
		</include>

		<include content="VarArtIndexPosterWall">
			<param name="IndexNum" value="-3"/>
			<param name="left" value="480"/>
			<param name="top" value="480"/>
		</include>

		<include content="VarArtIndexPosterWall">
			<param name="IndexNum" value="-2"/>
			<param name="left" value="480"/>
			<param name="top" value="720"/>
		</include>

		<!-- Column 5 -->
		<include content="VarArtIndexPosterWall">
			<param name="IndexNum" value="-2"/>
			<param name="left" value="640"/>
			<param name="top" value="0"/>
		</include>

		<include content="VarArtIndexPosterWall">
			<param name="IndexNum" value="-1"/>
			<param name="left" value="640"/>
			<param name="top" value="240"/>
		</include>

		<include content="VarArtIndexPosterWall">
			<param name="IndexNum" value="0"/>
			<param name="left" value="640"/>
			<param name="top" value="480"/>
		</include>

		<include content="VarArtIndexPosterWall">
			<param name="IndexNum" value="1"/>
			<param name="left" value="640"/>
			<param name="top" value="720"/>
		</include>

		<!-- Column 6 -->
		<include content="VarArtIndexPosterWall">
			<param name="IndexNum" value="1"/>
			<param name="left" value="800"/>
			<param name="top" value="0"/>
		</include>

		<include content="VarArtIndexPosterWall">
			<param name="IndexNum" value="2"/>
			<param name="left" value="800"/>
			<param name="top" value="240"/>
		</include>

		<include content="VarArtIndexPosterWall">
			<param name="IndexNum" value="3"/>
			<param name="left" value="800"/>
			<param name="top" value="480"/>
		</include>

		<include content="VarArtIndexPosterWall">
			<param name="IndexNum" value="4"/>
			<param name="left" value="800"/>
			<param name="top" value="720"/>
		</include>

		<!-- Column 7 -->
		<include content="VarArtIndexPosterWall">
			<param name="IndexNum" value="4"/>
			<param name="left" value="960"/>
			<param name="top" value="0"/>
		</include>

		<include content="VarArtIndexPosterWall">
			<param name="IndexNum" value="5"/>
			<param name="left" value="960"/>
			<param name="top" value="240"/>
		</include>

		<include content="VarArtIndexPosterWall">
			<param name="IndexNum" value="6"/>
			<param name="left" value="960"/>
			<param name="top" value="480"/>
		</include>

		<include content="VarArtIndexPosterWall">
			<param name="IndexNum" value="7"/>
			<param name="left" value="960"/>
			<param name="top" value="720"/>
		</include>

		<!-- Column 8 -->
		<include content="VarArtIndexPosterWall">
			<param name="IndexNum" value="7"/>
			<param name="left" value="1120"/>
			<param name="top" value="0"/>
		</include>

		<include content="VarArtIndexPosterWall">
			<param name="IndexNum" value="8"/>
			<param name="left" value="1120"/>
			<param name="top" value="240"/>
		</include>

		<include content="VarArtIndexPosterWall">
			<param name="IndexNum" value="9"/>
			<param name="left" value="1120"/>
			<param name="top" value="480"/>
		</include>

		<include content="VarArtIndexPosterWall">
			<param name="IndexNum" value="10"/>
			<param name="left" value="1120"/>
			<param name="top" value="720"/>
		</include>

	</include>

	<include name="Includes_OnPrevious_ListWall">
		<!-- Column 1 -->
		<include content="VarArtIndexPosterWall">
			<param name="IndexNum" value="-13"/>
			<param name="left" value="0"/>
			<param name="top" value="-240"/>
		</include>

		<include content="VarArtIndexPosterWall">
			<param name="IndexNum" value="-12"/>
			<param name="left" value="0"/>
			<param name="top" value="0"/>
		</include>

		<include content="VarArtIndexPosterWall">
			<param name="IndexNum" value="-11"/>
			<param name="left" value="0"/>
			<param name="top" value="240"/>
		</include>

		<include content="VarArtIndexPosterWall">
			<param name="IndexNum" value="-10"/>
			<param name="left" value="0"/>
			<param name="top" value="480"/>
		</include>

		<!-- Column 2 -->
		<include content="VarArtIndexPosterWall">
			<param name="IndexNum" value="-10"/>
			<param name="left" value="160"/>
			<param name="top" value="-240"/>
		</include>

		<include content="VarArtIndexPosterWall">
			<param name="IndexNum" value="-9"/>
			<param name="left" value="160"/>
			<param name="top" value="0"/>
		</include>

		<include content="VarArtIndexPosterWall">
			<param name="IndexNum" value="-8"/>
			<param name="left" value="160"/>
			<param name="top" value="240"/>
		</include>

		<include content="VarArtIndexPosterWall">
			<param name="IndexNum" value="-7"/>
			<param name="left" value="160"/>
			<param name="top" value="480"/>
		</include>

		<!-- Column 3 -->
		<include content="VarArtIndexPosterWall">
			<param name="IndexNum" value="-7"/>
			<param name="left" value="320"/>
			<param name="top" value="-240"/>
		</include>

		<include content="VarArtIndexPosterWall">
			<param name="IndexNum" value="-6"/>
			<param name="left" value="320"/>
			<param name="top" value="0"/>
		</include>

		<include content="VarArtIndexPosterWall">
			<param name="IndexNum" value="-5"/>
			<param name="left" value="320"/>
			<param name="top" value="240"/>
		</include>

		<include content="VarArtIndexPosterWall">
			<param name="IndexNum" value="-4"/>
			<param name="left" value="320"/>
			<param name="top" value="480"/>
		</include>

		<!-- Column 4 -->
		<include content="VarArtIndexPosterWall">
			<param name="IndexNum" value="-4"/>
			<param name="left" value="480"/>
			<param name="top" value="-240"/>
		</include>

		<include content="VarArtIndexPosterWall">
			<param name="IndexNum" value="-3"/>
			<param name="left" value="480"/>
			<param name="top" value="0"/>
		</include>

		<include content="VarArtIndexPosterWall">
			<param name="IndexNum" value="-2"/>
			<param name="left" value="480"/>
			<param name="top" value="240"/>
		</include>

		<include content="VarArtIndexPosterWall">
			<param name="IndexNum" value="-1"/>
			<param name="left" value="480"/>
			<param name="top" value="480"/>
		</include>

		<!-- Column 5 -->
		<include content="VarArtIndexPosterWall">
			<param name="IndexNum" value="-1"/>
			<param name="left" value="640"/>
			<param name="top" value="-240"/>
		</include>

		<include content="VarArtIndexPosterWall">
			<param name="IndexNum" value="0"/>
			<param name="left" value="640"/>
			<param name="top" value="0"/>
		</include>

		<include content="VarArtIndexPosterWall">
			<param name="IndexNum" value="1"/>
			<param name="left" value="640"/>
			<param name="top" value="240"/>
		</include>

		<include content="VarArtIndexPosterWall">
			<param name="IndexNum" value="2"/>
			<param name="left" value="640"/>
			<param name="top" value="480"/>
		</include>

		<!-- Column 6 -->
		<include content="VarArtIndexPosterWall">
			<param name="IndexNum" value="2"/>
			<param name="left" value="800"/>
			<param name="top" value="-240"/>
		</include>

		<include content="VarArtIndexPosterWall">
			<param name="IndexNum" value="3"/>
			<param name="left" value="800"/>
			<param name="top" value="0"/>
		</include>

		<include content="VarArtIndexPosterWall">
			<param name="IndexNum" value="4"/>
			<param name="left" value="800"/>
			<param name="top" value="240"/>
		</include>

		<include content="VarArtIndexPosterWall">
			<param name="IndexNum" value="5"/>
			<param name="left" value="800"/>
			<param name="top" value="480"/>
		</include>

		<!-- Column 7 -->
		<include content="VarArtIndexPosterWall">
			<param name="IndexNum" value="5"/>
			<param name="left" value="960"/>
			<param name="top" value="-240"/>
		</include>

		<include content="VarArtIndexPosterWall">
			<param name="IndexNum" value="6"/>
			<param name="left" value="960"/>
			<param name="top" value="0"/>
		</include>

		<include content="VarArtIndexPosterWall">
			<param name="IndexNum" value="7"/>
			<param name="left" value="960"/>
			<param name="top" value="240"/>
		</include>

		<include content="VarArtIndexPosterWall">
			<param name="IndexNum" value="8"/>
			<param name="left" value="960"/>
			<param name="top" value="480"/>
		</include>

		<!-- Column 8 -->
		<include content="VarArtIndexPosterWall">
			<param name="IndexNum" value="8"/>
			<param name="left" value="1120"/>
			<param name="top" value="-240"/>
		</include>

		<include content="VarArtIndexPosterWall">
			<param name="IndexNum" value="9"/>
			<param name="left" value="1120"/>
			<param name="top" value="0"/>
		</include>

		<include content="VarArtIndexPosterWall">
			<param name="IndexNum" value="10"/>
			<param name="left" value="1120"/>
			<param name="top" value="240"/>
		</include>

		<include content="VarArtIndexPosterWall">
			<param name="IndexNum" value="11"/>
			<param name="left" value="1120"/>
			<param name="top" value="480"/>
		</include>
	</include>

	<include name="Includes_Static_ListWall">
		<!-- Column 1 -->
		<include content="VarArtIndexPosterWall">
			<param name="IndexNum" value="-13"/>
			<param name="left" value="0"/>
			<param name="top" value="0"/>
		</include>

		<include content="VarArtIndexPosterWall">
			<param name="IndexNum" value="-12"/>
			<param name="left" value="0"/>
			<param name="top" value="240"/>
		</include>

		<include content="VarArtIndexPosterWall">
			<param name="IndexNum" value="-11"/>
			<param name="left" value="0"/>
			<param name="top" value="480"/>
		</include>

		<!-- Column 2 -->
		<include content="VarArtIndexPosterWall">
			<param name="IndexNum" value="-10"/>
			<param name="left" value="160"/>
			<param name="top" value="0"/>
		</include>

		<include content="VarArtIndexPosterWall">
			<param name="IndexNum" value="-9"/>
			<param name="left" value="160"/>
			<param name="top" value="240"/>
		</include>

		<include content="VarArtIndexPosterWall">
			<param name="IndexNum" value="-8"/>
			<param name="left" value="160"/>
			<param name="top" value="480"/>
		</include>

		<!-- Column 3 -->
		<include content="VarArtIndexPosterWall">
			<param name="IndexNum" value="-7"/>
			<param name="left" value="320"/>
			<param name="top" value="0"/>
		</include>

		<include content="VarArtIndexPosterWall">
			<param name="IndexNum" value="-6"/>
			<param name="left" value="320"/>
			<param name="top" value="240"/>
		</include>

		<include content="VarArtIndexPosterWall">
			<param name="IndexNum" value="-5"/>
			<param name="left" value="320"/>
			<param name="top" value="480"/>
		</include>

		<!-- Column 4 -->
		<include content="VarArtIndexPosterWall">
			<param name="IndexNum" value="-4"/>
			<param name="left" value="480"/>
			<param name="top" value="0"/>
		</include>

		<include content="VarArtIndexPosterWall">
			<param name="IndexNum" value="-3"/>
			<param name="left" value="480"/>
			<param name="top" value="240"/>
		</include>

		<include content="VarArtIndexPosterWall">
			<param name="IndexNum" value="-2"/>
			<param name="left" value="480"/>
			<param name="top" value="480"/>
		</include>

		<!-- Column 5 -->
		<include content="VarArtIndexPosterWall">
			<param name="IndexNum" value="-1"/>
			<param name="left" value="640"/>
			<param name="top" value="0"/>
		</include>

		<include content="VarArtIndexPosterWall">
			<param name="IndexNum" value="0"/>
			<param name="left" value="640"/>
			<param name="top" value="240"/>
		</include>

		<include content="VarArtIndexPosterWall">
			<param name="IndexNum" value="1"/>
			<param name="left" value="640"/>
			<param name="top" value="480"/>
		</include>

		<!-- Column 6 -->
		<include content="VarArtIndexPosterWall">
			<param name="IndexNum" value="2"/>
			<param name="left" value="800"/>
			<param name="top" value="0"/>
		</include>

		<include content="VarArtIndexPosterWall">
			<param name="IndexNum" value="3"/>
			<param name="left" value="800"/>
			<param name="top" value="240"/>
		</include>

		<include content="VarArtIndexPosterWall">
			<param name="IndexNum" value="4"/>
			<param name="left" value="800"/>
			<param name="top" value="480"/>
		</include>

		<!-- Column 7 -->
		<include content="VarArtIndexPosterWall">
			<param name="IndexNum" value="5"/>
			<param name="left" value="960"/>
			<param name="top" value="0"/>
		</include>

		<include content="VarArtIndexPosterWall">
			<param name="IndexNum" value="6"/>
			<param name="left" value="960"/>
			<param name="top" value="240"/>
		</include>

		<include content="VarArtIndexPosterWall">
			<param name="IndexNum" value="7"/>
			<param name="left" value="960"/>
			<param name="top" value="480"/>
		</include>

		<!-- Column 8 -->
		<include content="VarArtIndexPosterWall">
			<param name="IndexNum" value="8"/>
			<param name="left" value="1120"/>
			<param name="top" value="0"/>
		</include>

		<include content="VarArtIndexPosterWall">
			<param name="IndexNum" value="9"/>
			<param name="left" value="1120"/>
			<param name="top" value="240"/>
		</include>

		<include content="VarArtIndexPosterWall">
			<param name="IndexNum" value="10"/>
			<param name="left" value="1120"/>
			<param name="top" value="480"/>
		</include>
	</include>


</includes>

