<?xml version="1.0" encoding="UTF-8"?>
<includes>

	<!-- =================================== -->
	<!-- ==== Showtime Fanart View "65" ==== -->
	<!-- =================================== -->
	<include name="ShowtimeView_Videos">
		<control type="group">
			<visible>Control.IsVisible(65)</visible>
			<include>InfoDialogsVisible_FadeAnimation</include>
			<include>TextViewerHideAnimations</include>
			<control type="wraplist" id="65">
				<left>0</left>
				<top>0</top>
				<width>1280</width>
				<height>720</height>
				<onleft>65</onleft>
				<onright>65</onright>
				<onup>9111</onup>
				<ondown>6065</ondown>
				<oninfo condition="$EXP[MoviesSetsCondition]">SetProperty(ShowTextViewer,1,home)</oninfo>
				<oninfo condition="$EXP[MoviesSetsCondition]">RunScript(script.embuary.helper,action=textviewer,header=$INFO[ListItem.Label],message='"$VAR[GlobalPlotDescription]"')</oninfo>
				<viewtype label="31089">Fanart</viewtype>
				<pagecontrol>6065</pagecontrol>
				<itemgap>0</itemgap>
				<orientation>horizontal</orientation>
				<scrolltime tween="quadratic" easing="out">350</scrolltime>
				<preloaditems>2</preloaditems>
				<focusposition>0</focusposition>
				<visible>$EXP[WallViewsCondition]</visible>
				<itemlayout width="248" height="362"/>
				<focusedlayout width="248" height="362"/>
			</control>
			<control type="image" id="6503">
				<left>170</left>
				<top>480</top>
				<width>390</width>
				<height>150</height>
				<fadetime>100</fadetime>
				<aspectratio align="left" aligny="center">keep</aspectratio>
				<texture background="true">$INFO[ListItem.Art(clearlogo)]</texture>
				<animation type="WindowOpen">
					<effect type="fade" start="0" end="100" time="250" delay="380" tween="sine" easing="out"/>
				</animation>
				<animation type="WindowClose">
					<effect type="fade" start="100" end="0" time="350" tween="sine" easing="in"/>
				</animation>
			</control>
			<control type="image">
				<animation effect="slide" start="0,0" end="-340,0" time="380" tween="sine" easing="inout" condition="![Container.OnNext | Container.OnPrevious]" reversible="false">Conditional</animation>
				<left>340</left>
				<include>FullscreenDimensions</include>
				<texture background="true">views/showtime/left_blade.png</texture>
				<animation type="WindowOpen">
					<effect type="fade" start="0" end="100" time="490" tween="sine" easing="out"/>
					<effect type="slide" start="0,0" end="-340,0" time="390" delay="350" tween="sine" easing="out"/>
				</animation>
				<animation type="WindowClose">
					<effect type="slide" start="-340,0" end="0,0" time="490" delay="0" tween="sine" easing="in"/>
					<effect type="fade" start="100" end="0" time="490" delay="0" tween="sine" easing="in"/>
				</animation>
			</control>
			<control type="image">
				<animation effect="slide" start="0,0" end="260,0" time="380" tween="sine" easing="inout" condition="![Container.OnNext | Container.OnPrevious]" reversible="false">Conditional</animation>
				<left>-260</left>
				<include>FullscreenDimensions</include>
				<texture background="true">views/showtime/right_blade.png</texture>
				<animation type="WindowOpen">
					<effect type="fade" start="0" end="100" time="490" tween="sine" easing="out"/>
					<effect type="slide" start="0,0" end="260,0" time="390" delay="350" tween="sine" easing="out"/>
				</animation>
				<animation type="WindowClose">
					<effect type="slide" start="260,0" end="0,0" time="490" delay="0" tween="sine" easing="in"/>
					<effect type="fade" start="100" end="0" time="490" delay="0" tween="sine" easing="in"/>
				</animation>
			</control>

			<control type="group" id="6501">
				<visible>Control.IsVIsible(65) + Container(65).OnPrevious</visible>
				<animation effect="slide" end="0,0" easing="out" tween="sine" time="250">Hidden</animation>
			</control>
			<control type="group" id="6502">
				<visible>Container(65).OnNext + Control.IsVIsible(65)</visible>
				<animation effect="slide" end="0,0" easing="out" tween="sine" time="250">Hidden</animation>
			</control>
			<control type="grouplist">
				<right>45</right>
				<top>0</top>
				<width>850</width>
				<height>102%</height>
				<itemgap>40</itemgap>
				<align>center</align>
				<include>InfoDialogsVisible_ZoomAnimation</include>
				<include>TextViewerHideAnimations</include>
				<animation effect="fade" start="100" end="0" time="250" condition="Control.IsVisible(6501) | Control.IsVisible(6502)">Conditional</animation>
				<visible>!Control.IsVisible(6501) + !Control.IsVisible(6502)</visible>
				<animation type="WindowOpen">
					<effect type="fade" start="0" end="100" time="490" tween="sine" easing="out"/>
					<effect type="slide" start="260,0" end="0,0" time="390" delay="350" tween="sine" easing="out"/>
				</animation>
				<animation type="WindowClose">
					<effect type="slide" start="0,0" end="260,0" time="490" delay="0" tween="sine" easing="in"/>
					<effect type="fade" start="100" end="0" time="490" delay="0" tween="sine" easing="in"/>
				</animation>
				<include content="ViewsBigInfo_GroupListVertical">
					<param name="label_small" value="$LOCALIZE[345]"/>
					<param name="label_big" value="$INFO[ListItem.Year]"/>
					<param name="visible" value="!String.IsEmpty(ListItem.Year)"/>
				</include>
				<include content="ViewsBigInfo_GroupListVertical">
					<param name="label_small" value="$LOCALIZE[563]"/>
					<param name="label_big" value="$INFO[ListItem.Rating]"/>
					<param name="visible" value="!String.IsEmpty(ListItem.Rating)"/>
				</include>
				<include content="ViewsBigInfo_GroupListVertical">
					<param name="textcolor" value="FFF2BE42"/>
					<param name="label_small" value="#IMDb "/>
					<param name="label_big" value="$INFO[ListItem.Top250]"/>
					<param name="visible" value="!String.IsEmpty(ListItem.Top250)"/>
				</include>
				<include content="ViewsBigInfo_GroupListVertical">
					<param name="label_small" value="$LOCALIZE[180]"/>
					<param name="label_big" value="$VAR[ListItemDurationVar]"/>
					<param name="visible" value="!String.IsEmpty(ListItem.Duration)"/>
				</include>
				<include content="ViewsBigInfo_GroupListVertical">
					<param name="label_small" value="$LOCALIZE[169]"/>
					<param name="label_big" value="$INFO[ListItem.VideoResolution]"/>
					<param name="visible" value="!String.IsEmpty(ListItem.VideoResolution)"/>
				</include>
				<include content="ViewsBigInfo_GroupListVertical">
					<param name="textcolor" value="white"/>
					<param name="label_small" value="$LOCALIZE[369]"/>
					<param name="label_big" value="$VAR[ListItem_LabelVar]"/>
					<param name="visible" value="String.IsEmpty(Control.GetLabel(6503)) + !ListItem.IsParentFolder"/>
				</include>
			</control>

			<control type="scrollbar" id="6065">
				<left>0</left>
				<top>712</top>
				<width>1268</width>
				<height>6</height>
				<texturesliderbackground></texturesliderbackground>
				<texturesliderbar border="14,0,14,0">views/scrollbar/scrollbar_horizontal.png</texturesliderbar>
				<texturesliderbarfocus border="14,0,14,0">views/scrollbar/scrollbar_horizontal.png</texturesliderbarfocus>
				<textureslidernib></textureslidernib>
				<textureslidernibfocus></textureslidernibfocus>
				<onup>65</onup>
				<ondown>9555</ondown>
				<showonepage>false</showonepage>
				<orientation>horizontal</orientation>
				<include>FanartFade</include>
				<animation effect="fade" start="100" end="0" time="250" condition="!Control.HasFocus(6065) + !Container.Scrolling">Conditional</animation>
			</control>
		</control>
	</include>

</includes>
