<?xml version="1.0" encoding="UTF-8"?>
<includes>

	<!-- ===================================== -->
	<!-- ==== VideoWall Fanart View "580" ==== -->
	<!-- ===================================== -->
	<include name="VideoWallView_Videos">
		<control type="group">
			<include>VideoWallView_Animation</include>
			<visible>Control.IsVisible(580)</visible>
			<control type="wraplist" id="580">
				<width>1280</width>
				<height>720</height>
				<onleft>580</onleft>
				<onright>580</onright>
				<onup>9111</onup>
				<ondown>9555</ondown>
				<oninfo condition="$EXP[MoviesSetsCondition]">SetProperty(ShowTextViewer,1,home)</oninfo>
				<oninfo condition="$EXP[MoviesSetsCondition]">RunScript(script.embuary.helper,action=textviewer,header=$INFO[ListItem.Label],message='"$VAR[GlobalPlotDescription]"')</oninfo>
				<preloaditems>2</preloaditems>
				<pagecontrol>60580</pagecontrol>
				<viewtype label="31087">BigWrap</viewtype>
				<scrolltime tween="Cubic" easing="out">450</scrolltime>
				<orientation>horizontal</orientation>
				<include condition="Window.IsVisible(videos)">VideoWallFanartVideos</include>
				<visible>$EXP[WallViewsCondition]</visible>
			</control>
		</control>

		<control type="group">
			<include>BackgroundDarkness</include>
			<include>FanartFade</include>
			<visible>Control.IsVisible(580)</visible>
		</control>

		<control type="group">
			<left>45</left>
			<top>485</top>
			<include>VideoWallView_Animation</include>
			<visible>Control.IsVisible(580)</visible>
			<include>InfoDialogsVisible_FadeAnimation</include>
			<include>TextViewerHideAnimations</include>
			<control type="image">
				<left>-45</left>
				<top>-485</top>
				<width>1280</width>
				<height>720</height>
				<texture background="true">views/videowall/video_grid.png</texture>
				<colordiffuse>CCFFFFFF</colordiffuse>
			</control>
			<!-- Info -->
			<include content="HomeWidgetsTitleLabel">
				<param name="width" value="880"/>
				<param name="label" value="$VAR[ListItem_LabelVar]"/>
			</include>
			<include content="HomeWidgetsSubLabel">
				<param name="top" value="35"/>
				<param name="width" value="900"/>
				<param name="label" value="$INFO[ListItem.Genre]"/>
				<param name="visible" value="!ListItem.IsParentFolder + String.IsEmpty(ListItem.Tagline)"/>
			</include>
			<include content="HomeWidgetsSubLabel">
				<param name="top" value="35"/>
				<param name="width" value="900"/>
				<param name="label" value="$INFO[ListItem.Tagline]"/>
				<param name="visible" value="!ListItem.IsParentFolder"/>
			</include>
			<include content="HomeWidgetsSubLabel">
				<param name="top" value="35"/>
				<param name="width" value="650"/>
				<param name="label" value="$VAR[MovieSetCount]"/>
				<param name="visible" value="$EXP[MoviesSetsCondition] + !ListItem.IsParentFolder"/>
			</include>
			<!-- Small Down Info -->
			<control type="grouplist">
				<left>0</left>
				<top>80</top>
				<width>840</width>
				<itemgap>6</itemgap>
				<orientation>horizontal</orientation>
				<include>SmallDownInfo_Top250</include>
				<control type="image">
					<include>SmallDownInfo_Def3DFlags</include>
				</control>
				<control type="image">
					<include>SmallDownInfo_Sets</include>
				</control>
				<control type="image">
					<include>SmallDownInfo_MPAATVFlags</include>
				</control>
				<control type="image">
					<include>SmallDownInfo_OverlayUnWatched</include>
				</control>
				<control type="label">
					<include>SmallDownInfo_SmallGlobalInfo</include>
				</control>
			</control>
			<control type="image">
				<left>880</left>
				<top>-5</top>
				<width>310</width>
				<height>120</height>
				<aspectratio align="right" aligny="center">keep</aspectratio>
				<texture background="true">$VAR[VarVideoWallThumb]</texture>
			</control>
		</control>
	</include>

</includes>
