<?xml version="1.0" encoding="UTF-8" standalone="yes"?>
<layout label="30000" image="layout.png">
	<category name="face" label="35074">
		<button name="circle" type="digital" label="30001"/>
		<button name="cross" type="digital" label="30002"/>
		<button name="triangle" type="digital" label="30003"/>
		<button name="square" type="digital" label="30004"/>
		<button name="start" type="digital" label="30005"/>
		<button name="select" type="digital" label="30006"/>
		<button name="analog" type="digital" label="30017"/>
		<button name="up" type="digital" label="30007"/>
		<button name="right" type="digital" label="30008"/>
		<button name="down" type="digital" label="30009"/>
		<button name="left" type="digital" label="30010"/>
		<button name="l3" type="digital" label="30011"/>
		<button name="r3" type="digital" label="30012"/>
	</category>
	<category name="shoulder" label="35075">
		<button name="leftbumper" type="digital" label="30013"/>
		<button name="rightbumper" type="digital" label="30014"/>
	</category>
	<category name="triggers" label="35076">
		<button name="lefttrigger" type="digital" label="30015"/>
		<button name="righttrigger" type="digital" label="30016"/>
	</category>
	<category name="analogsticks" label="35077">
		<analogstick name="leftstick" label="30011"/>
		<analogstick name="rightstick" label="30012"/>
	</category>
	<category name="haptics">
		<motor name="strongmotor"/>
		<motor name="weakmotor"/>
	</category>
</layout>
