<?xml version='1.0' encoding='UTF-8'?>
<shortcuts>
 <shortcut>
	<label>31286</label>
	<label2 />
	<defaultID>31286</defaultID>
	<icon>icons/big/media.png</icon>
	<thumb />
	<action>ActivateWindow(1180,return)</action>
	<action>SetProperty(MediaHub,livetv_hub,home)</action>
	<visible>[PVR.HasTVChannels | PVR.HasRadioChannels] + !String.Contains(Container(20).ListItem.Property(path),1180)</visible>
 </shortcut>
 <shortcut>
  <label>19023</label>
  <label2 />
  <defaultID>19023</defaultID>
  <icon>DefaultLiveTV.png</icon>
  <thumb />
  <action>ActivateWindow(TVChannels)</action>
 </shortcut>
 <shortcut>
  <label>19024</label>
  <label2 />
  <defaultID>19024</defaultID>
  <icon>DefaultLiveTV.png</icon>
  <thumb />
  <action>ActivateWindow(RadioChannels)</action>
 </shortcut>
 <shortcut>
  <label>19069</label>
  <label2 />
  <defaultID>19069</defaultID>
  <icon>icons/big/EPG.png</icon>
  <thumb />
  <action>ActivateWindow(TVGuide)</action>
 </shortcut>
 <shortcut>
  <label>19163</label>
  <label2 />
  <defaultID>19163</defaultID>
  <icon>icons/big/Recordings.png</icon>
  <thumb />
  <action>ActivateWindow(TVRecordings)</action>
 </shortcut>
 <shortcut>
  <label>19040</label>
  <label2 />
  <defaultID>19040</defaultID>
  <icon>icons/big/Timers.png</icon>
  <thumb />
  <action>ActivateWindow(TVTimers)</action>
 </shortcut>
 <shortcut>
  <label>137</label>
  <label2 />
  <defaultID>137</defaultID>
  <icon>DefaultAddonsSearch.png</icon>
  <thumb />
  <action>ActivateWindow(TVSearch)</action>
 </shortcut>
</shortcuts>
