<?xml version="1.0" encoding="UTF-8"?>
<includes>
    <include name="MovieWidgets">
        <include content="WidgetListCategoryStacked">
            <param name="content_path" value="plugin://plugin.video.coalition/?name=32470&amp;iconImage=genres.png&amp;mode=navigator.genres&amp;menu_type=movie"/>
            <param name="widget_header" value="Movie Categories"/>
            <param name="widget_target" value="videos"/>
            <param name="list_id" value="19011"/>
        </include>
        <include content="WidgetListBigEpisodesStacked">
            <param name="content_path" value="$INFO[Window(Home).Property(fentastic.19011.path)]"/>
            <param name="widget_header" value="$INFO[Window(Home).Property(fentastic.19011.label)]"/>
            <param name="widget_target" value="videos"/>
            <param name="list_id" value="190111"/>
        </include>
        <include content="WidgetListBigEpisodes">
            <param name="content_path" value="plugin://plugin.video.coalition/?mode=trakt.list.build_trakt_list&amp;user=garycrawfordgc&amp;slug=latest-releases&amp;list_type=user_lists"/>
            <param name="widget_header" value="Latest Movies"/>
            <param name="widget_target" value="videos"/>
            <param name="list_id" value="19012"/>
        </include>
        <include content="WidgetListBigEpisodes">
            <param name="content_path" value="plugin://plugin.video.coalition/?mode=build_movie_list&amp;action=trakt_collection&amp;iconImage=%2Fhome%2Fecr%2F.var%2Fapp%2Ftv.kodi.Kodi%2Fdata%2Faddons%2Fplugin.video.coalition%2Fresources%2Fmedia%2Ftrakt.png"/>
            <param name="widget_header" value="My Movies"/>
            <param name="widget_target" value="videos"/>
            <param name="list_id" value="19013"/>
        </include>
    </include>
</includes>