<?xml version="1.0" encoding="utf-8"?>
<!-- BINGIE -->
<includes>
    <default type="label">
        <label/>
        <height>60</height>
        <align>left</align>
        <aligny>center</aligny>
        <font>Reg28</font>
        <textcolor>$INFO[Skin.String(GeneralTextColor)]</textcolor>
        <focusedcolor>$INFO[Skin.String(GeneralTextColor)]</focusedcolor>
        <selectedcolor>$INFO[Skin.String(GeneralTextColor)]</selectedcolor>
        <disabledcolor>$INFO[Skin.String(ButtonDisableTextColor)]</disabledcolor>
        <scroll>false</scroll>
        <scrollspeed>30</scrollspeed>
    </default>
    <default type="fadelabel">
        <label/>
        <height>60</height>
        <align>left</align>
        <aligny>center</aligny>
        <font>Reg28</font>
        <textcolor>$INFO[Skin.String(GeneralTextColor)]</textcolor>
        <focusedcolor>$INFO[Skin.String(GeneralTextColor)]</focusedcolor>
        <selectedcolor>$INFO[Skin.String(GeneralTextColor)]</selectedcolor>
        <disabledcolor>$INFO[Skin.String(ButtonDisableTextColor)]</disabledcolor>
        <scrollspeed>30</scrollspeed>
        <pauseatend>2000</pauseatend>
        <scrollout>false</scrollout>
    </default>
    <default type="image">
        <width/>
        <height/>
        <align>center</align>
        <aligny>center</aligny>
        <texture/>
        <aspectratio>stretch</aspectratio>
    </default>
    <default type="button">
        <width>600</width>
        <height>60</height>
        <align>center</align>
        <aligny>center</aligny>
        <font>Reg28</font>
        <label/>
        <textcolor fallback="white">$INFO[Skin.String(ButtonTextColor)]</textcolor>
        <focusedcolor>$INFO[Skin.String(ButtonFocusTextColor)]</focusedcolor>
        <disabledcolor>$INFO[Skin.String(ButtonDisableTextColor)]</disabledcolor>
        <pulseonselect>false</pulseonselect>
        <texturefocus colordiffuse="$INFO[Skin.String(ButtonFocusColor)]" border="10">diffuse/panel.png</texturefocus>
        <texturenofocus colordiffuse="$INFO[Skin.String(ButtonColor)]" border="10">diffuse/panel.png</texturenofocus>
        <textoffsetx>50</textoffsetx>
    </default>	
	<default type="colorbutton">
        <align>center</align>
        <aligny>center</aligny>
        <font>Reg28</font>
        <textoffsetx>3</textoffsetx>
        <textcolor fallback="white">$INFO[Skin.String(ButtonTextColor)]</textcolor>
        <focusedcolor>$INFO[Skin.String(ButtonFocusTextColor)]</focusedcolor>
		<disabledcolor>$INFO[Skin.String(ButtonDisableTextColor)]</disabledcolor>
        <colorwidth>134</colorwidth>
        <colorheight>28</colorheight>
		<texturecolormask>diffuse/colorpicker.png</texturecolormask>
		<texturecolordisabledmask colordiffuse="$INFO[Skin.String(ButtonDisableTextColor)]">diffuse/colorpicker.png</texturecolordisabledmask>
        <texturefocus colordiffuse="$INFO[Skin.String(ButtonFocusColor)]" border="10">diffuse/panel.png</texturefocus>
        <texturenofocus colordiffuse="$INFO[Skin.String(ButtonColor)]" border="10">diffuse/panel.png</texturenofocus>
        <pulseonselect>false</pulseonselect>
    </default>	
	<default type="edit">
        <width>600</width>
        <height>60</height>
        <align>center</align>
        <aligny>center</aligny>
        <font>Reg28</font>
        <label/>
        <textcolor>$INFO[Skin.String(ButtonTextColor)]</textcolor>
        <focusedcolor>$INFO[Skin.String(ButtonFocusTextColor)]</focusedcolor>
        <disabledcolor>$INFO[Skin.String(ButtonDisableTextColor)]</disabledcolor>
        <pulseonselect>false</pulseonselect>
		<texturenofocus colordiffuse="$INFO[Skin.String(ButtonColor)]" border="10">diffuse/panel.png</texturenofocus>
        <texturefocus colordiffuse="$INFO[Skin.String(ButtonFocusColor)]" border="10">diffuse/panel.png</texturefocus>
        <textoffsetx>50</textoffsetx>
		<textoffsety>8</textoffsety>
    </default>
    <default type="togglebutton">
        <width>600</width>
        <height>60</height>
        <label/>
        <font>Reg28</font>
        <textcolor>$INFO[Skin.String(ButtonTextColor)]</textcolor>
        <focusedcolor>$INFO[Skin.String(ButtonFocusTextColor)]</focusedcolor>
        <disabledcolor>$INFO[Skin.String(ButtonDisableTextColor)]</disabledcolor>
        <align>center</align>
        <aligny>center</aligny>
        <pulseonselect>false</pulseonselect>
        <texturefocus colordiffuse="$INFO[Skin.String(ButtonFocusColor)]" border="10">diffuse/panel.png</texturefocus>
        <texturenofocus colordiffuse="$INFO[Skin.String(ButtonColor)]" border="10">diffuse/panel.png</texturenofocus>
        <alttexturefocus colordiffuse="$INFO[Skin.String(ButtonFocusColor)]" border="10">diffuse/panel.png</alttexturefocus>
        <alttexturenofocus colordiffuse="$INFO[Skin.String(ButtonColor)]" border="10">diffuse/panel.png</alttexturenofocus>
        <textoffsetx>50</textoffsetx>
    </default>
    <default type="radiobutton">
        <width>600</width>
        <height>60</height>
        <radiowidth>120</radiowidth>
        <radioheight>60</radioheight>
        <align>center</align>
        <aligny>center</aligny>
        <font>Reg28</font>
        <label/>
        <textcolor>$INFO[Skin.String(ButtonTextColor)]</textcolor>
        <focusedcolor>$INFO[Skin.String(ButtonFocusTextColor)]</focusedcolor>
        <disabledcolor>$INFO[Skin.String(ButtonDisableTextColor)]</disabledcolor>
        <textureradiofocus colordiffuse="$INFO[Skin.String(ActiveSpinControlColor)]">common/radio/radio-button-fo.png</textureradiofocus>
        <textureradionofocus colordiffuse="$INFO[Skin.String(ButtonTextColor)]">common/radio/radio-button-nf.png</textureradionofocus>
        <textureradioondisabled colordiffuse="$INFO[Skin.String(ButtonDisableTextColor)]">common/radio/radio-button-fo.png</textureradioondisabled>
        <textureradiooffdisabled colordiffuse="$INFO[Skin.String(ButtonDisableTextColor)]">common/radio/radio-button-nf.png</textureradiooffdisabled>
        <textoffsetx>50</textoffsetx>
        <radioposx/>
        <pulseonselect>false</pulseonselect>
        <texturefocus colordiffuse="$INFO[Skin.String(ButtonFocusColor)]" border="10">diffuse/panel.png</texturefocus>
        <texturenofocus colordiffuse="$INFO[Skin.String(ButtonColor)]" border="10">diffuse/panel.png</texturenofocus>
    </default>
    <default type="spincontrolex">
        <width>600</width>
        <height>60</height>
        <label/>
        <font>Reg28</font>
        <textureup colordiffuse="$INFO[Skin.String(ButtonTextColor)]">common/spinctrl/arrow-up-nf.png</textureup>
        <texturedown colordiffuse="$INFO[Skin.String(ButtonTextColor)]">common/spinctrl/arrow-down-nf.png</texturedown>
        <textureupdisabled colordiffuse="$INFO[Skin.String(ButtonDisableTextColor)]">common/spinctrl/arrow-up-nf.png</textureupdisabled>
        <texturedowndisabled colordiffuse="$INFO[Skin.String(ButtonDisableTextColor)]">common/spinctrl/arrow-down-nf.png</texturedowndisabled>
        <textureupfocus colordiffuse="$INFO[Skin.String(ActiveSpinControlColor)]">common/spinctrl/arrow-up-nf.png</textureupfocus>
        <texturedownfocus colordiffuse="$INFO[Skin.String(ActiveSpinControlColor)]">common/spinctrl/arrow-down-nf.png</texturedownfocus>
        <spinwidth>40</spinwidth>
        <spinheight>60</spinheight>
        <textcolor>$INFO[Skin.String(ButtonTextColor)]</textcolor>
        <focusedcolor>$INFO[Skin.String(ButtonFocusTextColor)]</focusedcolor>
        <disabledcolor>$INFO[Skin.String(ButtonDisableTextColor)]</disabledcolor>
        <textoffsetx>50</textoffsetx>
        <align>center</align>
        <aligny>center</aligny>
        <reverse>yes</reverse>
        <pulseonselect>false</pulseonselect>
        <texturefocus colordiffuse="$INFO[Skin.String(ButtonFocusColor)]" border="10">diffuse/panel.png</texturefocus>
        <texturenofocus colordiffuse="$INFO[Skin.String(ButtonColor)]" border="10">diffuse/panel.png</texturenofocus>
    </default>
    <default type="spincontrol">
        <width>23</width>
        <height>23</height>
        <textureup colordiffuse="$INFO[Skin.String(ButtonTextColor)]">common/spinctrl/arrow-up-nf.png</textureup>
        <texturedown colordiffuse="$INFO[Skin.String(ButtonTextColor)]">common/spinctrl/arrow-down-nf.png</texturedown>
        <textureupdisabled colordiffuse="$INFO[Skin.String(ButtonDisableTextColor)]">common/spinctrl/arrow-up-nf.png</textureupdisabled>
        <texturedowndisabled colordiffuse="$INFO[Skin.String(ButtonDisableTextColor)]">common/spinctrl/arrow-down-nf.png</texturedowndisabled>
        <textureupfocus colordiffuse="$INFO[Skin.String(ActiveSpinControlColor)]">common/spinctrl/arrow-up-nf.png</textureupfocus>
        <texturedownfocus colordiffuse="$INFO[Skin.String(ActiveSpinControlColor)]">common/spinctrl/arrow-down-nf.png</texturedownfocus>
        <spinwidth>40</spinwidth>
        <spinheight>60</spinheight>
        <font>Reg28</font>
        <textcolor>$INFO[Skin.String(ButtonTextColor)]</textcolor>
        <focusedcolor>$INFO[Skin.String(ButtonFocusTextColor)]</focusedcolor>
        <disabledcolor>$INFO[Skin.String(ButtonDisableTextColor)]</disabledcolor>
        <textoffsetx>50</textoffsetx>
        <align>center</align>
        <aligny>center</aligny>
        <reverse>yes</reverse>
        <pulseonselect>false</pulseonselect>
        <texturefocus colordiffuse="$INFO[Skin.String(ButtonFocusColor)]" border="10">diffuse/panel.png</texturefocus>
        <texturenofocus colordiffuse="$INFO[Skin.String(ButtonColor)]" border="10">diffuse/panel.png</texturenofocus>
    </default>
    <default type="sliderex">
        <height>60</height>
        <width>450</width>
        <sliderwidth>210</sliderwidth>
        <sliderheight>60</sliderheight>
        <orientation>horizontal</orientation>
        <texturefocus colordiffuse="$INFO[Skin.String(ButtonFocusColor)]" border="10">diffuse/panel.png</texturefocus>
        <texturenofocus colordiffuse="$INFO[Skin.String(ButtonColor)]" border="10">diffuse/panel.png</texturenofocus>
        <texturesliderbar border="5" colordiffuse="$INFO[Skin.String(ButtonTextColor)]">common/modern/sliderex/slider.png</texturesliderbar>
        <textureslidernib border="5" colordiffuse="$INFO[Skin.String(ButtonTextColor)]">common/modern/sliderex/nib.png</textureslidernib>
        <textureslidernibfocus border="5" colordiffuse="$INFO[Skin.String(ActiveSpinControlColor)]">common/modern/sliderex/nib.png</textureslidernibfocus>
        <aligny>center</aligny>
        <font>Reg28</font>
        <textcolor>$INFO[Skin.String(ButtonTextColor)]</textcolor>
        <focusedcolor>$INFO[Skin.String(ButtonFocusTextColor)]</focusedcolor>
        <disabledcolor>$INFO[Skin.String(ButtonDisableTextColor)]</disabledcolor>
        <textoffsetx>50</textoffsetx>
        <textoffsety>0</textoffsety>
        <pulseonselect>false</pulseonselect>
    </default>
    <default type="progress">
        <width>280</width>
        <height>20</height>
        <info/>
        <texturebg border="10" colordiffuse="$INFO[Skin.String(BingieDetailsFlagColor)]">diffuse/osd_panel.png</texturebg>
		<lefttexture/>
		<midtexture border="10" colordiffuse="$INFO[Skin.String(BingieProgressBarColor)]">diffuse/osd_panel.png</midtexture>
        <righttexture/>
        <overlaytexture/>
    </default>
    <default type="slider">
        <width>300</width>
        <height>20</height>
        <orientation>horizontal</orientation>
        <texturesliderbar border="5" colordiffuse="$INFO[Skin.String(ButtonTextColor)]">common/modern/slider/slider.png</texturesliderbar>
        <textureslidernib border="5" colordiffuse="$INFO[Skin.String(ButtonTextColor)]">common/modern/slider/nib_focus.png</textureslidernib>
        <textureslidernibfocus border="5" colordiffuse="$INFO[Skin.String(ActiveSpinControlColor)]">common/modern/slider/nib_focus.png</textureslidernibfocus>
    </default>
    <default type="scrollbar">
        <width>20</width>
        <texturesliderbackground border="10" colordiffuse="$INFO[Skin.String(ScrollbarBackgroundColor)]">scrollbar/texturesliderbar.png</texturesliderbackground>
		<texturesliderbar colordiffuse="$INFO[Skin.String(ScrollbarUnfocusedColor)]" border="10">scrollbar/texturesliderbar.png</texturesliderbar>
		<texturesliderbarfocus colordiffuse="$INFO[Skin.String(ScrollbarFocusedColor)]" border="10">scrollbar/texturesliderbar.png</texturesliderbarfocus>
		<textureslidernib colordiffuse="$INFO[Skin.String(ScrollbarUnfocusedColor)]">scrollbar/texturesliderbar_nib.png</textureslidernib>
		<textureslidernibfocus colordiffuse="$INFO[Skin.String(ScrollbarFocusedColor)]">scrollbar/texturesliderbar_nib.png</textureslidernibfocus>
		<showonepage>false</showonepage>
        <orientation>vertical</orientation>
        <visible>!String.IsEqual(Skin.String(scrollbar_visibility),always_hide) | Window.IsActive(script-tmdbbingiehelper-wikipedia.xml) | Window.IsActive(Custom_1190_TMDbBingieHelperCast.xml) | Window.IsActive(SettingsSystemInfo.xml) | Window.IsActive(SkinSettings.xml) | Window.IsActive(1121) | Window.IsActive(DialogTextViewer.xml)</visible>
    </default>
    <default type="textbox">
        <label/>
        <font>Reg28</font>
        <textcolor fallback="white">$INFO[Skin.String(GeneralTextColor)]</textcolor>
        <shadowcolor/>
        <pagecontrol>61</pagecontrol>
		<align>justify</align>
        <autoscroll delay="6000" time="3000" repeat="10000">Skin.HasSetting(EnablePlotAutoScroll)</autoscroll>
    </default>
</includes>
