<?xml version="1.0" encoding="utf-8"?>
<!-- BINGIE -->
<window>
    <defaultcontrol always="true">570</defaultcontrol>
	<menucontrol>9000</menucontrol>
    <views>570</views>
    <controls>

        <!--Global Background-->
        <include>GlobalBackground</include>
		<!-- Now Playing -->
		<include>NowPlayingBackground</include>	
        <!--Header-->
        <include>Header</include>
        
		<control type="group">
            <include>animation_window_open_close</include>
			<bottom>135</bottom>
			<height>810</height>
           <!--Panel-->
            <control type="image">
                <posx>60</posx>
                <width>1800</width>
                <texture border="15">diffuse/bgpanel.png</texture>
                <colordiffuse>$INFO[Skin.String(GeneralPanelsColor)]</colordiffuse>
            </control>
            
            <control type="image">
                <posx>60</posx>
                <width>510</width>
                <texture border="15">diffuse/bgpanel.png</texture>
                <colordiffuse>$INFO[Skin.String(GeneralPanelsColor)]</colordiffuse>
            </control>
            
            <control type="list" id="570">
                <left>600</left>
                <top>30</top>
                <width>1200</width>
                <height>765</height>
                <onleft>9000</onleft>
                <onright>60</onright>
                <onup>570</onup>
                <ondown>570</ondown>
                <pagecontrol>60</pagecontrol>
                <scrolltime>200</scrolltime>
                <itemlayout height="85">
                    <control type="image">
                        <height>80</height>
                        <width>1200</width>
                        <texture border="10" colordiffuse="$INFO[Skin.String(ButtonColor)]">diffuse/panel.png</texture>
                    </control>
                    <control type="image">
                        <posx>20</posx>
                        <posy>10</posy>
                        <width>60</width>
                        <height>60</height>
                        <texture background="true">$INFO[ListItem.Icon]</texture>
                        <visible>!String.IsEmpty(ListItem.Icon)</visible>
                    </control>
                    <control type="label">
                        <left>99</left>
                        <top>9</top>
                        <width>870</width>
                        <height>30</height>
                        <font>Reg24</font>
                        <textcolor>$INFO[Skin.String(ButtonTextColor)]</textcolor>
                        <align>left</align>
                        <aligny>center</aligny>
                        <label>[B]$INFO[ListItem.Label][/B]</label>
                    </control>
                    <control type="label">
                        <left>99</left>
                        <top>32</top>
                        <width>870</width>
                        <height>48</height>
                        <font>Reg24</font>
                        <textcolor>$INFO[Skin.String(ButtonTextColor)]</textcolor>
                        <align>left</align>
                        <label>$INFO[ListItem.Property(Event.Description)]</label>
                    </control>
                    <control type="label">
                        <right>20</right>
                        <top>9</top>
                        <width>970</width>
                        <height>30</height>
                        <font>Reg24</font>
                        <textcolor>$INFO[Skin.String(ButtonTextColor)]</textcolor>
                        <align>right</align>
                        <aligny>center</aligny>
                        <label>$INFO[ListItem.Label2]</label>
                    </control>
                </itemlayout>
                <focusedlayout height="85">
				<control type="group">
					<visible>Control.HasFocus(570)</visible>
                    <control type="image">
                        <height>80</height>
                        <width>1200</width>
                        <texture border="10" colordiffuse="$INFO[Skin.String(ButtonFocusColor)]">diffuse/panel.png</texture>
                    </control>
                    <control type="image">
                        <posx>20</posx>
                        <posy>10</posy>
                        <width>60</width>
                        <height>60</height>
                        <texture background="true">$INFO[ListItem.Icon]</texture>
                        <visible>!String.IsEmpty(ListItem.Icon)</visible>
                    </control>
                    <control type="label">
                        <left>99</left>
                        <top>9</top>
                        <width>870</width>
                        <height>30</height>
                        <font>Reg24</font>
                        <textcolor>$INFO[Skin.String(ButtonFocusTextColor)]</textcolor>
                        <align>left</align>
                        <aligny>center</aligny>
                        <label>[B]$INFO[ListItem.Label][/B]</label>
                    </control>
                    <control type="label">
                        <left>99</left>
                        <top>32</top>
                        <width>870</width>
                        <height>48</height>
                        <font>Reg24</font>
                        <textcolor>$INFO[Skin.String(ButtonFocusTextColor)]</textcolor>
                        <align>left</align>
                        <label>$INFO[ListItem.Property(Event.Description)]</label>
                    </control>
                    <control type="label">
                        <right>20</right>
                        <top>9</top>
                        <width>970</width>
                        <height>30</height>
                        <font>Reg24</font>
                        <textcolor>$INFO[Skin.String(ButtonFocusTextColor)]</textcolor>
                        <align>right</align>
                        <aligny>center</aligny>
                        <label>$INFO[ListItem.Label2]</label>
                    </control>
				</control>	
				<control type="group">
				<visible>!Control.HasFocus(570)</visible>
                    <control type="image">
                        <height>80</height>
                        <width>1200</width>
                        <texture border="10" colordiffuse="$INFO[Skin.String(ButtonColor)]">diffuse/panel.png</texture>
                    </control>
                    <control type="image">
                        <posx>20</posx>
                        <posy>10</posy>
                        <width>60</width>
                        <height>60</height>
                        <texture background="true">$INFO[ListItem.Icon]</texture>
                        <visible>!String.IsEmpty(ListItem.Icon)</visible>
                    </control>
                    <control type="label">
                        <left>99</left>
                        <top>9</top>
                        <width>870</width>
                        <height>30</height>
                        <font>Reg24</font>
                        <textcolor>$INFO[Skin.String(ButtonTextColor)]</textcolor>
                        <align>left</align>
                        <aligny>center</aligny>
                        <label>[B]$INFO[ListItem.Label][/B]</label>
                    </control>
                    <control type="label">
                        <left>99</left>
                        <top>32</top>
                        <width>870</width>
                        <height>48</height>
                        <font>Reg24</font>
                        <textcolor>$INFO[Skin.String(ButtonTextColor)]</textcolor>
                        <align>left</align>
                        <label>$INFO[ListItem.Property(Event.Description)]</label>
                    </control>
                    <control type="label">
                        <right>20</right>
                        <top>9</top>
                        <width>970</width>
                        <height>30</height>
                        <font>Reg24</font>
                        <textcolor>$INFO[Skin.String(ButtonTextColor)]</textcolor>
                        <align>right</align>
                        <aligny>center</aligny>
                        <label>$INFO[ListItem.Label2]</label>
                    </control>
				</control>
                </focusedlayout>
            </control>
            <control type="scrollbar" id="60">
                <right>80</right>
                <top>30</top>
                <height>760</height>
                <onleft>570</onleft>
                <showonepage>false</showonepage>
            </control>
        
		
            <control type="grouplist" id="9000">
                <posx>90</posx>
                <posy>30</posy>
                <width>450</width>
                <ondown>9000</ondown>
                <onright>570</onright>
                <control type="togglebutton" id="4">
                    <description>Sort asc</description>
                    <font>Reg28</font>
                    <align>left</align>
                    <height>50</height>
                    <width>450</width>
					<textoffsetx>38</textoffsetx>
                    <label>$LOCALIZE[584]</label>
					<altlabel>$LOCALIZE[585]</altlabel>
                    <usealttexture>Container.SortDirection(Ascending)</usealttexture>
                </control>
                <control type="button" id="21">
                    <description>Level button</description>
                    <textwidth>235</textwidth>
                    <font>Reg28</font>
                    <align>left</align>
                    <height>50</height>
                    <width>450</width>
					<textoffsetx>38</textoffsetx>
                    <label/>
                </control>
                <control type="radiobutton" id="22">
                    <description>Only show current level</description>
                    <font>Reg28</font>
                    <align>left</align>
                    <height>50</height>
                    <width>450</width>
					<textoffsetx>38</textoffsetx>
                    <label/>
                </control>
                <control type="button" id="20">
                    <description>Clear button</description>
                    <font>Reg28</font>
                    <align>left</align>
                    <height>50</height>
                    <width>450</width>
					<textoffsetx>38</textoffsetx>
                    <label>$LOCALIZE[192]</label>
                </control>
        
            </control>
        </control>
		
    </controls>
</window>