<?xml version="1.0" encoding="UTF-8"?>
<includes>
	<include name="VideoListView">
		<control type="group"><!-- Listview focus image -->
			<visible>Control.IsVisible(50)</visible>
			<control type="image">
				<left>996</left>
				<top>438</top>
				<width>840</width>
				<height>96</height>
				<texture border="9">button-default-focus.png</texture>
				<aspectratio>stretch</aspectratio>
			</control>
			<animation condition="!Control.HasFocus(50)" effect="fade" start="100" end="60" reversible="true">Conditional</animation>
			<animation condition="Container.Position(0)" effect="slide" start="0,0" end="0,-288" time="200" tween="cubic" easing="inout" reversible="true">Conditional</animation>
			<animation condition="Container.Position(1)" effect="slide" start="0,0" end="0,-192" time="200" tween="cubic" easing="inout" reversible="true">Conditional</animation>
			<animation condition="Container.Position(2)" effect="slide" start="0,0" end="0,-96" time="200" tween="cubic" easing="inout" reversible="true">Conditional</animation>
			<animation condition="Container.Position(3)" effect="slide" start="0,0" end="0,0" time="200" tween="cubic" easing="inout" reversible="true">Conditional</animation>
			<animation condition="Container.Position(4)" effect="slide" start="0,0" end="0,96" time="200" tween="cubic" easing="inout" reversible="true">Conditional</animation>
			<animation condition="Container.Position(6)" effect="slide" start="0,0" end="0,192" time="200" tween="cubic" easing="inout" reversible="true">Conditional</animation>
			<animation condition="Container.Position(7)" effect="slide" start="0,0" end="0,288" time="200" tween="cubic" easing="inout" reversible="true">Conditional</animation>
			<animation condition="Container.Position(8)" effect="slide" start="0,0" end="0,384" time="200" tween="cubic" easing="inout" reversible="true">Conditional</animation>
		</control>
		<control type="fixedlist" id="50">
			<viewtype label="31941">list</viewtype>
			<left>996</left>
			<top>150</top>
			<width>840</width>
			<height>864</height>
			<scrolltime>0</scrolltime>
			<focusposition>2</focusposition>
			<movement>2</movement>
			<onleft>$VAR[ListScrollNavSets]</onleft>
			<onright>$VAR[ListScrollNavVideo]</onright>
			<onup>50</onup>
			<ondown>50</ondown>
			<preloaditems>4</preloaditems>
			<pagecontrol>1250</pagecontrol>
			<itemlayout height="96">
				<control type="image">
					<left>0</left>
					<top>0</top>
					<width>840</width>
					<height>96</height>
					<texture border="9">button-default.png</texture>
					<aspectratio>stretch</aspectratio>
					<animation condition="!Control.HasFocus(50)" effect="fade" start="100" end="60" reversible="true">Conditional</animation>
				</control>
				<control type="image">
					<left>3</left>
					<top>24</top>
					<width>48</width>
					<height>48</height>
					<texture>$VAR[Overlay]</texture>
					<visible>$EXP[isContentMovies] | $EXP[isContentTvshows] | $EXP[isContentSeasons] | $EXP[isContentEpisodes] | $EXP[isContentMusicvideos] | $EXP[isContentSets]</visible>
				</control>
				<control type="label">
					<left>48</left>
					<top>12</top>
					<width>720</width>
					<height>34</height>
					<font>apptv22</font>
					<label>$INFO[ListItem.Label]</label>
					<include condition="Skin.HasSetting(text-autoscroll)">scrolltext</include>
					<animation condition="![[Container.Content(files) + !ListItem.IsFolder] |Container.Content(addons) | Container.Content(movies) 	
							| Container.Content(musicvideos) | [[Container.Content(tvshows) | Container.Content(seasons)] + !String.IsEmpty(ListItem.PlotOutline)] 
							| Container.Content(episodes) | !String.IsEmpty(ListItem.Label2)]" effect="slide" start="0,0" end="0,16" time="0">Conditonal</animation>
				</control>
				<control type="label">
					<left>48</left>
					<top>48</top>
					<width>720</width>
					<height>34</height>
					<font>apptv22</font>
					<textcolor>disabled-text</textcolor>
					<label>$VAR[VideoListViewLine2]</label>
					<include condition="Skin.HasSetting(text-autoscroll)">scrolltext</include>
				</control>
				<control type="image">
					<left>787</left>
					<top>18</top>
					<width>24</width>
					<height>24</height>
					<texture>overlayvideoextras.png</texture>
					<visible>!String.IsEmpty(Listitem.Art(sflogo))</visible>
				</control>
				<control type="image">
					<left>776</left>
					<top>48</top>
					<width>48</width>
					<height>48</height>
					<texture>$VAR[ListItemFlags]</texture>
				</control>
			</itemlayout>
			<focusedlayout height="96">
				<control type="image">
					<left>3</left>
					<top>24</top>
					<width>48</width>
					<height>48</height>
					<texture>$VAR[Overlay]</texture>
					<visible>$EXP[isContentMovies] | $EXP[isContentTvshows] | $EXP[isContentSeasons] | $EXP[isContentEpisodes] | $EXP[isContentMusicvideos] | $EXP[isContentSets]</visible>
				</control>
				<control type="label">
					<left>48</left>
					<top>12</top>
					<width>720</width>
					<height>34</height>
					<font>apptv22</font>
					<label>$INFO[ListItem.Label]</label>
					<include condition="Skin.HasSetting(text-autoscroll)">scrolltext</include>
					<animation condition="![[Container.Content(files) + !ListItem.IsFolder] | Container.Content(addons) | Container.Content(movies) 
							| Container.Content(musicvideos) | [[Container.Content(tvshows) | Container.Content(seasons)] + !String.IsEmpty(ListItem.PlotOutline)] 
							| Container.Content(episodes) | !String.IsEmpty(ListItem.Label2)]" effect="slide" start="0,0" end="0,16" time="0">Conditonal</animation>
				</control>
				<control type="label">
					<left>48</left>
					<top>48</top>
					<width>720</width>
					<height>34</height>
					<font>apptv22</font>
					<textcolor>disabled-text</textcolor>
					<label>$VAR[VideoListViewLine2]</label>
					<include condition="Skin.HasSetting(text-autoscroll)">scrolltext</include>
				</control>
				<control type="image">
					<left>787</left>
					<top>18</top>
					<width>24</width>
					<height>24</height>
					<texture>overlayvideoextras.png</texture>
					<visible>!String.IsEmpty(Listitem.Art(sflogo))</visible>
				</control>
				<control type="image">
					<left>776</left>
					<top>48</top>
					<width>48</width>
					<height>48</height>
					<texture>$VAR[ListItemFlags]</texture>
				</control>
			</focusedlayout>
		</control>
		<control type="group" id="945">
			<visible>Control.IsVisible(50) + !System.ScreenSaverActive + [$EXP[isContentMovies] | $EXP[isContentTvshows]]  + [[System.IdleTime(60) + [String.IsEqual(Skin.String(listview-idleanim),60) | String.IsEmpty(Skin.String(listview-idleanim))]] | [System.IdleTime(90) + String.IsEqual(Skin.String(listview-idleanim),90)] | [System.IdleTime(120) + String.IsEqual(Skin.String(listview-idleanim),120)]]</visible>
			<animation effect="fade" start="0" end="100" time="1000">Visible</animation>
			<control type="wraplist" id="950">
				<left>-15</left>
				<top>-15</top>
				<width>15</width>
				<height>15</height>
				<autoscroll>true</autoscroll>
				<scrolltime>4000</scrolltime>
				<orientation>horizontal</orientation>
				<itemlayout height="15" width="15"/>
				<focusedlayout height="15" width="15"/>
				<content target="video" limit="12">$VAR[ListDynamicContent]</content>
			</control>
			<control type="group" id="951">
				<visible>Control.IsVisible(950)</visible>
				<control type="image">
					<left>-132</left>
					<top>285</top>
					<width>132</width>
					<height>93</height>
					<texture background="true" diffuse="mask-rect.png">$INFO[Container(950).Listitem(2).Art(thumb)]</texture>
					<aspectratio scalediffuse="true" aligny="bottom">keep</aspectratio>
					<colordiffuse>LongDistance</colordiffuse>
					<animation type="TYPE" condition="!Container(950).OnNext" reversible="false">
						<effect type="slide" start="0,0" end="222,15" time="5000" tween="cubic" easing="out" />
					</animation>
				</control>
				<control type="image">
					<left>90</left>
					<top>300</top>
					<width>132</width>
					<height>93</height>
					<texture background="true" diffuse="mask-rect.png">$INFO[Container(950).Listitem(1).Art(thumb)]</texture>
					<aspectratio scalediffuse="true" aligny="bottom">keep</aspectratio>
					<colordiffuse>MiddleDistance</colordiffuse>
					<animation type="TYPE" condition="!Container(950).OnNext" reversible="false">
						<effect type="zoom" start="90,300,132,93" end="270,315,172,122" time="5000" tween="cubic" easing="out" />
						<effect type="fade" start="50" end="70" time="4000" tween="cubic" easing="out" />
					</animation>
				</control>
				<control type="image">
					<left>270</left>
					<top>315</top>
					<width>172</width>
					<height>122</height>
					<texture background="true" diffuse="mask-rect.png">$INFO[Container(950).Listitem(0).Art(thumb)]</texture>
					<aspectratio scalediffuse="true" aligny="bottom">keep</aspectratio>
					<animation type="TYPE" condition="!Container(950).OnNext" reversible="false">
						<effect type="zoom" start="270,315,172,122" end="375,345,610,430" time="5000" tween="quadratic" easing="out" />
						<effect type="fade" start="58" end="100" time="4000" tween="quadratic" easing="out" />
					</animation>
				</control>
				<control type="image">
					<left>364</left>
					<top>344</top>
					<width>610</width>
					<height>430</height>
					<texture background="true" diffuse="mask-rect.png">$INFO[Container(950).Listitem(-1).Art(thumb)]</texture>
					<aspectratio scalediffuse="true" aligny="bottom">keep</aspectratio>
					<animation condition="!Container(950).OnNext" effect="fade" start="100" end="0" time="2400" reversible="false">Conditional</animation>
				</control>
			</control>
		</control>
		<control type="group">
			<visible>Control.IsVisible(50) + !Control.IsVisible(945)</visible>
			<control type="image">
				<left>471</left>
				<top>174</top>
				<width>504</width>
				<height>504</height>
				<texture>DefaultFolderBack.png</texture>
				<aspectratio align="right" aligny="top">keep</aspectratio>
				<visible>$EXP[isParentFolder]</visible>
			</control>
			<control type="group">
				<visible>$EXP[isnotParentFolder]</visible>
				<control type="image">
					<left>462</left>
					<top>166</top>
					<width>512</width>
					<height>512</height>
					<texture background="true" diffuse="mask-rect.png">$VAR[IconPoster]</texture>
					<aspectratio scalediffuse="true" align="right" aligny="top">keep</aspectratio>
				</control>
				<control type="group">
					<visible>[$EXP[isContentTvshows] | $EXP[isContentSeasons]]</visible>
					<include content="listitem-count">
						<param name="left" value="888" />
						<param name="top" value="634" />
						<param name="count" value="ListItem.Property(UnwatchedEpisodes)" />
						<param name="size" value="100" />
					</include>
				</control>
			</control>
			<control type="group">
				<visible>$EXP[isnotParentFolder]</visible>
				<control type="image">
					<left>36</left>
					<top>305</top>
					<width>165</width>
					<height>33</height>
					<texture>$VAR[MediaRating]</texture>
					<aspectratio>keep</aspectratio>
				</control>
				<control type="label">
					<left>36</left>
					<top>353</top>
					<width>300</width>
					<height>46</height>
					<font>apptv22</font>
					<label>$VAR[ListitemDuration]</label>
					<visible>![$EXP[isTvshow]] + ![$EXP[isSeason]] + !Container.Scrolling</visible>
				</control>
				<control type="label"><!-- Number of movies in set -->
					<left>36</left>
					<top>353</top>
					<width>300</width>
					<height>46</height>
					<font>apptv22</font>
					<label>$INFO[Container(5050).NumItems,, $LOCALIZE[342]]</label>
					<visible>ListItem.IsCollection + String.IsEmpty(ListItem.PlotOutline) + String.IsEmpty(ListItem.Plot)</visible>
				</control>
				<control type="image"><!-- Classification Rating (quick way) -->
					<left>36</left>
					<top>414</top>
					<width>64</width>
					<height>64</height>
					<aligny>bottom</aligny>
					<texture fallback="resource://resource.images.classificationicons.colour/Check Classification.png">$VAR[MPAARatingIcons]</texture>
					<aspectratio>keep</aspectratio>
					<visible>$EXP[isnotEmptyDBID] + [$EXP[isMovie] | $EXP[isTvshow] | $EXP[isSeason] | $EXP[isEpisode] | $EXP[isMusicvideo]]</visible>
				</control>
				<control type="image">
					<left>36</left>
					<top>528</top>
					<width>387</width>
					<height>150</height>
					<texture>$VAR[ListViewVideoLogo]</texture>
					<aligny>bottom</aligny>
					<aspectratio align="left">keep</aspectratio>
				</control>
				<control type="textbox">
					<left>36</left>
					<top>684</top>
					<width>944</width>
					<height>318</height>
					<font>apptv20</font>
					<label>$VAR[VideoPlot]</label>
					<align>justify</align>
					<aligny>top</aligny>
					<visible>!Container.Scrolling</visible>
				</control>
				<control type="group">
					<visible>ListItem.IsCollection + String.IsEmpty(ListItem.PlotOutline) + String.IsEmpty(ListItem.Plot)</visible>
					<!-- Markers for off screen menu items -->
					<include content="page-offscreen-vertical">
						<param name="indicator1left" value="491"/>
						<param name="indicator1top" value="700"/>
						<param name="indicator2left" value="491"/>
						<param name="indicator2top" value="998"/>
						<param name="indicatorsize" value="24"/>
						<param name="indicatorcontainer" value="5050"/>
					</include>
					<control type="panel" id="5050"><!-- Show list of movies in Set if in Set node -->
						<left>36</left>
						<top>722</top>
						<width>944</width>
						<height>276</height>
						<orientation>vertical</orientation>
						<onleft condition="Skin.HasSetting(lock-screensettings)">4501</onleft>
						<onleft condition="!Skin.HasSetting(lock-screensettings)">9000</onleft>
						<onright>50</onright>
						<onup>4501</onup>
						<ondown>4501</ondown>
						<itemlayout height="46">
							<control type="label">
								<left>10</left>
								<height>46</height>
								<width>924</width>
								<aligny>center</aligny>
								<label>$INFO[ListItem.Year,[COLOR disabled-text],[/COLOR]  -  ]$INFO[ListItem.Label]</label>
								<font>apptv20</font>
							</control>
						</itemlayout>
						<focusedlayout height="46">
							<control type="image">
								<left>0</left>
								<top>0</top>
								<width>944</width>
								<height>46</height>
								<texture border="9">button-default-focus.png</texture>
								<aspectratio>stretch</aspectratio>
							</control>
							<control type="label">
								<left>10</left>
								<height>46</height>
								<width>924</width>
								<aligny>center</aligny>
								<label>$INFO[ListItem.Year,[COLOR disabled-text],[/COLOR]  -  ]$INFO[ListItem.Label]</label>
								<font>apptv20</font>
							</control>
						</focusedlayout>
						<content sortby="year" sortorder="descending">$INFO[ListItem.FolderPath]</content>
					</control>
				</control>
			</control>
		</control>
		<include>sortletternotification</include>
		<include content="letterbar-vertical">
			<param name="searchleft" value="1848"/>
			<param name="searchtop" value="132"/>
			<param name="letterbarleft" value="1850"/>
			<param name="letterbartop" value="165"/>
			<param name="searchid" value="1240"/>
			<param name="letterbarid" value="1260"/>
			<param name="scrollbarid" value="1250"/>
			<param name="listitemid" value="50"/>
			<param name="illegalexitsearch" value="4503"/>
			<param name="illegalexitbar" value="4505"/>
			<param name="letterbarvisible" value="Control.IsVisible(50)+Skin.HasSetting(show-letterbar)+[$EXP[isContentSets]|$EXP[isContentMovies]|$EXP[isContentTvshows]|$EXP[isContentMusicvideos]]"/>
		</include>
		<control type="scrollbar" id="1250">
			<left>1872</left>
			<top>165</top>
			<width>18</width>
			<height>864</height>
			<onright>4504</onright>
			<onleft condition="Skin.HasSetting(show-letterbar) + [$EXP[isContentSets] | $EXP[isContentMovies] | $EXP[isContentTvshows] | $EXP[isContentMusicvideos]]">1260</onleft>
			<onleft condition="!Skin.HasSetting(show-letterbar) | ![$EXP[isContentSets] | $EXP[isContentMovies] | $EXP[isContentTvshows] | $EXP[isContentMusicvideos]]">50</onleft>
			<animation condition="!Control.HasFocus(1250) + !Container.Scrolling + $EXP[isnotAlwaysScrollbar]" effect="fade" start="100" end="0" time="200" reversible="true">Conditional</animation>
			<animation condition="Skin.HasSetting(show-letterbar) + [$EXP[isContentSets] | $EXP[isContentMovies] | $EXP[isContentTvshows] | $EXP[isContentMusicvideos]]" effect="slide" end="15,0" reversible="true">Conditional</animation>
			<visible>Control.IsVisible(50) + $EXP[isEnabledScrollbar]</visible>
		</control>
		<!-- Play bump sound if user tries leaving sets list by undefined direction -->
		<include content="illegal-action">
			<param name="controlid" value="4501" />
			<param name="returnid" value="5050" />
		</include>
		<!-- Play bump sound if user tries leaving item list by undefined direction -->
		<include content="illegal-action">
			<param name="controlid" value="4502" />
			<param name="returnid" value="50" />
		</include>
		<!-- Play bump sound if user tries leaving search button by undefined direction -->
		<include content="illegal-action">
			<param name="controlid" value="4503" />
			<param name="returnid" value="1240" />
		</include>
		<!-- Play bump sound if user tries leaving scrollbar by undefined direction -->
		<include content="illegal-action">
			<param name="controlid" value="4504" />
			<param name="returnid" value="1250" />
		</include>
		<!-- Play bump sound if user tries leaving letterbar by undefined direction -->
		<include content="illegal-action">
			<param name="controlid" value="4505" />
			<param name="returnid" value="1260" />
		</include>
	</include>
	<!--<include name="VideoLowListView">
			<control type="label">
				<left>20</left>
				<top>5</top>
				<width>600</width>
				<height>30</height>
				<align>center</align>
				<font>apptv18</font>
				<label>$INFO[Container(5150).ListItem.FolderPath]</label>
				<visible>Control.IsVisible(51) + $EXP[isContentSeasons]</visible>
			</control>		
		<control type="list" id="51">
			<visible>$EXP[isContentSeasons]</visible>
			<viewtype label="31931">list</viewtype>
			<left>-3000</left>
			<top>-3000</top>
			<width>10</width>
			<height>10</height>
			<onback>SetFocus(50)</onback>
			<onfocus>SetFocus(5150)</onfocus>
			<itemlayout  height="10" width="10"/>
			<focusedlayout height="10" width="10"/>
		</control>
		<control type="list" id="5150">
			<visible>Control.IsVisible(51) + $EXP[isContentSeasons]</visible>
			<viewtype label="31931">list</viewtype>
			<left>30</left>
			<top>630</top>
			<width>280</width>
			<height>45</height>
			<scrolltime>0</scrolltime>
			<onfocus>SetFocus(5150)</onfocus>
			<onleft>9000</onleft>
			<ondown>5151</ondown>
			<orientation>horizontal</orientation>
			<preloaditems>2</preloaditems>
			<itemlayout height="45">
				<control type="label">
					<left>20</left>
					<top>5</top>
					<width>240</width>
					<height>30</height>
					<align>center</align>
					<font>apptv20</font>
					<label>$INFO[Listitem.Label]</label>
					<include condition="Skin.HasSetting(text-autoscroll)">scrolltext</include>
				</control>
				<control type="image">
					<left>250</left>
					<top>6</top>
					<width>32</width>
					<height>32</height>
					<texture>scroll-right-focus.png</texture>
				</control>
			</itemlayout>
			<focusedlayout height="45">
				<control type="image">
					<left>0</left>
					<top>0</top>
					<width>280</width>
					<height>45</height>
					<texture border="9">button-default-focus.png</texture>
					<aspectratio>stretch</aspectratio>
					<animation condition="!Control.HasFocus(51)" effect="fade" start="100" end="60" reversible="true">Conditional</animation>
				</control>
				<control type="label">
					<left>20</left>
					<top>5</top>
					<width>240</width>
					<height>30</height>
					<align>center</align>
					<font>apptv20</font>
					<label>$INFO[Listitem.Label]</label>
					<include condition="Skin.HasSetting(text-autoscroll)">scrolltext</include>
				</control>
				<control type="image">
					<left>250</left>
					<top>6</top>
					<width>32</width>
					<height>32</height>
					<texture>scroll-right-focus.png</texture>
				</control>
			</focusedlayout>
			<content>videodb://tvshows/titles/?xsp=%7B%22limit%22%3A0%2C%22order%22%3A%7B%22direction%22%3A%22ascending%22%2C%22method%22%3A%22%22%7D%2C%22rules%22%3A%7B%22and%22%3A%5B%7B%22field%22%3A%22label%22%2C%22operator%22%3A%22isnot%22%2C%22value%22%3A%5B%22$LOCALIZE[20366]%22%5D%7D%2C%7B%22field%22%3A%22label%22%2C%22operator%22%3A%22isnot%22%2C%22value%22%3A%5B%22..%22%5D%7D%2C%7B%22field%22%3A%22tvshow%22%2C%22operator%22%3A%22is%22%2C%22value%22%3A%5B%22tvshowtitle%22%5D%7D%5D%7D%2C%22type%22%3A%22seasons%22%7D</content>
		</control>
		<control type="panel" id="5151">
			<left>30</left>
			<top>710</top>
			<width>1800</width>
			<height>288</height>
			<orientation>vertical</orientation>
			<onleft condition="Skin.HasSetting(lock-screensettings)">4501</onleft>
			<onleft condition="!Skin.HasSetting(lock-screensettings)">9000</onleft>
			<onup>51</onup>
			<ondown>5150</ondown>
			<visible>$EXP[isnotParentFolder] + Control.IsVisible(51)</visible>
			<itemlayout height="96">
				<control type="image">
					<left>14</left>
					<top>10</top>
					<width>114</width>
					<height>64</height>
					<texture>$INFO[ListItem.Art(thumb)]</texture>
					<aspectratio>stretch</aspectratio>
				</control>
				<control type="textbox">
					<left>140</left>
					<top>2</top>
					<height>64</height>
					<width>1640</width>
					<align>justify</align>
					<aligny>top</aligny>
					<label>$VAR[VideoPlot]</label>
					<font>apptv18</font>
				</control>
				<control type="image">
					<left>130</left>
					<top>60</top>
					<width>32</width>
					<height>32</height>
					<texture>$VAR[Overlay]</texture>
				</control>
			</itemlayout>
			<focusedlayout height="96">
				<control type="image">
					<left>0</left>
					<top>0</top>
					<width>1800</width>
					<height>96</height>
					<texture border="9">button-default-focus.png</texture>
					<aspectratio>stretch</aspectratio>
				</control>
				<control type="image">
					<left>14</left>
					<top>10</top>
					<width>114</width>
					<height>64</height>
					<texture>$INFO[ListItem.Art(thumb)]</texture>
					<aspectratio>stretch</aspectratio>
				</control>
				<control type="textbox">
					<left>140</left>
					<top>2</top>
					<height>64</height>
					<width>1640</width>
					<align>justify</align>
					<aligny>top</aligny>
					<label>$VAR[VideoPlot]</label>
					<font>apptv18</font>
				</control>
				<control type="image">
					<left>130</left>
					<top>60</top>
					<width>32</width>
					<height>32</height>
					<texture>$VAR[Overlay]</texture>
				</control>
			</focusedlayout>
			<content>$INFO[Container(5150).ListItem.FolderPath]</content>
		</control>
		<control type="group">
			<visible>Control.IsVisible(51)</visible>
			<control type="group">
				<control type="image">
					<left>36</left>
					<top>428</top>
					<width>387</width>
					<height>150</height>
					<texture>$VAR[ListViewVideoLogo]</texture>
					<aligny>bottom</aligny>
					<aspectratio align="left">keep</aspectratio>
				</control>
				<control type="image">
					<left>36</left>
					<top>579</top>
					<width>165</width>
					<height>33</height>
					<texture>$VAR[MediaRating]</texture>
					<aspectratio>keep</aspectratio>
				</control>
				<control type="label">
					<left>202</left>
					<top>580</top>
					<width>300</width>
					<height>30</height>
					<font>apptv20</font>
					<label>$VAR[ListitemDuration]</label>
					<visible>![$EXP[isTvshow]] + ![$EXP[isSeason]] + !Container.Scrolling</visible>
				</control>
				<control type="image">
					<left>504</left>
					<top>580</top>
					<width>32</width>
					<height>32</height>
					<texture>$VAR[ListItemFlags]</texture>
				</control>-->
				<!--<control type="image">--><!-- Classification Rating (quick way) -->
					<!--<left>536</left>
					<top>580</top>
					<width>32</width>
					<height>32</height>
					<aligny>bottom</aligny>
					<texture fallback="resource://resource.images.classificationicons.colour/Check Classification.png">$VAR[MPAARatingIcons]</texture>
					<aspectratio>keep</aspectratio>
					<visible>$EXP[isnotEmptyDBID] + $EXP[isSeason]</visible>
				</control>
			</control>
		</control>
		<control type="scrollbar" id="1251">
			<left>1872</left>
			<top>165</top>
			<width>18</width>
			<height>864</height>
			<onright>4504</onright>
			<onleft condition="Skin.HasSetting(show-letterbar) + [$EXP[isContentSets] | $EXP[isContentMovies] | $EXP[isContentTvshows] | $EXP[isContentMusicvideos]]">1260</onleft>
			<onleft condition="!Skin.HasSetting(show-letterbar) | ![$EXP[isContentSets] | $EXP[isContentMovies] | $EXP[isContentTvshows] | $EXP[isContentMusicvideos]]">50</onleft>
			<animation condition="!Control.HasFocus(1251) + !Container.Scrolling + $EXP[isnotAlwaysScrollbar]" effect="fade" start="100" end="0" time="200" reversible="true">Conditional</animation>
			<animation condition="Skin.HasSetting(show-letterbar) + [$EXP[isContentSets] | $EXP[isContentMovies] | $EXP[isContentTvshows] | $EXP[isContentMusicvideos]]" effect="slide" end="15,0" reversible="true">Conditional</animation>
			<visible>Control.IsVisible(51) + $EXP[isEnabledScrollbar]</visible>
		</control>-->
		<!-- Play bump sound if user tries leaving item list by undefined direction -->
		<!--<include content="illegal-action">
			<param name="controlid" value="4512" />
			<param name="returnid" value="51" />
		</include>-->
		<!-- Play bump sound if user tries leaving search button by undefined direction -->
		<!--<include content="illegal-action">
			<param name="controlid" value="4513" />
			<param name="returnid" value="1241" />
		</include>-->
		<!-- Play bump sound if user tries leaving scrollbar by undefined direction -->
		<!--<include content="illegal-action">
			<param name="controlid" value="4504" />
			<param name="returnid" value="1251" />
		</include>-->
		<!-- Play bump sound if user tries leaving letterbar by undefined direction -->
		<!--<include content="illegal-action">
			<param name="controlid" value="4515" />
			<param name="returnid" value="1261" />
		</include>
	</include>-->
	<include name="VideoIconView">
		<control type="panel" id="52">
			<left>30</left>
			<top>150</top>
			<width>1800</width>
			<height>930</height>
			<onleft condition="Skin.HasSetting(lock-screensettings)">4521</onleft>
			<onleft condition="!Skin.HasSetting(lock-screensettings)">9000</onleft>
			<onright>$VAR[ListScrollNavVideo]</onright>
			<onup>52</onup>
			<ondown>52</ondown>
			<viewtype label="31943">icon</viewtype>
			<pagecontrol>1252</pagecontrol>
			<preloaditems>4</preloaditems>
			<itemlayout height="351" width="450">
				<control type="image">
					<left>90</left>
					<top>8</top>
					<width>270</width>
					<height>270</height>
					<aspectratio>keep</aspectratio>
					<texture colordiffuse="UnFocusedPosters" diffuse="mask-rect.png" background="true">$VAR[IconPoster]</texture>
				</control>
				<control type="image">
					<left>40</left>
					<top>-3</top>
					<width>48</width>
					<height>48</height>
					<texture>$VAR[Overlay]</texture>
					<visible>$EXP[isContentMovies] | $EXP[isContentTvshows] | $EXP[isContentSeasons] | $EXP[isContentEpisodes] | $EXP[isContentMusicvideos] | $EXP[isContentSets]</visible>
				</control>
				<control type="image">
					<left>52</left>
					<top>46</top>
					<width>24</width>
					<height>24</height>
					<texture>overlayvideoextras.png</texture>
					<visible>!String.IsEmpty(Listitem.Art(sflogo))</visible>
				</control>
				<include content="listitem-count">
					<param name="left" value="225" />
					<param name="top" value="222" />
					<param name="count" value="ListItem.Property(UnwatchedEpisodes)" />
					<param name="size" value="70" />
				</include>
			</itemlayout>
			<focusedlayout height="351" width="450">
				<control type="group">
					<animation effect="zoom" start="100" end="124" center="auto" time="600" tween="back" easing="out" reversible="false">focus</animation>
					<control type="image">
						<left>90</left>
						<top>8</top>
						<width>270</width>
						<height>270</height>
						<texture background="true" diffuse="mask-rect.png">$VAR[IconPoster]</texture>
						<aspectratio>keep</aspectratio>
						<colordiffuse>$VAR[ListScrollDiffuse]</colordiffuse>
						<visible>Control.HasFocus(52)</visible>
					</control>
					<control type="image">
						<left>90</left>
						<top>8</top>
						<width>270</width>
						<height>270</height>
						<texture background="true" diffuse="mask-rect.png">$VAR[IconPoster]</texture>
						<aspectratio>keep</aspectratio>
						<visible>!Control.HasFocus(52)</visible>
					</control>
					<control type="image">
						<left>40</left>
						<top>6</top>
						<width>48</width>
						<height>48</height>
						<texture>$VAR[Overlay]</texture>
						<visible>$EXP[isContentMovies] | $EXP[isContentTvshows] | $EXP[isContentSeasons] | $EXP[isContentEpisodes] | $EXP[isContentMusicvideos] | $EXP[isContentSets]</visible>
					</control>
					<control type="image">
						<left>52</left>
						<top>46</top>
						<width>24</width>
						<height>24</height>
						<texture>overlayvideoextras.png</texture>
						<visible>!String.IsEmpty(Listitem.Art(sflogo))</visible>
					</control>
					<include content="listitem-count">
						<param name="left" value="216" />
						<param name="top" value="212" />
						<param name="count" value="ListItem.Property(UnwatchedEpisodes)" />
						<param name="size" value="70" />
					</include>
				</control>
				<control type="label">
					<left>0</left>
					<top>300</top>
					<width>450</width>
					<height>33</height>
					<font>apptv20</font>
					<align>center</align>
					<label>$INFO[ListItem.Label]</label>
					<visible>!Container().Scrolling</visible>
				</control>
			</focusedlayout>
		</control>
		<include>sortletternotification</include>
		<include content="letterbar-vertical">
			<param name="searchleft" value="1848"/>
			<param name="searchtop" value="132"/>
			<param name="letterbarleft" value="1850"/>
			<param name="letterbartop" value="165"/>
			<param name="searchid" value="1242"/>
			<param name="letterbarid" value="1262"/>
			<param name="scrollbarid" value="1252"/>
			<param name="listitemid" value="52"/>
			<param name="illegalexitsearch" value="4522"/>
			<param name="illegalexitbar" value="4524"/>
			<param name="letterbarvisible" value="Control.IsVisible(52)+Skin.HasSetting(show-letterbar)+[$EXP[isContentMovies]|$EXP[isContentTvshows]|$EXP[isContentMusicvideos]]"/>
		</include>
		<control type="scrollbar" id="1252">
			<left>1872</left>
			<top>165</top>
			<width>18</width>
			<height>864</height>
			<onright>4523</onright>
			<onleft condition="Skin.HasSetting(show-letterbar) + [$EXP[isContentMovies] | $EXP[isContentTvshows] | $EXP[isContentMusicvideos]]">1262</onleft>
			<onleft condition="!Skin.HasSetting(show-letterbar) | ![$EXP[isContentMovies] | $EXP[isContentTvshows] | $EXP[isContentMusicvideos]]">52</onleft>
			<animation condition="!Control.HasFocus(1252) + !Container.Scrolling + $EXP[isnotAlwaysScrollbar]" effect="fade" start="100" end="0" time="200" reversible="true">Conditional</animation>
			<animation condition="Skin.HasSetting(show-letterbar) + [$EXP[isContentMovies] | $EXP[isContentTvshows] | $EXP[isContentMusicvideos]]" effect="slide" end="15,0" reversible="true">Conditional</animation>
			<visible>$EXP[isEnabledScrollbar] + Control.IsVisible(52)</visible>
		</control>
		<!-- Play bump sound if user tries leaving item list by undefined direction -->
		<include content="illegal-action">
			<param name="controlid" value="4521" />
			<param name="returnid" value="52" />
		</include>
		<!-- Play bump sound if user tries leaving search button by undefined direction -->
		<include content="illegal-action">
			<param name="controlid" value="4522" />
			<param name="returnid" value="1242" />
		</include>
		<!-- Play bump sound if user tries leaving scrollbar by undefined direction -->
		<include content="illegal-action">
			<param name="controlid" value="4523" />
			<param name="returnid" value="1252" />
		</include>
		<!-- Play bump sound if user tries leaving letterbar by undefined direction -->
		<include content="illegal-action">
			<param name="controlid" value="4524" />
			<param name="returnid" value="1262" />
		</include>
	</include>
	<include name="BannerView">
		<control type="group">
			<visible>Control.IsVisible(53)</visible>
			<control type="list" id="53">
				<visible>$EXP[isContentTvshows] + !String.IsEmpty(Container.FolderPath)</visible>
				<viewtype label="31946">biglist</viewtype>
				<left>993</left>
				<top>214</top>
				<width>813</width>
				<height>750</height>
				<pagecontrol>1253</pagecontrol>
				<preloaditems>4</preloaditems>
				<onup>53</onup>
				<ondown>53</ondown>
				<onleft condition="Skin.HasSetting(lock-screensettings)">4531</onleft>
				<onleft condition="!Skin.HasSetting(lock-screensettings)">9000</onleft>
				<onright>$VAR[ListScrollNavVideo]</onright>
				<itemlayout height="150">
					<control type="image"><!-- Background shadow for unselected IconBanner image -->
						<left>0</left>
						<top>0</top>
						<width>813</width>
						<height>150</height>
						<texture colordiffuse="UnFocusedPosters">background-mask.png</texture>
						<aspectratio>stretch</aspectratio>
					</control>
					<control type="image">
						<left>0</left>
						<top>0</top>
						<width>813</width>
						<height>150</height>
						<texture colordiffuse="UnFocusedPosters" background="true">$VAR[IconBanner]</texture>
						<aspectratio>keep</aspectratio>
						<visible>$EXP[isnotParentFolder]</visible>
					</control>
					<control type="image">
						<left>0</left>
						<top>0</top>
						<width>813</width>
						<height>150</height>
						<texture colordiffuse="UnFocusedPosters">DefaultFolderBack.png</texture>
						<aspectratio>keep</aspectratio>
						<visible>$EXP[isParentFolder]</visible>
					</control>
					<include content="listitem-count">
						<param name="left" value="730" />
						<param name="top" value="104" />
						<param name="count" value="ListItem.Property(UnwatchedEpisodes)" />
						<param name="size" value="85" />
					</include>
				</itemlayout>
				<focusedlayout height="150">
					<control type="group">
						<animation condition="true" effect="zoom" start="100" end="119" center="auto">Conditional</animation>
						<animation effect="fade" start="100" end="50" condition="!Control.HasFocus(53)">Conditional</animation>
						<control type="image">
							<left>0</left>
							<top>0</top>
							<width>813</width>
							<height>150</height>
							<texture>DefaultFolderBack.png</texture>
							<aspectratio>keep</aspectratio>
							<colordiffuse>$VAR[ListScrollDiffuse]</colordiffuse>
							<visible>$EXP[isParentFolder]</visible>
						</control>
						<control type="image">
							<left>0</left>
							<top>0</top>
							<width>813</width>
							<height>150</height>
							<texture background="true">$VAR[IconBanner]</texture>
							<bordertexture border="12">mask-hilite.png</bordertexture>
							<bordersize>12</bordersize>
							<aspectratio>keep</aspectratio>
							<colordiffuse>$VAR[ListScrollDiffuse]</colordiffuse>
							<visible>$EXP[isnotParentFolder]</visible>
						</control>
					</control>
					<include content="listitem-count">
						<param name="left" value="730" />
						<param name="top" value="104" />
						<param name="count" value="ListItem.Property(UnwatchedEpisodes)" />
						<param name="size" value="85" />
					</include>
				</focusedlayout>
			</control>
			<control type="group">
				<animation effect="fade" delay="300" start="0" end="100" time="200">Visible</animation>
				<control type="label"><!-- Go Back -->
					<left>45</left>
					<top>477</top>
					<width>900</width>
					<height>57</height>
					<font>apptv38</font>
					<align>center</align>
					<label>$LOCALIZE[31688]</label>
					<visible>$EXP[isParentFolder]</visible>
				</control>
				<control type="group">
					<visible>$EXP[isnotParentFolder]</visible>
					<control type="image">
						<left>201</left>
						<top>171</top>
						<width>588</width>
						<height>330</height>
						<texture background="true" fallback="DefaultTVShows.png">$INFO[ListItem.Art(fanart)]</texture>
						<aspectratio aligny="top">keep</aspectratio>
						<visible>Skin.HasSetting(background-fanarts)</visible>
					</control>
					<control type="image">
						<left>201</left>
						<top>171</top>
						<width>588</width>
						<height>330</height>
						<texture background="true" diffuse="mask-rect.png" fallback="DefaultTVShows.png">$INFO[ListItem.Art(thumb)]</texture>
						<aspectratio aligny="top">keep</aspectratio>
						<visible>!Skin.HasSetting(background-fanarts)</visible>
					</control>
				</control>
				<control type="image"><!-- Classification Rating (quick way) -->
					<left>45</left>
					<top>170</top>
					<width>64</width>
					<height>64</height>
					<aligny>bottom</aligny>
					<texture fallback="resource://resource.images.classificationicons.colour/Check Classification.png">$VAR[MPAARatingIcons]</texture>
					<aspectratio>keep</aspectratio>
					<visible>$EXP[isnotEmptyDBID] + [$EXP[isMovie] | $EXP[isTvshow] | $EXP[isSeason] | $EXP[isEpisode] | $EXP[isMusicvideo]]</visible>
				</control>
				<control type="grouplist">
					<left>45</left>
					<top>516</top>
					<width>900</width>
					<height>900</height>
					<itemgap>3</itemgap>
					<visible>$EXP[isnotEmptyIcon] + $EXP[isnotParentFolder]</visible>
					<control type="group">
						<width>900</width>
						<height>75</height>
						<control type="image" id="7316">
							<left>352</left>
							<top>0</top>
							<width>194</width>
							<height>75</height>
							<texture>$VAR[VideoLogo]</texture>
							<aspectratio align="center" aligny="bottom">keep</aspectratio>
						</control>
						<control type="label"><!-- Title -->
							<left>0</left>
							<top>0</top>
							<width>900</width>
							<height>75</height>
							<label>[B]$INFO[ListItem.Label][/B]</label>
							<align>center</align>
							<wrapmultiline>true</wrapmultiline>
							<visible>String.IsEmpty(Control.GetLabel(7316))</visible>
						</control>
					</control>
					<control type="label">
						<width>900</width>
						<height>39</height>
						<label>$INFO[ListItem.Premiered,[B]$LOCALIZE[20416]:[/B] ]</label>
						<font>apptv22</font>
						<align>center</align>
					</control>
					<control type="label">
						<width>900</width>
						<height>39</height>
						<label>$INFO[ListItem.Genre,[B]$LOCALIZE[515]:[/B] ]</label>
						<font>apptv22</font>
						<align>center</align>
					</control>
					<control type="label">
						<width>900</width>
						<height>39</height>
						<label>$INFO[ListItem.Rating,[B]$LOCALIZE[563]:[/B] ]</label>
						<font>apptv22</font>
						<align>center</align>
					</control>
					<control type="image">
						<width>900</width>
						<height>6</height>
						<texture>separator.png</texture>
					</control>
					<control type="textbox">
						<width>900</width>
						<height>248</height>
						<label>$VAR[VideoPlot]</label>
						<font>apptv20</font>
						<align>justify</align>
						<visible>!Container.Scrolling</visible>
					</control>
				</control>
				<include>sortletternotification</include>
				<include content="letterbar-vertical">
					<param name="searchleft" value="1833"/>
					<param name="searchtop" value="132"/>
					<param name="letterbarleft" value="1836"/>
					<param name="letterbartop" value="165"/>
					<param name="searchid" value="1243"/>
					<param name="letterbarid" value="1263"/>
					<param name="scrollbarid" value="1253"/>
					<param name="listitemid" value="53"/>
					<param name="illegalexitsearch" value="4532"/>
					<param name="illegalexitbar" value="4534"/>
					<param name="letterbarvisible" value="Control.IsVisible(53)+Skin.HasSetting(show-letterbar)+$EXP[isContentTvshows]"/>
				</include>
				<control type="scrollbar" id="1253">
					<left>1854</left>
					<top>202</top>
					<width>18</width>
					<height>774</height>
					<onright>4533</onright>
					<onleft condition="Skin.HasSetting(show-letterbar)">1263</onleft>
					<onleft condition="!Skin.HasSetting(show-letterbar) | $EXP[isContentTvshows]">53</onleft>
					<animation condition="!Control.HasFocus(1253) + !Container.Scrolling + $EXP[isnotAlwaysScrollbar]" effect="fade" start="100" end="0" time="200" reversible="true">Conditional</animation>
					<animation condition="Skin.HasSetting(show-letterbar)" effect="slide" end="15,0" reversible="true">Conditional</animation>
					<visible>Control.IsVisible(53) + $EXP[isEnabledScrollbar]</visible>
				</control>
			</control>
			<!-- Play bump sound if user tries leaving item list by undefined direction -->
			<include content="illegal-action">
				<param name="controlid" value="4531" />
				<param name="returnid" value="53" />
			</include>
			<!-- Play bump sound if user tries leaving search button by undefined direction -->
			<include content="illegal-action">
				<param name="controlid" value="4532" />
				<param name="returnid" value="1243" />
			</include>
			<!-- Play bump sound if user tries leaving scrollbar by undefined direction -->
			<include content="illegal-action">
				<param name="controlid" value="4533" />
				<param name="returnid" value="1253" />
			</include>
			<!-- Play bump sound if user tries leaving letterbar by undefined direction -->
			<include content="illegal-action">
				<param name="controlid" value="4534" />
				<param name="returnid" value="1263" />
			</include>
		</control>
	</include>
	<include name="VideoWrapView">
		<control type="wraplist" id="54">
			<visible>![$EXP[isContentEpisodes]]</visible>
			<viewtype label="31942">wrap</viewtype>
			<left>236</left>
			<top>240</top>
			<width>1656</width>
			<height>700</height>
			<onleft>54</onleft>
			<onright>54</onright>
			<onup condition="Skin.HasSetting(lock-screensettings)">4541</onup>
			<onup condition="!Skin.HasSetting(lock-screensettings)">9000</onup>
			<ondown>$VAR[ListScrollNavVideo]</ondown>
			<focusposition>0</focusposition>
			<orientation>horizontal</orientation>
			<preloaditems>4</preloaditems>
			<scrolltime>0</scrolltime>
			<hitrect x="24" y="140" w="1860" h="800" />
			<pagecontrol>1254</pagecontrol>
			<itemlayout height="438" width="138" condition="$EXP[isContentMovies] | $EXP[isContentTvshows] | $EXP[isContentSeasons] | $EXP[isContentSets]">
				<control type="image">
					<left>0</left>
					<top>504</top>
					<height>192</height>
					<width>120</width>
					<texture>case-dvd.png</texture>
					<colordiffuse>UnFocusedCovers</colordiffuse>
					<aspectratio>stretch</aspectratio>
					<visible>$EXP[isnotDefaultIcon] + Skin.HasSetting(dvd-case)</visible>
				</control>
				<control type="image">
					<left>2</left>
					<top>510</top>
					<height>180</height>
					<width>116</width>
					<texture diffuse="mask-rect.png" background="true">$VAR[IconPoster]</texture>
					<colordiffuse>UnFocusedCovers</colordiffuse>
					<aspectratio scalediffuse="false">stretch</aspectratio>
				</control>
				<control type="image">
					<left>-10</left>
					<top>476</top>
					<height>40</height>
					<width>40</width>
					<texture>$VAR[Overlay]</texture>
					<colordiffuse>UnFocusedCovers</colordiffuse>
				</control>
				<control type="image">
					<left>100</left>
					<top>488</top>
					<width>16</width>
					<height>16</height>
					<texture>overlayvideoextras.png</texture>
					<visible>!String.IsEmpty(Listitem.Art(sflogo))</visible>
				</control>
				<include content="listitem-count">
					<param name="left" value="50" />
					<param name="top" value="660" />
					<param name="count" value="ListItem.Property(UnwatchedEpisodes)" />
					<param name="size" value="60" />
				</include>
			</itemlayout>
			<itemlayout height="438" width="138" condition="![$EXP[isContentMovies] | $EXP[isContentTvshows] | $EXP[isContentSeasons] | $EXP[isContentSets]]">
				<control type="image">
					<left>6</left>
					<top>588</top>
					<height>114</height>
					<width>114</width>
					<texture diffuse="mask-squ.png" background="true">$VAR[IconPoster]</texture>
					<colordiffuse>UnFocusedCovers</colordiffuse>
					<aspectratio scalediffuse="true">keep</aspectratio>
					<visible>![$EXP[isContentMusicvideos]]</visible>
				</control>
				<control type="image">
					<left>6</left>
					<top>588</top>
					<height>114</height>
					<width>114</width>
					<texture diffuse="mask-squ.png" background="true">$VAR[IconPoster]</texture>
					<colordiffuse>UnFocusedCovers</colordiffuse>
					<aspectratio aligny="bottom" scalediffuse="true">keep</aspectratio>
					<visible>$EXP[isContentMusicvideos]</visible>
				</control>
				<control type="image">
					<left>6</left>
					<top>545</top>
					<height>40</height>
					<width>40</width>
					<texture>$VAR[Overlay]</texture>
					<colordiffuse>UnFocusedCovers</colordiffuse>
					<visible>$EXP[isContentMusicvideos]</visible>
				</control>
			</itemlayout>
			<focusedlayout height="608" width="138">
			<!-- Show focused content outside of wrap list to stop jumping and flickering of content. Issue caused by difference in unfocused and focused icon sizes. -->
			</focusedlayout>
		</control>
		<control type="group">
			<visible>Control.IsVisible(54)</visible>
			<control type="group">
				<visible>$EXP[isContentMovies] | $EXP[isContentTvshows] | $EXP[isContentSeasons] | $EXP[isContentSets]</visible>
				<top>240</top>
				<control type="group">
					<visible>$EXP[isnotDefaultIcon]</visible>
					<control type="image">
						<left>10</left>
						<top>195</top>
						<height>525</height>
						<width>384</width>
						<texture>mask-hilite.png</texture>
						<aspectratio>stretch</aspectratio>
						<visible>Control.HasFocus(54)</visible>
					</control>
					<control type="image">
						<left>48</left>
						<top>216</top>
						<height>482</height>
						<width>315</width>
						<texture>case-dvd.png</texture>
						<aspectratio>stretch</aspectratio>
						<visible>Skin.HasSetting(dvd-case)</visible>
					</control>
				</control>
				<control type="image">
					<left>50</left>
					<top>222</top>
					<height>468</height>
					<width>304</width>
					<aspectratio scalediffuse="false">stretch</aspectratio>
					<texture diffuse="mask-rect.png" background="true">$VAR[IconPoster]</texture>
					<colordiffuse>$VAR[ListScrollDiffuse]</colordiffuse>
				</control>
				<control type="image">
					<left>32</left>
					<top>168</top>
					<height>60</height>
					<width>60</width>
					<texture>$VAR[Overlay]</texture>
				</control>
				<control type="image">
					<left>334</left>
					<top>188</top>
					<width>24</width>
					<height>24</height>
					<texture>overlayvideoextras.png</texture>
					<visible>!String.IsEmpty(Listitem.Art(sflogo))</visible>
				</control>
				<include content="listitem-count">
					<param name="left" value="192" />
					<param name="top" value="640" />
					<param name="count" value="ListItem.Property(UnwatchedEpisodes)" />
					<param name="size" value="90" />
				</include>
				<control type="image">
					<left>178</left>
					<top>170</top>
					<width>48</width>
					<height>48</height>
					<texture>$VAR[ListItemFlags]</texture>
				</control>
			</control>
			<control type="group">
				<visible>![$EXP[isContentMovies] | $EXP[isContentTvshows] | $EXP[isContentSeasons] | $EXP[isContentSets]]</visible>
				<top>240</top>
				<control type="image">
					<left>48</left>
					<top>398</top>
					<height>304</height>
					<width>304</width>
					<aspectratio aligny="bottom" scalediffuse="true">keep</aspectratio>
					<texture diffuse="mask-squ.png" background="true">$VAR[IconPoster]</texture>
					<visible>Control.HasFocus(54)</visible>
				</control>
				<control type="image">
					<left>48</left>
					<top>398</top>
					<height>304</height>
					<width>304</width>
					<aspectratio aligny="bottom" scalediffuse="true">keep</aspectratio>
					<texture diffuse="mask-squ.png" background="true">$VAR[IconPoster]</texture>
					<colordiffuse>UnFocusedCovers</colordiffuse>
					<visible>!Control.HasFocus(54)</visible>
				</control>
				<control type="image">
					<left>30</left>
					<top>346</top>
					<height>60</height>
					<width>60</width>
					<texture>$VAR[Overlay]</texture>
					<visible>$EXP[isContentMusicvideos]</visible>
				</control>
			</control>
			<control type="image" id="7216">
				<left>408</left>
				<top>572</top>
				<width>388</width>
				<height>150</height>
				<texture>$VAR[VideoLogo]</texture>
				<aspectratio align="left" aligny="bottom">keep</aspectratio>
				<animation effect="fade" delay="100" start="0" end="100" time="200">Visible</animation>
				<visible>$EXP[isnotParentFolder]</visible>
			</control>
			<control type="label"><!-- Title -->
				<left>408</left>
				<top>572</top>
				<width>388</width>
				<height>144</height>
				<font>apptv30</font>
				<label>$INFO[ListItem.Label]</label>
				<wrapmultiline>true</wrapmultiline>
				<animation effect="fade" delay="100" start="0" end="100" time="200">Visible</animation>
				<visible>$EXP[isnotParentFolder] + String.IsEmpty(Control.GetLabel(7216))</visible>
			</control>
			<control type="label"><!-- Go Back -->
				<left>408</left>
				<top>572</top>
				<width>388</width>
				<height>144</height>
				<font>apptv30</font>
				<label>$LOCALIZE[31688]</label>
				<visible>$EXP[isParentFolder]</visible>
			</control>
			<control type="group">
				<visible>$EXP[isnotEmptyDBID]</visible>
				<control type="label">
					<left>39</left>
					<top>375</top>
					<width>306</width>
					<height>38</height>
					<align>center</align>
					<label>$VAR[ListitemDuration]</label>
					<visible>![$EXP[isTvshow]] + ![$EXP[isSeason]] + !Container.Scrolling</visible>
				</control>
				<control type="image"><!-- Classification Rating (quick way) -->
					<left>408</left>
					<top>460</top>
					<width>64</width>
					<height>64</height>
					<aligny>bottom</aligny>
					<texture fallback="resource://resource.images.classificationicons.colour/Check Classification.png">$VAR[MPAARatingIcons]</texture>
					<aspectratio>keep</aspectratio>
					<visible>$EXP[isnotEmptyDBID] + [$EXP[isMovie] | $EXP[isTvshow] | $EXP[isSeason] | $EXP[isEpisode] | $EXP[isMusicvideo]]</visible>
				</control>
				<control type="image">
					<left>408</left>
					<top>534</top>
					<width>165</width>
					<height>33</height>
					<texture>$VAR[MediaRating]</texture>
					<aspectratio>keep</aspectratio>
				</control>
				<control type="textbox">
					<left>820</left>
					<top>452</top>
					<width>1050</width>
					<height>278</height>
					<font>apptv18</font>
					<label>$VAR[VideoPlot]</label>
					<align>justify</align>
					<aligny>top</aligny>
					<visible>!Container.Scrolling</visible>
				</control>
			</control>
			<include>sortletternotification</include>
			<include content="letterbar-horizontal">
				<param name="searchleft" value="54"/>
				<param name="searchtop" value="954"/>
				<param name="letterbarleft" value="102"/>
				<param name="letterbartop" value="951"/>
				<param name="searchid" value="1244"/>
				<param name="letterbarid" value="1264"/>
				<param name="scrollbarid" value="1254"/>
				<param name="listitemid" value="54"/>
				<param name="illegalexitsearch" value="4542"/>
				<param name="illegalexitbar" value="4544"/>
				<param name="letterbarvisible" value="Skin.HasSetting(show-letterbar)+[$EXP[isContentMovies]|$EXP[isContentTvshows]|$EXP[isContentMusicvideos]]"/>
			</include>
			<control type="scrollbar" id="1254">
				<left>50</left>
				<top>984</top>
				<width>1820</width>
				<height>18</height>
				<orientation>horizontal</orientation>
				<ondown>4543</ondown>
				<onup condition="Skin.HasSetting(show-letterbar) + [$EXP[isContentMovies] | $EXP[isContentTvshows] | $EXP[isContentMusicvideos]]">1264</onup>
				<onup condition="!Skin.HasSetting(show-letterbar) | ![$EXP[isContentMovies] | $EXP[isContentTvshows] | $EXP[isContentMusicvideos]]">54</onup>
				<animation condition="!Control.HasFocus(1254) + !Container.Scrolling + $EXP[isnotAlwaysScrollbar]" effect="fade" start="100" end="0" time="200" reversible="true">Conditional</animation>
				<animation condition="Skin.HasSetting(show-letterbar) + [$EXP[isContentMovies] | $EXP[isContentTvshows] | $EXP[isContentMusicvideos]]" effect="slide" end="0,15" reversible="true">Conditional</animation>
				<visible>$EXP[isEnabledScrollbar] + Control.IsVisible(54)</visible>
			</control>
			<!-- Play bump sound if user tries leaving item list by undefined direction -->
			<include content="illegal-action">
				<param name="controlid" value="4541" />
				<param name="returnid" value="54" />
			</include>
			<!-- Play bump sound if user tries leaving search button by undefined direction -->
			<include content="illegal-action">
				<param name="controlid" value="4542" />
				<param name="returnid" value="1244" />
			</include>
			<!-- Play bump sound if user tries leaving scrollbar by undefined direction -->
			<include content="illegal-action">
				<param name="controlid" value="4543" />
				<param name="returnid" value="1254" />
			</include>
			<!-- Play bump sound if user tries leaving letterbar by undefined direction -->
			<include content="illegal-action">
				<param name="controlid" value="4544" />
				<param name="returnid" value="1264" />
			</include>
		</control>
	</include>
	<include name="VideoCoverflow">
		<control type="wraplist" id="57">
			<viewtype label="31945">wrap</viewtype>
			<left>-195</left>
			<top>225</top>
			<width>2124</width>
			<height>600</height>
			<onleft>57</onleft>
			<onright>57</onright>
			<onup condition="Skin.HasSetting(lock-screensettings)">4571</onup>
			<onup condition="!Skin.HasSetting(lock-screensettings)">9000</onup>
			<ondown>$VAR[ListScrollNavVideo]</ondown>
			<focusposition>2</focusposition>
			<orientation>horizontal</orientation>
			<preloaditems>4</preloaditems>
			<pagecontrol>1257</pagecontrol>
			<itemlayout height="540" width="195"/>
			<focusedlayout height="600" width="564"/>
		</control>
		<control type="group">
			<visible>Control.IsVisible(57)</visible>
			<control type="group" id="3011">
				<left>15</left>
				<top>225</top>
				<camera x="960" y="540" />
				<visible>Container(57).OnNext</visible>
				<animation effect="slide" end="-75,0" time="200" reversible="false">Hidden</animation>
				<control type="image">
					<left>81</left>
					<top>189</top>
					<width>321</width>
					<height>450</height>
					<texture background="true" diffuse="mask-rect.png">$VAR[Icon(-5)Poster]</texture>
					<colordiffuse>SecondaryCovers</colordiffuse>
					<aspectratio scalediffuse="false">stretch</aspectratio>
					<animation effect="rotatey" center="-60" end="-60" condition="true">Conditional</animation>
					<visible>[Integer.IsGreater(Container(57).NumItems,10) + $EXP[isnotEnabledParentDirectory]] | [Integer.IsGreater(Container(57).NumItems,9) + $EXP[isEnabledParentDirectory]]</visible>
				</control>
				<control type="image">
					<left>273</left>
					<top>189</top>
					<width>321</width>
					<height>450</height>
					<texture background="true" diffuse="mask-rect.png">$VAR[Icon(-4)Poster]</texture>
					<colordiffuse>SecondaryCovers</colordiffuse>
					<aspectratio scalediffuse="false">stretch</aspectratio>
					<animation effect="rotatey" center="15" end="-60" condition="true">Conditional</animation>
					<visible>[Integer.IsGreater(Container(57).NumItems,8) + $EXP[isnotEnabledParentDirectory]] | [Integer.IsGreater(Container(57).NumItems,7) + $EXP[isEnabledParentDirectory]]</visible>
				</control>
				<control type="image">
					<left>465</left>
					<top>189</top>
					<width>321</width>
					<height>450</height>
					<texture background="true" diffuse="mask-rect.png">$VAR[Icon(-3)Poster]</texture>
					<colordiffuse>SecondaryCovers</colordiffuse>
					<aspectratio scalediffuse="false">stretch</aspectratio>
					<animation effect="rotatey" center="90" end="-60" condition="true">Conditional</animation>
					<visible>[Integer.IsGreater(Container(57).NumItems,6) + $EXP[isnotEnabledParentDirectory]] | [Integer.IsGreater(Container(57).NumItems,5) + $EXP[isEnabledParentDirectory]]</visible>
				</control>
				<control type="image">
					<left>666</left>
					<top>189</top>
					<width>321</width>
					<height>450</height>
					<texture background="true" diffuse="mask-rect.png">$VAR[Icon(-2)Poster]</texture>
					<colordiffuse>SecondaryCovers</colordiffuse>
					<aspectratio scalediffuse="false">stretch</aspectratio>
					<animation effect="rotatey" center="165" end="-60" condition="true">Conditional</animation>
					<visible>[Integer.IsGreater(Container(57).NumItems,4) + $EXP[isnotEnabledParentDirectory]] | [Integer.IsGreater(Container(57).NumItems,3) + $EXP[isEnabledParentDirectory]]</visible>
				</control>
				<control type="image">
					<left>1491</left>
					<top>189</top>
					<width>321</width>
					<height>450</height>
					<texture background="true" diffuse="mask-rect.png">$VAR[Icon(3)Poster]</texture>
					<colordiffuse>SecondaryCovers</colordiffuse>
					<aspectratio scalediffuse="false">stretch</aspectratio>
					<animation effect="rotatey" center="1980" end="60" condition="true">Conditional</animation>
					<visible>[Integer.IsGreater(Container(57).NumItems,5) + $EXP[isnotEnabledParentDirectory]] | [Integer.IsGreater(Container(57).NumItems,4) + $EXP[isEnabledParentDirectory]]</visible>
				</control>
				<control type="image">
					<left>1293</left>
					<top>189</top>
					<width>321</width>
					<height>450</height>
					<texture background="true" diffuse="mask-rect.png">$VAR[Icon(2)Poster]</texture>
					<colordiffuse>SecondaryCovers</colordiffuse>
					<aspectratio scalediffuse="false">stretch</aspectratio>
					<animation effect="rotatey" center="1905" end="60" condition="true">Conditional</animation>
					<visible>[Integer.IsGreater(Container(57).NumItems,3) + $EXP[isnotEnabledParentDirectory]] | [Integer.IsGreater(Container(57).NumItems,2) + $EXP[isEnabledParentDirectory]]</visible>
				</control>
				<control type="image">
					<left>1095</left>
					<top>189</top>
					<width>321</width>
					<height>450</height>
					<texture background="true" diffuse="mask-rect.png">$VAR[Icon(1)Poster]</texture>
					<colordiffuse>SecondaryCovers</colordiffuse>
					<aspectratio scalediffuse="false">stretch</aspectratio>
					<animation effect="rotatey" center="1830" end="60" condition="true">Conditional</animation>
					<visible>[Integer.IsGreater(Container(57).NumItems,1) + $EXP[isnotEnabledParentDirectory]] | [Integer.IsGreater(Container(57).NumItems,0) + $EXP[isEnabledParentDirectory]]</visible>
				</control>
				<control type="group">
					<visible>Container(57).OnNext</visible>
					<animation effect="slide" end="-90,0" time="200" reversible="false">Hidden</animation>
					<control type="image">
						<left>786</left>
						<top>150</top>
						<width>321</width>
						<height>450</height>
						<texture background="true" diffuse="mask-rect.png">$VAR[Icon(-1)Poster]</texture>
						<aspectratio scalediffuse="false">stretch</aspectratio>
						<visible>[Integer.IsGreater(Container(57).NumItems,2) + $EXP[isnotEnabledParentDirectory]] | [Integer.IsGreater(Container(57).NumItems,1) + $EXP[isEnabledParentDirectory]]</visible>
						<colordiffuse>$VAR[ListScrollDiffuse]</colordiffuse>
						<animation effect="rotatey" center="330" start="0" end="-60" time="200" reversible="false">Hidden</animation>
					</control>
					<control type="image">
						<left>897</left>
						<top>189</top>
						<width>321</width>
						<height>450</height>
						<texture background="true" diffuse="mask-rect.png">$VAR[Icon(0)Poster]</texture>
						<colordiffuse>SecondaryCovers</colordiffuse>
						<aspectratio scalediffuse="false">stretch</aspectratio>
						<animation effect="rotatey" center="1755" start="0" end="-60" time="200" reversible="false">Hidden</animation>
						<animation effect="rotatey" center="1755" start="60" end="60" time="200" condition="true">Conditional</animation>
					</control>
				</control>
			</control>
			<control type="group" id="3012">
				<left>15</left>
				<top>225</top>
				<camera x="960" y="540" />
				<visible>Container(57).OnPrevious</visible>
				<animation effect="slide" end="75,0" time="200" reversible="false">Hidden</animation>
				<control type="image">
					<left>81</left>
					<top>189</top>
					<width>321</width>
					<height>450</height>
					<texture background="true" diffuse="mask-rect.png">$VAR[Icon(-3)Poster]</texture>
					<colordiffuse>SecondaryCovers</colordiffuse>
					<aspectratio scalediffuse="false">stretch</aspectratio>
					<animation effect="rotatey" center="-60" end="-60" condition="true">Conditional</animation>
					<visible>[Integer.IsGreater(Container(57).NumItems,6) + $EXP[isnotEnabledParentDirectory]] | [Integer.IsGreater(Container(57).NumItems,5) + $EXP[isEnabledParentDirectory]]</visible>
				</control>
				<control type="image">
					<left>273</left>
					<top>189</top>
					<width>321</width>
					<height>450</height>
					<texture background="true" diffuse="mask-rect.png">$VAR[Icon(-2)Poster]</texture>
					<colordiffuse>SecondaryCovers</colordiffuse>
					<aspectratio scalediffuse="false">stretch</aspectratio>
					<animation effect="rotatey" center="15" end="-60" condition="true">Conditional</animation>
					<visible>[Integer.IsGreater(Container(57).NumItems,4) + $EXP[isnotEnabledParentDirectory]] | [Integer.IsGreater(Container(57).NumItems,3) + $EXP[isEnabledParentDirectory]]</visible>
				</control>
				<control type="image">
					<left>465</left>
					<top>189</top>
					<width>321</width>
					<height>450</height>
					<texture background="true" diffuse="mask-rect.png">$VAR[Icon(-1)Poster]</texture>
					<colordiffuse>SecondaryCovers</colordiffuse>
					<aspectratio scalediffuse="false">stretch</aspectratio>
					<animation effect="rotatey" center="90" end="-60" condition="true">Conditional</animation>
					<visible>[Integer.IsGreater(Container(57).NumItems,2) + $EXP[isnotEnabledParentDirectory]] | [Integer.IsGreater(Container(57).NumItems,1) + $EXP[isEnabledParentDirectory]]</visible>
				</control>
				<control type="image">
					<left>1491</left>
					<top>189</top>
					<width>321</width>
					<height>450</height>
					<texture background="true" diffuse="mask-rect.png">$VAR[Icon(5)Poster]</texture>
					<colordiffuse>SecondaryCovers</colordiffuse>
					<aspectratio scalediffuse="false">stretch</aspectratio>
					<animation effect="rotatey" center="1980" end="60" condition="true">Conditional</animation>
					<visible>[Integer.IsGreater(Container(57).NumItems,9) + $EXP[isnotEnabledParentDirectory]] | [Integer.IsGreater(Container(57).NumItems,8) + $EXP[isEnabledParentDirectory]]</visible>
				</control>
				<control type="image">
					<left>1293</left>
					<top>189</top>
					<width>321</width>
					<height>450</height>
					<texture background="true" diffuse="mask-rect.png">$VAR[Icon(4)Poster]</texture>
					<colordiffuse>SecondaryCovers</colordiffuse>
					<aspectratio scalediffuse="false">stretch</aspectratio>
					<animation effect="rotatey" center="1905" end="60" condition="true">Conditional</animation>
					<visible>[Integer.IsGreater(Container(57).NumItems,7) + $EXP[isnotEnabledParentDirectory]] | [Integer.IsGreater(Container(57).NumItems,6) + $EXP[isEnabledParentDirectory]]</visible>
				</control>
				<control type="image">
					<left>1095</left>
					<top>189</top>
					<width>321</width>
					<height>450</height>
					<texture background="true" diffuse="mask-rect.png">$VAR[Icon(3)Poster]</texture>
					<colordiffuse>SecondaryCovers</colordiffuse>
					<aspectratio scalediffuse="false">stretch</aspectratio>
					<animation effect="rotatey" center="1830" end="60" condition="true">Conditional</animation>
					<visible>[Integer.IsGreater(Container(57).NumItems,5) + $EXP[isnotEnabledParentDirectory]] | [Integer.IsGreater(Container(57).NumItems,4) + $EXP[isEnabledParentDirectory]]</visible>
				</control>
				<control type="image">
					<left>897</left>
					<top>189</top>
					<width>321</width>
					<height>450</height>
					<aspectratio scalediffuse="false">stretch</aspectratio>
					<texture background="true" diffuse="mask-rect.png">$VAR[Icon(2)Poster]</texture>
					<colordiffuse>SecondaryCovers</colordiffuse>
					<animation effect="rotatey" center="1755" end="60" condition="true">Conditional</animation>
					<visible>[Integer.IsGreater(Container(57).NumItems,3) + $EXP[isnotEnabledParentDirectory]] | [Integer.IsGreater(Container(57).NumItems,2) + $EXP[isEnabledParentDirectory]]</visible>
				</control>
				<control type="group">
					<visible>Container(57).OnPrevious</visible>
					<animation effect="slide" end="90,0" time="200" reversible="false">Hidden</animation>
					<control type="image">
						<left>786</left>
						<top>150</top>
						<width>321</width>
						<height>450</height>
						<texture background="true" diffuse="mask-rect.png">$VAR[Icon(1)Poster]</texture>
						<aspectratio scalediffuse="false">stretch</aspectratio>
						<colordiffuse>$VAR[ListScrollDiffuse]</colordiffuse>
						<animation effect="rotatey" center="750" start="0" end="60" time="200" reversible="false">Hidden</animation>
						<visible>[Integer.IsGreater(Container(57).NumItems,1) + $EXP[isnotEnabledParentDirectory]] | [Integer.IsGreater(Container(57).NumItems,0) + $EXP[isEnabledParentDirectory]]</visible>
					</control>
					<control type="image">
						<left>666</left>
						<top>189</top>
						<width>321</width>
						<height>450</height>
						<texture background="true" diffuse="mask-rect.png">$VAR[Icon(0)Poster]</texture>
						<colordiffuse>SecondaryCovers</colordiffuse>
						<aspectratio scalediffuse="false">stretch</aspectratio>
						<animation effect="rotatey" center="165" start="0" end="60" time="200" reversible="false">Hidden</animation>
						<animation effect="rotatey" center="165" end="-60" condition="true">Conditional</animation>
					</control>
				</control>
			</control>
			<control type="group" id="3010">
				<left>15</left>
				<top>225</top>
				<camera x="960" y="540" />
				<visible>!Control.IsVisible(3011) + !Control.IsVisible(3012)</visible>
				<control type="image">
					<left>81</left>
					<top>189</top>
					<width>321</width>
					<height>450</height>
					<texture background="true" diffuse="mask-rect.png">$VAR[Icon(-4)Poster]</texture>
					<colordiffuse>SecondaryCovers</colordiffuse>
					<aspectratio scalediffuse="false">stretch</aspectratio>
					<animation effect="rotatey" center="-60" end="-60" condition="true">Conditional</animation>
					<visible>[Integer.IsGreater(Container(57).NumItems,8) + $EXP[isnotEnabledParentDirectory]] | [Integer.IsGreater(Container(57).NumItems,7) + $EXP[isEnabledParentDirectory]]</visible>
				</control>
				<control type="image">
					<left>273</left>
					<top>189</top>
					<width>321</width>
					<height>450</height>
					<texture background="true" diffuse="mask-rect.png">$VAR[Icon(-3)Poster]</texture>
					<colordiffuse>SecondaryCovers</colordiffuse>
					<aspectratio scalediffuse="false">stretch</aspectratio>
					<animation effect="rotatey" center="15" end="-60" condition="true">Conditional</animation>
					<visible>[Integer.IsGreater(Container(57).NumItems,6) + $EXP[isnotEnabledParentDirectory]] | [Integer.IsGreater(Container(57).NumItems,5) + $EXP[isEnabledParentDirectory]]</visible>
				</control>
				<control type="image">
					<left>465</left>
					<top>189</top>
					<width>321</width>
					<height>450</height>
					<texture background="true" diffuse="mask-rect.png">$VAR[Icon(-2)Poster]</texture>
					<colordiffuse>SecondaryCovers</colordiffuse>
					<aspectratio scalediffuse="false">stretch</aspectratio>
					<animation effect="rotatey" center="90" end="-60" condition="true">Conditional</animation>
					<visible>[Integer.IsGreater(Container(57).NumItems,4) + $EXP[isnotEnabledParentDirectory]] | [Integer.IsGreater(Container(57).NumItems,3) + $EXP[isEnabledParentDirectory]]</visible>
				</control>
				<control type="image">
					<left>666</left>
					<top>189</top>
					<width>321</width>
					<height>450</height>
					<texture background="true" diffuse="mask-rect.png">$VAR[Icon(-1)Poster]</texture>
					<colordiffuse>SecondaryCovers</colordiffuse>
					<aspectratio scalediffuse="false">stretch</aspectratio>
					<animation effect="rotatey" center="165" end="-60" condition="true">Conditional</animation>
					<visible>[Integer.IsGreater(Container(57).NumItems,2) + $EXP[isnotEnabledParentDirectory]] | [Integer.IsGreater(Container(57).NumItems,1) + $EXP[isEnabledParentDirectory]]</visible>
				</control>
				<control type="image">
					<left>1491</left>
					<top>189</top>
					<width>321</width>
					<height>450</height>
					<texture background="true" diffuse="mask-rect.png">$VAR[Icon(4)Poster]</texture>
					<colordiffuse>SecondaryCovers</colordiffuse>
					<aspectratio scalediffuse="false">stretch</aspectratio>
					<animation effect="rotatey" center="1980" end="60" condition="true">Conditional</animation>
					<visible>[Integer.IsGreater(Container(57).NumItems,7) + $EXP[isnotEnabledParentDirectory]] | [Integer.IsGreater(Container(57).NumItems,6) + $EXP[isEnabledParentDirectory]]</visible>
				</control>
				<control type="image">
					<left>1293</left>
					<top>189</top>
					<width>321</width>
					<height>450</height>
					<texture background="true" diffuse="mask-rect.png">$VAR[Icon(3)Poster]</texture>
					<colordiffuse>SecondaryCovers</colordiffuse>
					<aspectratio scalediffuse="false">stretch</aspectratio>
					<animation effect="rotatey" center="1905" end="60" condition="true">Conditional</animation>
					<visible>[Integer.IsGreater(Container(57).NumItems,5) + $EXP[isnotEnabledParentDirectory]] | [Integer.IsGreater(Container(57).NumItems,4) + $EXP[isEnabledParentDirectory]]</visible>
				</control>
				<control type="image">
					<left>1095</left>
					<top>189</top>
					<width>321</width>
					<height>450</height>
					<texture background="true" diffuse="mask-rect.png">$VAR[Icon(2)Poster]</texture>
					<colordiffuse>SecondaryCovers</colordiffuse>
					<aspectratio scalediffuse="false">stretch</aspectratio>
					<animation effect="rotatey" center="1830" end="60" condition="true">Conditional</animation>
					<visible>[Integer.IsGreater(Container(57).NumItems,3) + $EXP[isnotEnabledParentDirectory]] | [Integer.IsGreater(Container(57).NumItems,2) + $EXP[isEnabledParentDirectory]]</visible>
				</control>
				<control type="image">
					<left>897</left>
					<top>189</top>
					<width>321</width>
					<height>450</height>
					<texture background="true" diffuse="mask-rect.png">$VAR[Icon(1)Poster]</texture>
					<colordiffuse>SecondaryCovers</colordiffuse>
					<aspectratio scalediffuse="false">stretch</aspectratio>
					<animation effect="rotatey" center="1755" end="60" condition="true">Conditional</animation>
					<visible>[Integer.IsGreater(Container(57).NumItems,1) + $EXP[isnotEnabledParentDirectory]] | [Integer.IsGreater(Container(57).NumItems,0) + $EXP[isEnabledParentDirectory]]</visible>
				</control>
				<control type="image">
					<left>786</left>
					<top>150</top>
					<width>321</width>
					<height>450</height>
					<texture background="true" diffuse="mask-rect.png">$VAR[Icon(0)Poster]</texture>
					<colordiffuse>$VAR[ListScrollDiffuse]</colordiffuse>
					<aspectratio scalediffuse="false">stretch</aspectratio>
				</control>
			</control>
		</control>
		<control type="group">
			<visible>Control.IsVisible(57)</visible>
			<control type="image" id="7018">
				<left>836</left>
				<top>918</top>
				<width>248</width>
				<height>96</height>
				<texture>$VAR[VideoLogo]</texture>
				<align>center</align>
				<aligny>bottom</aligny>
				<aspectratio>keep</aspectratio>
				<animation effect="fade" delay="100" start="0" end="100" time="200">Visible</animation>
				<visible>$EXP[isnotParentFolder]</visible>
			</control>
			<control type="label"><!-- Title -->
				<left>330</left>
				<top>945</top>
				<width>1260</width>
				<height>45</height>
				<font>apptv30</font>
				<align>center</align>
				<label>$INFO[ListItem.Label]</label>
				<visible>$EXP[isnotParentFolder] + String.IsEmpty(Control.GetLabel(7018))</visible>
			</control>
			<control type="label"><!-- Go Back -->
				<left>330</left>
				<top>945</top>
				<width>1260</width>
				<height>45</height>
				<font>apptv30</font>
				<align>center</align>
				<label>$LOCALIZE[31688]</label>
				<visible>$EXP[isParentFolder]</visible>
			</control>
			<control type="group">
				<visible>$EXP[isnotEmptyDBID]</visible>
				<control type="image"><!-- Classification Rating (quick way) -->
					<left>46</left>
					<top>950</top>
					<width>64</width>
					<height>64</height>
					<aligny>bottom</aligny>
					<texture fallback="resource://resource.images.classificationicons.colour/Check Classification.png">$VAR[MPAARatingIcons]</texture>
					<aspectratio>keep</aspectratio>
					<visible>$EXP[isnotEmptyDBID] + [$EXP[isMovie] | $EXP[isTvshow] | $EXP[isSeason] | $EXP[isEpisode] | $EXP[isMusicvideo]]</visible>
				</control>
				<control type="image">
					<left>878</left>
					<top>1022</top>
					<width>165</width>
					<height>33</height>
					<texture>$VAR[MediaRating]</texture>
					<aspectratio>keep</aspectratio>
				</control>
				<control type="label">
					<left>1480</left>
					<top>951</top>
					<width>390</width>
					<height>46</height>
					<align>right</align>
					<font>apptv23</font>
					<label>$VAR[ListitemDuration]</label>
					<visible>![$EXP[isTvshow]] + ![$EXP[isSeason]] + !Container.Scrolling</visible>
				</control>
				<control type="image"><!-- Video special features available -->
					<left>1730</left>
					<top>1018</top>
					<width>24</width>
					<height>24</height>
					<texture>overlayvideoextras.png</texture>
					<visible>!String.IsEmpty(Listitem.Art(sflogo))</visible>
				</control>
				<control type="image">
					<left>1764</left>
					<top>1000</top>
					<height>60</height>
					<width>60</width>
					<texture>$VAR[Overlay]</texture>
				</control>
				<control type="image"><!-- Resolution/3D flag -->
					<left>1824</left>
					<top>1006</top>
					<width>48</width>
					<height>48</height>
					<texture>$VAR[ListItemFlags]</texture>
				</control>
			</control>
			<include>sortletternotification</include>
			<include content="letterbar-horizontal">
				<param name="searchleft" value="54"/>
				<param name="searchtop" value="849"/>
				<param name="letterbarleft" value="102"/>
				<param name="letterbartop" value="846"/>
				<param name="searchid" value="1247"/>
				<param name="letterbarid" value="1267"/>
				<param name="scrollbarid" value="1257"/>
				<param name="listitemid" value="57"/>
				<param name="illegalexitsearch" value="4572"/>
				<param name="illegalexitbar" value="4574"/>
				<param name="letterbarvisible" value="Skin.HasSetting(show-letterbar)+[$EXP[isContentMovies]|$EXP[isContentTvshows]|$EXP[isContentMusicvideos]]"/>
			</include>
			<control type="scrollbar" id="1257">
				<left>45</left>
				<top>873</top>
				<width>1830</width>
				<height>18</height>
				<orientation>horizontal</orientation>
				<ondown>4573</ondown>
				<onup condition="Skin.HasSetting(show-letterbar) + [$EXP[isContentMovies] | $EXP[isContentTvshows] | $EXP[isContentMusicvideos]]">1267</onup>
				<onup condition="!Skin.HasSetting(show-letterbar) | ![$EXP[isContentMovies] | $EXP[isContentTvshows] | $EXP[isContentMusicvideos]]">57</onup>
				<animation condition="!Control.HasFocus(1257) + !Container.Scrolling + $EXP[isnotAlwaysScrollbar]" effect="fade" start="100" end="0" time="200" reversible="true">Conditional</animation>
				<animation condition="Skin.HasSetting(show-letterbar) + [$EXP[isContentMovies] | $EXP[isContentTvshows] | $EXP[isContentMusicvideos]]" effect="slide" end="0,15" reversible="true">Conditional</animation>
				<visible>$EXP[isEnabledScrollbar] + Control.IsVisible(57)</visible>
			</control>
			<!-- Play bump sound if user tries leaving item list by undefined direction -->
			<include content="illegal-action">
				<param name="controlid" value="4571" />
				<param name="returnid" value="57" />
			</include>
			<!-- Play bump sound if user tries leaving search button by undefined direction -->
			<include content="illegal-action">
				<param name="controlid" value="4572" />
				<param name="returnid" value="1247" />
			</include>
			<!-- Play bump sound if user tries leaving scrollbar by undefined direction -->
			<include content="illegal-action">
				<param name="controlid" value="4573" />
				<param name="returnid" value="1257" />
			</include>
			<!-- Play bump sound if user tries leaving letterbar by undefined direction -->
			<include content="illegal-action">
				<param name="controlid" value="4574" />
				<param name="returnid" value="1267" />
			</include>
		</control>
	</include>
	<include name="VideoWallView">
		<control type="panel" id="58">
			<left>802</left>
			<top>180</top>
			<width>990</width>
			<height>840</height>
			<onleft>$VAR[ListScrollNavSets]</onleft>
			<onright>$VAR[ListScrollNavVideo]</onright>
			<onup>58</onup>
			<ondown>58</ondown>
			<viewtype label="31944">bigicon</viewtype>
			<pagecontrol>1258</pagecontrol>
			<preloaditems>4</preloaditems>
			<itemlayout height="280" width="198" condition="$EXP[isContentSets] | $EXP[isContentMovies] | $EXP[isContentTvshows] | $EXP[isContentSeasons]">
				<control type="image">
					<left>1</left>
					<top>1</top>
					<width>196</width>
					<height>279</height>
					<aspectratio>stretch</aspectratio>
					<texture colordiffuse="UnFocusedPosters" diffuse="mask-rect.png" background="true">$VAR[IconPoster]</texture>
				</control>
				<control type="image"><!-- Video special features available -->
					<left>2</left>
					<top>4</top>
					<width>24</width>
					<height>24</height>
					<texture>overlayvideoextras.png</texture>
					<visible>!String.IsEmpty(Listitem.Art(sflogo))</visible>
				</control>
				<control type="image">
					<left>158</left>
					<top>-8</top>
					<width>48</width>
					<height>48</height>
					<texture>$VAR[Overlay]</texture>
				</control>
				<include content="listitem-count">
					<param name="left" value="120" />
					<param name="top" value="238" />
					<param name="count" value="ListItem.Property(UnwatchedEpisodes)" />
					<param name="size" value="70" />
				</include>
			</itemlayout>
			<itemlayout height="208" width="208" condition="![$EXP[isContentSets] | $EXP[isContentMovies] | $EXP[isContentTvshows] | $EXP[isContentSeasons]]">
				<control type="image">
					<left>5</left>
					<top>5</top>
					<width>198</width>
					<height>198</height>
					<aspectratio>keep</aspectratio>
					<texture colordiffuse="UnFocusedPosters" diffuse="mask-squ.png" background="true">$VAR[IconPoster]</texture>
				</control>
			</itemlayout>
			<focusedlayout height="280" width="198" condition="$EXP[isContentSets] | $EXP[isContentMovies] | $EXP[isContentTvshows] | $EXP[isContentSeasons]">
				<control type="group">
					<animation effect="zoom" start="90" end="110" center="auto" time="200" tween="back" easing="out" reversible="false">focus</animation>
					<control type="image">
						<left>1</left>
						<top>1</top>
						<width>196</width>
						<height>279</height>
						<aspectratio scalediffuse="false">stretch</aspectratio>
						<texture diffuse="mask-rect.png" background="true">$VAR[IconPoster]</texture>
						<colordiffuse>$VAR[ListScrollDiffuse]</colordiffuse>
						<visible>$EXP[isDefaultIcon] + Control.HasFocus(58)</visible>
					</control>
					<control type="image">
						<left>1</left>
						<top>1</top>
						<width>196</width>
						<height>279</height>
						<aspectratio scalediffuse="false">stretch</aspectratio>
						<texture diffuse="mask-rect.png" background="true">$VAR[IconPoster]</texture>
						<colordiffuse>$VAR[ListScrollDiffuse]</colordiffuse>
						<visible>$EXP[isnotDefaultIcon] + Control.HasFocus(58)</visible>
					</control>
					<control type="image">
						<left>1</left>
						<top>1</top>
						<width>196</width>
						<height>279</height>
						<aspectratio scalediffuse="false">stretch</aspectratio>
						<texture diffuse="mask-rect.png" background="true">$VAR[IconPoster]</texture>
						<colordiffuse>$VAR[ListScrollDiffuse]</colordiffuse>
						<visible>$EXP[isDefaultIcon] + !Control.HasFocus(58)</visible>
					</control>
					<control type="image">
						<left>1</left>
						<top>1</top>
						<width>196</width>
						<height>279</height>
						<aspectratio scalediffuse="false">stretch</aspectratio>
						<texture diffuse="mask-rect.png" background="true">$VAR[IconPoster]</texture>
						<colordiffuse>$VAR[ListScrollDiffuse]</colordiffuse>
						<visible>$EXP[isnotDefaultIcon] + !Control.HasFocus(58)</visible>
					</control>
					<control type="image"><!-- Video special features available -->
						<left>16</left>
						<top>16</top>
						<width>24</width>
						<height>24</height>
						<texture>overlayvideoextras.png</texture>
						<visible>!String.IsEmpty(Listitem.Art(sflogo))</visible>
					</control>
					<control type="image">
						<left>158</left>
						<top>-8</top>
						<width>48</width>
						<height>48</height>
						<texture>$VAR[Overlay]</texture>
					</control>
					<include content="listitem-count">
						<param name="left" value="112" />
						<param name="top" value="228" />
						<param name="count" value="ListItem.Property(UnwatchedEpisodes)" />
						<param name="size" value="70" />
					</include>
				</control>
			</focusedlayout>
			<focusedlayout height="198" width="198" condition="![$EXP[isContentSets] | $EXP[isContentMovies] | $EXP[isContentTvshows] | $EXP[isContentSeasons]]">
				<control type="group">
					<animation effect="zoom" start="90" end="110" center="auto" time="200" tween="back" easing="out" reversible="false">focus</animation>
					<control type="image">
						<left>0</left>
						<top>0</top>
						<width>198</width>
						<height>198</height>
						<aspectratio>keep</aspectratio>
						<texture diffuse="mask-squ.png" background="true">$VAR[IconPoster]</texture>
						<colordiffuse>$VAR[ListScrollDiffuse]</colordiffuse>
						<visible>Control.HasFocus(58)</visible>
					</control>
					<control type="image">
						<left>0</left>
						<top>0</top>
						<width>198</width>
						<height>198</height>
						<aspectratio>keep</aspectratio>
						<texture diffuse="mask-squ.png" background="true">$VAR[IconPoster]</texture>
						<colordiffuse>$VAR[ListScrollDiffuse]</colordiffuse>
						<visible>![Control.HasFocus(58)]</visible>
					</control>
				</control>
			</focusedlayout>
		</control>
		<control type="group">
			<visible>Control.IsVisible(58)</visible>
			<control type="image" id="7116">
				<left>36</left>
				<top>168</top>
				<width>377</width>
				<height>146</height>
				<texture>$VAR[VideoLogo]</texture>
				<aspectratio align="left" aligny="bottom">keep</aspectratio>
				<animation effect="fade" delay="200" start="0" end="100" time="200">Visible</animation>
				<visible>$EXP[isnotParentFolder]</visible>
			</control>
			<control type="label"><!-- Title -->
				<left>36</left>
				<top>168</top>
				<width>740</width>
				<height>111</height>
				<font>apptv30</font>
				<label>$INFO[ListItem.Label]</label>
				<wrapmultiline>true</wrapmultiline>
				<visible>String.IsEmpty(Control.GetLabel(7116)) + $EXP[isnotParentFolder]</visible>
			</control>
			<control type="label"><!-- Go Back -->
				<left>36</left>
				<top>450</top>
				<width>740</width>
				<height>57</height>
				<font>apptv38</font>
				<align>center</align>
				<label>$LOCALIZE[31688]</label>
				<visible>$EXP[isParentFolder]</visible>
			</control>
			<control type="group">
				<visible>!String.IsEmpty(ListItem.Title) + $EXP[isnotParentFolder]</visible>
				<control type="label">
					<left>36</left>
					<top>318</top>
					<width>750</width>
					<height>56</height>
					<font>apptv18</font>
					<label>$INFO[ListItem.Genre]</label>
				</control>
				<control type="label">
					<left>36</left>
					<top>375</top>
					<width>300</width>
					<height>38</height>
					<font>apptv22</font>
					<label>$VAR[ListitemDuration]</label>
					<visible>![$EXP[isTvshow]] + ![$EXP[isSeason]] + !Container.Scrolling</visible>
				</control>
				<control type="label"><!-- Number of movies in the set -->
					<left>36</left>
					<top>375</top>
					<width>300</width>
					<height>38</height>
					<font>apptv22</font>
					<label>$INFO[Container(5058).NumItems,, $LOCALIZE[342]]</label>
					<visible>ListItem.IsCollection + String.IsEmpty(ListItem.PlotOutline) + String.IsEmpty(ListItem.Plot)</visible>
				</control>
				<control type="image">
					<left>362</left>
					<top>371</top>
					<width>48</width>
					<height>48</height>
					<texture>$VAR[ListItemFlags]</texture>
				</control>
				<control type="image"><!-- Classification Rating (quick way) -->
					<left>36</left>
					<top>420</top>
					<width>64</width>
					<height>64</height>
					<aligny>bottom</aligny>
					<texture fallback="resource://resource.images.classificationicons.colour/Check Classification.png">$VAR[MPAARatingIcons]</texture>
					<aspectratio>keep</aspectratio>
					<visible>$EXP[isnotEmptyDBID] + [$EXP[isMovie] | $EXP[isTvshow] | $EXP[isSeason] | $EXP[isEpisode] | $EXP[isMusicvideo]]</visible>
				</control>
				<control type="image">
					<left>600</left>
					<top>441</top>
					<width>165</width>
					<height>33</height>
					<texture>$VAR[MediaRating]</texture>
					<aspectratio>keep</aspectratio>
				</control>
				<control type="textbox">
					<left>36</left>
					<top>494</top>
					<width>740</width>
					<height>528</height>
					<font>apptv20</font>
					<label>$VAR[VideoPlot]</label>
					<visible>!Container.Scrolling</visible>
				</control>
				<control type="group">
					<visible>ListItem.IsCollection + String.IsEmpty(ListItem.PlotOutline) + String.IsEmpty(ListItem.Plot)</visible>
					<!-- Markers for off screen menu items -->
					<include content="page-offscreen-vertical">
						<param name="indicator1left" value="389"/>
						<param name="indicator1top" value="494"/>
						<param name="indicator2left" value="389"/>
						<param name="indicator2top" value="979"/>
						<param name="indicatorsize" value="24"/>
						<param name="indicatorcontainer" value="5058"/>
					</include>
					<control type="panel" id="5058"><!-- Show list of movies in Set if in Set node -->
						<left>36</left>
						<top>518</top>
						<width>740</width>
						<height>460</height>
						<orientation>vertical</orientation>
						<onleft condition="Skin.HasSetting(lock-screensettings)">noop</onleft>
						<onleft condition="!Skin.HasSetting(lock-screensettings)">9000</onleft>
						<onright>50</onright>
						<onup>noop</onup>
						<ondown>noop</ondown>
						<itemlayout height="46">
							<control type="label">
								<left>10</left>
								<height>46</height>
								<width>720</width>
								<aligny>center</aligny>
								<label>$INFO[ListItem.Year,[COLOR disabled-text],[/COLOR]  -  ]$INFO[ListItem.Label]</label>
								<font>apptv20</font>
							</control>
						</itemlayout>
						<focusedlayout height="46">
							<control type="image">
								<left>0</left>
								<top>0</top>
								<width>740</width>
								<height>46</height>
								<texture border="9">button-default-focus.png</texture>
								<aspectratio>stretch</aspectratio>
							</control>
							<control type="label">
								<left>10</left>
								<height>46</height>
								<width>720</width>
								<aligny>center</aligny>
								<label>$INFO[ListItem.Year,[COLOR listselected-text],[/COLOR]  -  ]$INFO[ListItem.Label]</label>
								<font>apptv20</font>
							</control>
						</focusedlayout>
						<content sortby="year" sortorder="descending">$INFO[ListItem.FolderPath]</content>
					</control>
				</control>
			</control>
			<include>sortletternotification</include>
			<include content="letterbar-vertical">
				<param name="searchleft" value="1848"/>
				<param name="searchtop" value="132"/>
				<param name="letterbarleft" value="1850"/>
				<param name="letterbartop" value="165"/>
				<param name="searchid" value="1248"/>
				<param name="letterbarid" value="1268"/>
				<param name="scrollbarid" value="1258"/>
				<param name="listitemid" value="58"/>
				<param name="illegalexitsearch" value="4582"/>
				<param name="illegalexitbar" value="4584"/>
				<param name="letterbarvisible" value="Control.IsVisible(58)+Skin.HasSetting(show-letterbar)+[$EXP[isContentSets]|$EXP[isContentMovies]|$EXP[isContentTvshows]|$EXP[isContentMusicvideos]]"/>
			</include>
			<control type="scrollbar" id="1258">
				<left>1872</left>
				<top>165</top>
				<width>18</width>
				<height>864</height>
				<onright>4583</onright>
				<onleft condition="Skin.HasSetting(show-letterbar) + [$EXP[isContentSets] | $EXP[isContentMovies] | $EXP[isContentTvshows] | $EXP[isContentMusicvideos]]">1268</onleft>
				<onleft condition="!Skin.HasSetting(show-letterbar) | ![$EXP[isContentSets] | $EXP[isContentMovies] | $EXP[isContentTvshows] | $EXP[isContentMusicvideos]]">58</onleft>
				<animation condition="!Control.HasFocus(1258) + !Container.Scrolling + $EXP[isnotAlwaysScrollbar]" effect="fade" start="100" end="0" time="200" reversible="true">Conditional</animation>
				<animation condition="Skin.HasSetting(show-letterbar) + [$EXP[isContentSets] | $EXP[isContentMovies] | $EXP[isContentTvshows] | $EXP[isContentMusicvideos]]" effect="slide" end="15,0" reversible="true">Conditional</animation>
				<visible>$EXP[isEnabledScrollbar] + Control.IsVisible(58)</visible>
			</control>
			<!-- Play bump sound if user tries leaving item list by undefined direction -->
			<include content="illegal-action">
				<param name="controlid" value="4581" />
				<param name="returnid" value="58" />
			</include>
			<!-- Play bump sound if user tries leaving search button by undefined direction -->
			<include content="illegal-action">
				<param name="controlid" value="4582" />
				<param name="returnid" value="1248" />
			</include>
			<!-- Play bump sound if user tries leaving scrollbar by undefined direction -->
			<include content="illegal-action">
				<param name="controlid" value="4583" />
				<param name="returnid" value="1258" />
			</include>
			<!-- Play bump sound if user tries leaving letterbar by undefined direction -->
			<include content="illegal-action">
				<param name="controlid" value="4584" />
				<param name="returnid" value="1268" />
			</include>
		</control>
	</include>
</includes>