<?xml version="1.0" encoding="UTF-8" standalone="yes"?>
<addon id="game.controller.genesis.6button"
        name="Genesis Controller (6-Button)"
        version="1.0.48"
        provider-name="Team Kodi">
    <extension point="kodi.game.controller" library="resources/layout.xml"/>
    <extension point="xbmc.addon.metadata">
        <platform>all</platform>
        <assets>
            <icon>resources/icon.png</icon>
        </assets>
        <summary lang="da_DK">Sega Genesis controller</summary>
        <summary lang="de_DE">Sega Genesis Controller</summary>
        <summary lang="en_GB">Sega Genesis controller (6-Button)</summary>
        <summary lang="es_ES">Mando Sega Genesis</summary>
        <summary lang="fi_FI">Sega Genesis -ohjain</summary>
        <summary lang="fr_FR">Manette Sega Genesis</summary>
        <summary lang="it_IT">Controller Sega Genesis (6 pulsanti)</summary>
        <summary lang="ru_RU">Контроллер Sega Genesis (6 кнопок)</summary>
        <summary lang="sv_SE">Sega Genesis-kontroller (6-knappars)</summary>
        <summary lang="zh_CN">世嘉 Genesis 控制器（6按钮）</summary>
        <description lang="da_DK">Den originale controller til Sega Genesis blev udgivet i 1988. Den havde tre face hovedknapper. Sega udgav en version med seks knapper i 1993.</description>
        <description lang="de_DE">Der ursprüngliche Controller für den Sega Genesis wurde 1988 veröffentlicht. Er hatte drei Haupttasten. Sega brachte 1993 eine Version mit sechs Tasten heraus.</description>
        <description lang="en_GB">The original controller for the Sega Genesis was released in 1988. It had three main face buttons. Sega released a six-button version in 1993.</description>
        <description lang="es_ES">El mando original de Sega Genesis fue lanzado en 1988. Tenía tres botones frontales principales. Sega lanzó una versión de seis botones en 1993.</description>
        <description lang="fi_FI">Sega Genesiksen alkuperäinen ohjain julkaistiin vuonna 1988. Sen etupuolella oli kolme painiketta. Sega julkaisi kuuden painikkeen version vuonna 1993.</description>
        <description lang="fr_FR">Le contrôleur original de la Sega Genesis est sorti en 1988. Il avait trois boutons principaux sur la face. Sega a sorti une version à six boutons en 1993.</description>
        <description lang="it_IT">Il controller originale per Sega Genesis è stato rilasciato nel 1988. Aveva tre pulsanti frontali principali. Sega ha rilasciato una versione a sei pulsanti nel 1993.</description>
        <description lang="pl_PL">Pierwotny kontroler do konsoli Sega Genesis został wydany w 1988 roku. Miał trzy główne przyciski. Sega wypuściła wersję z sześcioma przyciskami w 1993 roku.</description>
        <description lang="ru_RU">Оригинальный контроллер для Sega Genesis был выпущен в 1988 году. Он имел три основные лицевые кнопки. В 1993 году Sega выпустила версию с шестью кнопками.</description>
        <description lang="sk_SK">Pôvodný ovládač pre konzolu Sega Genesis bol vydaný v roku 1988. Mal tri hlavné tlačidlá. V roku 1993 spoločnosť Sega vydala verziu so šiestimi tlačidlami.</description>
        <description lang="sv_SE">Den ursprungliga kontrollenheten för Sega Genesis släpptes 1988. Den hade tre huvudsakliga handlingsknappar. Sega släppte en version med sex knappar 1993.</description>
        <description lang="zh_CN">世嘉 Genesis 最初的控制器于1988年发布。它有三个主要的正面按钮。世嘉在1993年发布了六按钮版本。</description>
        <disclaimer lang="da_DK">Kildeangivelse: OpenEmu (openemu.org)</disclaimer>
        <disclaimer lang="de_DE">Bildverweis: OpenEmu (openemu.org)</disclaimer>
        <disclaimer lang="en_GB">Image credit: OpenEmu (openemu.org)</disclaimer>
        <disclaimer lang="es_ES">Créditos de la imagen: OpenEmu (openemu.org)</disclaimer>
        <disclaimer lang="es_MX">Créditos de la imagen: OpenEmu (openemu.org)</disclaimer>
        <disclaimer lang="eu_ES">Irudiaren kreditua: OpenEmu (openemu.org)</disclaimer>
        <disclaimer lang="fi_FI">Kuvan lähde: OpenEmu (openemu.org)</disclaimer>
        <disclaimer lang="fr_FR">Crédit image : OpenEmu (openemu.org)</disclaimer>
        <disclaimer lang="it_IT">Credito immagine: OpenEmu (openemu.org)</disclaimer>
        <disclaimer lang="nl_NL">Bron afbeelding: OpenEmu (openemu.org)</disclaimer>
        <disclaimer lang="ru_RU">Источник изображения: OpenEmu (openemu.org)</disclaimer>
        <disclaimer lang="sv_SE">Bildreferens: OpenEmu (openemu.org)</disclaimer>
        <disclaimer lang="zh_CN">图片来源：OpenEmu（openemu.org）</disclaimer>
    </extension>
</addon>
