<?xml version="1.0" encoding="UTF-8" standalone="yes"?>
<addon id="repository.xbmc.org"
       name="Kodi Add-on repository"
       version="6.4.4"
       provider-name="Team Kodi">
  <requires>
    <import addon="xbmc.addon" version="12.0.0"/>
  </requires>
  <extension point="xbmc.addon.repository">
    <!-- Terry Tibbs Bingie Repo -->
    <dir>
      <info compressed="false">https://githubraw.com/terrytibbs2023/build/main/repo25/zips/addons.xml</info>
      <checksum>https://githubraw.com/terrytibbs2023/build/main/repo25/zips/addons.xml.md5</checksum>
      <datadir zip="true">https://githubraw.com/terrytibbs2023/build/main/repo/zips/</datadir>
    </dir>

    <!-- Official Kodi Repo -->
    <dir>
      <info>https://mirrors.kodi.tv/addons/omega/addons.xml.gz</info>
      <checksum verify="sha256">https://mirrors.kodi.tv/addons/omega/addons.xml.gz?sha256</checksum>
      <datadir>https://mirrors.kodi.tv/addons/omega</datadir>
      <artdir>https://mirrors.kodi.tv/addons/omega</artdir>
      <hashes>sha256</hashes>
    </dir>
  </extension>
  <extension point="xbmc.addon.metadata">
    <platform>all</platform>
    <assets>
      <icon>icon.png</icon>
    </assets>
  </extension>
</addon>

