<?xml version="1.0" encoding="UTF-8"?>
<window>
	<onload condition="Control.IsVisible(12)">SetFocus(12)</onload>
    <controls>
	<control type="group">
		<visible>!Window.IsActive(DialogButtonMenu.xml)</visible>
		<visible>!Window.IsActive(DialogKeyboard.xml)</visible>
		<visible>!Window.IsActive(DialogNumeric.xml)</visible>
		<!--Dialog Overlay-->
		<include>DialogOverlayExtra</include>
		
		<control type="group">
			
			<posx>400</posx>
			<posy>375</posy>
			<include>animation_window_open_close</include>
			<control type="image">
				<posx>-460</posx>
				<posy>-40</posy>
				<width>2000</width>
				<height>410</height>
				<texture>diffuse/panel2.png</texture>				
				<colordiffuse>$INFO[Skin.String(GeneralPanelsColor)]</colordiffuse>
			</control>
			
			<control type="image">
				<posx>-460</posx>
				<posy>-40</posy>
				<width>2000</width>
				<height>410</height>
				<texture>diffuse/panel2.png</texture>				
				<colordiffuse>$INFO[Skin.String(GeneralPanelsColor)]</colordiffuse>
			</control>
			
			<control type="multiimage">
				<description>Busy animation</description>
				<posx>0</posx>
				<posy>10</posy>
				<width>180</width>
				<height>180</height>
				<colordiffuse>$INFO[Skin.String(SpinnerTextureColor)]</colordiffuse>
				<imagepath>dialogs/extendedprogress/watched_percentage/</imagepath>
				<aspectratio>keep</aspectratio>
				<timeperimage>250</timeperimage>
			</control>
			
			<control type="label">
				<posx>-9</posx>
				<posy>-8</posy>
				<width>200</width>
				<height>200</height>
				<align>center</align>
				<aligny>center</aligny>
				<font>Reg36</font>
				<textcolor>$INFO[Skin.String(GeneralTextColor)]</textcolor>
				<label>$INFO[System.Progressbar,,%]</label>
			</control>

			<control type="group">
			<posx>250</posx>
			<width>880</width>
		
			<control type="label" id="1">
				<posx>15</posx>
				<description>Heading</description>
				<label/>
				<width>1000</width>
				<font>Bold55</font>
				<textcolor>$INFO[Skin.String(HeaderTextColor)]</textcolor>
			</control>

			<control type="textbox" id="9">
				<description>Line 1</description>
				<posx>15</posx>
				<posy>80</posy>
				<width>1000</width>
				<height>120</height>
				<align>left</align>
				<label/>
				<font>Reg30</font>
			</control>
			
		
			<control type="grouplist">
                <posx>8</posx>
                <posy>220</posy>
				<width>930</width>
                <orientation>horizontal</orientation>
                <itemgap>10</itemgap>
                <control type="button" id="11">
                    <description>Yes button</description>
                    <width>302</width>
                    <height>90</height>
					<label>$LOCALIZE[107]</label>
                    <font>Reg36</font>
                    <textwidth>242</textwidth>
                    <include>DialogButtonOther</include>
                </control>
                <control type="button" id="10">
                    <description>No button</description>
                    <width>302</width>
                    <height>90</height>
                    <font>Reg36</font>
					<textwidth>242</textwidth>
                    <label>$LOCALIZE[106]</label>
                    <include>DialogButtonOther</include>
                </control>
                <control type="button" id="12">
                    <description>Custom button</description>
                    <width>302</width>
                    <height>90</height>
                    <font>Reg36</font>
					<textwidth>242</textwidth>
                    <label>$LOCALIZE[106]</label>
                    <include>DialogButtonOther</include>
                </control>
            </control>
			

		</control>
		</control>	
	</control>
	</controls>

</window>