<?xml version="1.0" encoding="UTF-8"?>
<window>
	<defaultcontrol always="true">50</defaultcontrol>
	<menucontrol>9000</menucontrol>
	<views>50,52,54,57,58</views>
	<onload>ClearProperty(ShowScreenSettings,home)</onload>
	<onunload>ClearProperty(ShowScreenSettings,home)</onunload>
	<visible>!System.ScreenSaverActive + Window.IsTopMost(addonbrowser)</visible>
	<controls>
		<include>backgroundsimple</include>
		<include>fake-overlay</include>
		<include content="screen-name">
			<param name="screenlabel" value="$LOCALIZE[24001]"/>
			<param name="listitems" value="Container.NumItems"/>
		</include>
		<control type="group"><!-- Various Views of Addons Browser -->
			<include file="View-General.xml">ListView</include>
			<include file="View-General.xml">IconView</include>
			<include file="View-General.xml">WrapView</include>
			<include file="View-General.xml">WallView</include>
			<include file="View-General.xml">Coverflow</include>
		</control>
		<include>touch-controls</include>
		<control type="group"><!-- Screen Settings Menu -->
			<left>0</left>
			<top>1080</top>
			<include>screen-settings</include>
			<include>fadebackground</include>
			<control type="image"><!-- Dialog background -->
				<left>657</left>
				<top>141</top>
				<width>600</width>
				<height>741</height>
				<texture border="14">button-menu-background.png</texture>
			</control>
			<control type="label"><!-- Dialog heading -->
				<left>675</left>
				<top>153</top>
				<width>564</width>
				<height>51</height>
				<font>apptv23</font>
				<label>$LOCALIZE[31557]$INFO[Container(9000).NumItems, (,)]</label>
				<align>center</align>
			</control>
			<control type="button"><!-- Touch Close button -->
				<left>1226</left>
				<top>124</top>
				<width>48</width>
				<height>48</height>
				<texturefocus>touch-close.png</texturefocus>
				<texturenofocus>touch-close.png</texturenofocus>
				<onclick condition="!String.IsEqual(Window(home).Property(ShowScreenSettings),show)">SetProperty(ShowScreenSettings,show,home)</onclick>
				<onclick condition="String.IsEqual(Window(home).Property(ShowScreenSettings),show)">ClearProperty(ShowScreenSettings,home)</onclick>
				<visible>$EXP[isEnabledTouch]</visible>
			</control>
			<control type="image">
				<left>675</left>
				<top>207</top>
				<width>564</width>
				<height>6</height>
				<texture>separator.png</texture>
			</control>
			<control type="grouplist" id="9000">
				<left>675</left>
				<top>219</top>
				<width>564</width>
				<height>648</height>
				<itemgap>0</itemgap>
				<onright>50</onright>
				<onleft>50</onleft>
				<control type="button" id="2"><!-- View as button -->
					<width>564</width>
					<height>72</height>
					<font>apptv22</font>
					<label>$LOCALIZE[100]</label>
					<textoffsetx>15</textoffsetx>
				</control>
				<control type="button" id="3"><!-- Sort by button -->
					<width>564</width>
					<height>72</height>
					<font>apptv22</font>
					<label>$LOCALIZE[103]</label>
					<textoffsetx>15</textoffsetx>
				</control>
				<control type="togglebutton" id="4"><!-- Sort direction button -->
					<width>564</width>
					<height>72</height>
					<label>$LOCALIZE[21429]: $LOCALIZE[21430]</label>
					<altlabel>$LOCALIZE[21429]: $LOCALIZE[21431]</altlabel>
					<font>apptv22</font>
					<textoffsetx>15</textoffsetx>
				</control>
				<control type="button" id="5"><!-- Addon settings button -->
					<width>564</width>
					<height>72</height>
					<font>apptv22</font>
					<textoffsetx>15</textoffsetx>
					<label>$LOCALIZE[10004]</label>
				</control>
				<control type="radiobutton" id="7"><!-- Hide foreign button -->
					<width>564</width>
					<height>72</height>
					<font>apptv22</font>
					<textoffsetx>15</textoffsetx>
					<label>$LOCALIZE[25001]</label>
					<radioposx>510</radioposx>
				</control>
				<control type="radiobutton" id="8"><!-- Hide broken button -->
					<width>564</width>
					<height>72</height>
					<font>apptv22</font>
					<textoffsetx>15</textoffsetx>
					<label>$LOCALIZE[24999]</label>
					<radioposx>510</radioposx>
				</control>
				<control type="button" id="9"><!-- Check for updates -->
					<width>564</width>
					<height>72</height>
					<font>apptv22</font>
					<textoffsetx>15</textoffsetx>
					<label>$LOCALIZE[24034]</label>
				</control>
			</control>
		</control>
		<!-- Show a iOS style page indicator to show which focus group has the current focus -->
		<!-- Focus group can be hidden or shown but is potentially focusable, that is it has not be disabled -->
		<control type="group">
			<visible>Control.IsVisible(50) | Control.IsVisible(52) | Control.IsVisible(58)</visible>
			<include content="page-indicator">
				<param name="indicatorleft" value="864" />
				<param name="indicatortop" value="0" />
				<param name="indicatorwidth" value="192" />
				<param name="indicatorheight" value="48" />
				<param name="indicatororientation" value="horizontal" />
				<param name="grp1indicate" value="[ControlGroup(9000).HasFocus()|String.IsEqual(Window(home).Property(ShowScreenSettings),show)]" />
				<param name="grp1visible" value="[!Skin.HasSetting(lock-screensettings)]" />
				<param name="grp2indicate" value="[Control.HasFocus(50)|Control.HasFocus(52)|Control.HasFocus(58)]" />
				<param name="grp2visible" value="[Control.IsVisible(50)|Control.IsVisible(52)|Control.IsVisible(58)]+[!Skin.HasSetting(lock-screensettings)|$EXP[isEnabledScrollbar]]" />
				<param name="grp3indicate" value="[Control.HasFocus(1250)|Control.HasFocus(1252)|Control.HasFocus(1253)|Control.HasFocus(1258)]" />
				<param name="grp3visible" value="[$EXP[isEnabledScrollbar]]" />
			</include>
		</control>
		<control type="group">
			<visible>Control.IsVisible(54) | Control.IsVisible(57)</visible>
			<include content="page-indicator">
				<param name="indicatorleft" value="0" />
				<param name="indicatortop" value="225" />
				<param name="indicatorwidth" value="48" />
				<param name="indicatorheight" value="192" />
				<param name="indicatororientation" value="vertical" />
				<param name="grp1indicate" value="[ControlGroup(9000).HasFocus()|String.IsEqual(Window(home).Property(ShowScreenSettings),show)]" />
				<param name="grp1visible" value="[!Skin.HasSetting(lock-screensettings)]" />
				<param name="grp2indicate" value="[Control.HasFocus(54)|Control.HasFocus(57)]" />
				<param name="grp2visible" value="[Control.IsVisible(54)|Control.IsVisible(57)]+[!Skin.HasSetting(lock-screensettings)|$EXP[isEnabledScrollbar]]" />
				<param name="grp3indicate" value="[Control.HasFocus(1254)|Control.HasFocus(1257)]" />
				<param name="grp3visible" value="[$EXP[isEnabledScrollbar]]" />
			</include>
		</control>
	</controls>
</window>