<?xml version="1.0" encoding="UTF-8"?>
<window type="dialog" id="1161">
	<defaultcontrol>500</defaultcontrol>
	<onunload>ClearProperty(EditViews,home)</onunload>
	<controls>
		<include>fadebackground</include>
		<control type="image"><!-- Dialog background -->
			<left>512</left>
			<top>250</top>
			<width>894</width>
			<height>489</height>
			<texture colordiffuse="UnFocusedPosters" border="14">button-menu-background.png</texture>
		</control>
		<control type="label"><!-- Header -->
			<left>527</left>
			<top>262</top>
			<width>864</width>
			<height>60</height>
			<font>apptv23</font>
			<label>$LOCALIZE[31895]$INFO[Container(500).NumItems, (,)]</label>
			<align>center</align>
		</control>
		<control type="image">
			<left>527</left>
			<top>325</top>
			<width>864</width>
			<height>6</height>
			<texture>separator.png</texture>
		</control>
		<control type="grouplist" id="500">
			<animation effect="fade" time="200">VisibleChange</animation>
			<left>527</left>
			<top>343</top>
			<width>564</width>
			<height>375</height>
			<itemgap>0</itemgap>
			<onleft>Close</onleft>
			<onright>400</onright>
			<!-- Video Views -->
			<control type="radiobutton" id="501">
				<height>75</height>
				<width>564</width>
				<textoffsetx>45</textoffsetx>
				<font>apptv22</font>
				<label>$LOCALIZE[31931]</label>
				<radioposx>495</radioposx>
				<onclick>Skin.ToggleSetting(videoviewlowlist)</onclick>
				<selected>!Skin.HasSetting(videoviewlowlist)</selected>
				<visible>String.IsEqual(Window(home).Property(EditViews),Video)</visible>
			</control>
			<control type="radiobutton" id="502">
				<height>75</height>
				<width>564</width>
				<textoffsetx>45</textoffsetx>
				<font>apptv22</font>
				<label>$LOCALIZE[31943]</label>
				<radioposx>495</radioposx>
				<onclick>Skin.ToggleSetting(videoviewicon)</onclick>
				<selected>!Skin.HasSetting(videoviewicon)</selected>
				<visible>String.IsEqual(Window(home).Property(EditViews),Video)</visible>
			</control>
			<control type="radiobutton" id="503">
				<height>75</height>
				<width>564</width>
				<textoffsetx>45</textoffsetx>
				<font>apptv22</font>
				<label>$LOCALIZE[31946]</label>
				<radioposx>495</radioposx>
				<onclick>Skin.ToggleSetting(videoviewbanner)</onclick>
				<selected>!Skin.HasSetting(videoviewbanner)</selected>
				<visible>String.IsEqual(Window(home).Property(EditViews),Video)</visible>
			</control>
			<control type="radiobutton" id="504">
				<height>75</height>
				<width>564</width>
				<textoffsetx>45</textoffsetx>
				<font>apptv22</font>
				<label>$LOCALIZE[31942]</label>
				<radioposx>495</radioposx>
				<onclick>Skin.ToggleSetting(videoviewwrap)</onclick>
				<selected>!Skin.HasSetting(videoviewwrap)</selected>
				<visible>String.IsEqual(Window(home).Property(EditViews),Video)</visible>
			</control>
			<control type="radiobutton" id="505">
				<height>75</height>
				<width>564</width>
				<textoffsetx>45</textoffsetx>
				<font>apptv22</font>
				<label>$LOCALIZE[31945]</label>
				<radioposx>495</radioposx>
				<onclick>Skin.ToggleSetting(videoviewcoverflow)</onclick>
				<selected>!Skin.HasSetting(videoviewcoverflow)</selected>
				<visible>String.IsEqual(Window(home).Property(EditViews),Video)</visible>
			</control>
			<control type="radiobutton" id="506">
				<height>75</height>
				<width>564</width>
				<textoffsetx>45</textoffsetx>
				<font>apptv22</font>
				<label>$LOCALIZE[31944]</label>
				<radioposx>495</radioposx>
				<onclick>Skin.ToggleSetting(videoviewwall)</onclick>
				<selected>!Skin.HasSetting(videoviewwall)</selected>
				<visible>String.IsEqual(Window(home).Property(EditViews),Video)</visible>
			</control>
			<!-- Music Views -->
			<control type="radiobutton" id="511">
				<height>75</height>
				<width>564</width>
				<textoffsetx>45</textoffsetx>
				<font>apptv22</font>
				<label>$LOCALIZE[31943]</label>
				<radioposx>495</radioposx>
				<onclick>Skin.ToggleSetting(musicviewicon)</onclick>
				<selected>!Skin.HasSetting(musicviewicon)</selected>
				<visible>String.IsEqual(Window(home).Property(EditViews),Music)</visible>
			</control>
			<control type="radiobutton" id="512">
				<height>75</height>
				<width>564</width>
				<textoffsetx>45</textoffsetx>
				<font>apptv22</font>
				<label>$LOCALIZE[31942]</label>
				<radioposx>495</radioposx>
				<onclick>Skin.ToggleSetting(musicviewwrap)</onclick>
				<selected>!Skin.HasSetting(musicviewwrap)</selected>
				<visible>String.IsEqual(Window(home).Property(EditViews),Music)</visible>
			</control>
			<control type="radiobutton" id="513">
				<height>75</height>
				<width>564</width>
				<textoffsetx>45</textoffsetx>
				<font>apptv22</font>
				<label>$LOCALIZE[31945]</label>
				<radioposx>495</radioposx>
				<onclick>Skin.ToggleSetting(musicviewcoverflow)</onclick>
				<selected>!Skin.HasSetting(musicviewcoverflow)</selected>
				<visible>String.IsEqual(Window(home).Property(EditViews),Music)</visible>
			</control>
			<control type="radiobutton" id="514">
				<height>75</height>
				<width>564</width>
				<textoffsetx>45</textoffsetx>
				<font>apptv22</font>
				<label>$LOCALIZE[31944]</label>
				<radioposx>495</radioposx>
				<onclick>Skin.ToggleSetting(musicviewwall)</onclick>
				<selected>!Skin.HasSetting(musicviewwall)</selected>
				<visible>String.IsEqual(Window(home).Property(EditViews),Music)</visible>
			</control>
		</control>
		<control type="button" id="400"><!-- OK -->
			<left>1092</left>
			<top>343</top>
			<width>300</width>
			<height>75</height>
			<onleft>500</onleft>
			<onright>Dialog.Close(1161)</onright>
			<label>$LOCALIZE[186]</label>
			<font>apptv23</font>
			<align>center</align>
			<onclick>ReloadSkin()</onclick>
		</control>
	</controls>
</window>