<?xml version="1.0" encoding="UTF-8"?>
<window type="dialog" id="1157">
	<!-- Dummy dialog to get system to play navigation sound  -->
	<!-- when user trys to move beyond the edge of the screen -->
	<defaultcontrol always="true">999</defaultcontrol>
	<controls>
		<control type="button" id="999"><!-- Dummy hidden button to close dialog -->
			<left>-15</left>
			<top>-15</top>
			<width>1</width>
			<height>1</height>
			<onfocus>Dialog.Close(1157)</onfocus>
		</control>
	</controls>
</window>