<?xml version="1.0" encoding="UTF-8"?>
<window>
	<defaultcontrol>11</defaultcontrol>
	<controls>
		<control type="group">
			<left>424</left>
			<top>938</top>
			<control type="image"><!-- Dialog background -->
				<left>0</left>
				<top>0</top>
				<width>1062</width>
				<height>130</height>
				<texture border="14">button-menu-background.png</texture>
				<colordiffuse>mask-background</colordiffuse>
			</control>
			<control type="button"><!-- Touch Close button -->
				<left>1029</left>
				<top>-15</top>
				<width>48</width>
				<height>48</height>
				<texturefocus>touch-close.png</texturefocus>
				<texturenofocus>touch-close.png</texturenofocus>
				<onclick>Dialog.Close(sliderdialog)</onclick>
				<visible>$EXP[isEnabledTouch]</visible>
			</control>
			<control type="label" id="10"><!-- Dialog heading -->
				<left>33</left>
				<top>27</top>
				<width>600</width>
				<height>33</height>
				<font>apptv22</font>
				<aligny>center</aligny>
			</control>
			<control id="12" type="label"><!-- Details -->
				<right>467</right>
				<top>27</top>
				<width>400</width>
				<height>33</height>
				<font>apptv22</font>
				<textcolor>button-text</textcolor>
				<shadowcolor>shadow-text</shadowcolor>
				<align>right</align>
				<aligny>center</aligny>
			</control>
			<control type="slider" id="11">
				<left>27</left>
				<top>80</top>
				<width>1008</width>
				<height>16</height>
				<onup>Dialog.Close(sliderdialog)</onup>
  				<ondown>Dialog.Close(sliderdialog)</ondown>
			</control>
		</control>
	</controls>
</window>