<?xml version="1.0" encoding="UTF-8"?>
<window>
	<defaultcontrol always="true">3</defaultcontrol>
	<controls>
		<include>fadebackground</include>
		<control type="image"><!-- Dialog background -->
			<left>45</left>
			<top>30</top>
			<width>1830</width>
			<height>990</height>
			<texture border="14">button-menu-background.png</texture>
		</control>
		<control type="label" id="2"><!-- Dialog heading -->
			<left>66</left>
			<top>42</top>
			<width>1788</width>
			<height>54</height>
			<align>center</align>
		</control>
		<control type="image">
			<left>66</left>
			<top>102</top>
			<width>1788</width>
			<height>6</height>
			<texture>separator.png</texture>
		</control>
		<!-- Markers for control area items -->
		<include content="page-offscreen-vertical">
			<param name="indicator1left" value="1628"/>
			<param name="indicator1top" value="110"/>
			<param name="indicator2left" value="1628"/>
			<param name="indicator2top" value="824"/>
			<param name="indicatorsize" value="24"/>
			<param name="indicatorcontainer" value="3"/>
		</include>
		<control type="grouplist" id="3"><!-- Button area -->
			<left>1428</left>
			<top>134</top>
			<width>424</width>
			<height>680</height>
			<itemgap>0</itemgap>
			<onleft>5</onleft>
			<onright>noop</onright>
			<onup>noop</onup>
			<ondown>9001</ondown>
		</control>
		<!-- Markers for control area items -->
		<include content="page-offscreen-vertical">
			<param name="indicator1left" value="751"/>
			<param name="indicator1top" value="110"/>
			<param name="indicator2left" value="751"/>
			<param name="indicator2top" value="824"/>
			<param name="indicatorsize" value="24"/>
			<param name="indicatorcontainer" value="5"/>
		</include>
		<control type="grouplist" id="5"><!-- Control area -->
			<left>99</left>
			<top>134</top>
			<width>1328</width>
			<height>680</height>
			<itemgap>0</itemgap>
			<pagecontrol>60</pagecontrol>
			<onup>noop</onup>
			<ondown>9001</ondown>
			<onleft condition="![$EXP[isEnabledScrollbar]]">noop</onleft>
			<onleft condition="$EXP[isEnabledScrollbar]">60</onleft>
			<onright>3</onright>
		</control>
		<control type="textbox" id="6"><!-- Settings description -->
			<left>60</left>
			<top>700</top>
			<width>1792</width>
			<height>98</height>
			<font>apptv20</font>
			<align>center</align>
			<textcolor>button-text</textcolor>
		</control>
		<control type="scrollbar" id="60">
			<left>60</left>
			<top>134</top>
			<width>18</width>
			<height>680</height>
			<onleft>noop</onleft>
			<onright>5</onright>
			<animation condition="!Control.HasFocus(60) + !Container.Scrolling + $EXP[isnotAlwaysScrollbar]" effect="fade" start="100" end="0" time="200" reversible="true">Conditional</animation>
			<visible>$EXP[isEnabledScrollbar]</visible>
		</control>
		<control type="group" id="9001">
			<left>198</left>
			<top>938</top>
			<control type="button" id="28"><!-- OK -->
				<left>0</left>
				<top>0</top>
				<width>370</width>
				<height>68</height>
				<font>apptv22</font>
				<align>center</align>
				<label>$LOCALIZE[186]</label>
				<onleft>30</onleft>
				<onright>29</onright>
				<onup>5</onup>
			</control>
			<control type="button" id="29"><!-- Cancel -->
				<left>570</left>
				<top>0</top>
				<width>370</width>
				<height>68</height>
				<font>apptv22</font>
				<align>center</align>
				<label>$LOCALIZE[222]</label>
				<onleft>28</onleft>
				<onright>30</onright>
				<onup>5</onup>
			</control>
			<control type="button" id="30"><!-- Defaults -->
				<left>1142</left>
				<top>0</top>
				<width>370</width>
				<height>68</height>
				<font>apptv22</font>
				<align>center</align>
				<label>$LOCALIZE[409]</label>
				<onleft>29</onleft>
				<onright>28</onright>
				<onup>5</onup>
			</control>
		</control>
		<control type="button" id="7"><!-- Default Button -->
			<width>1305</width>
			<height>68</height>
			<font>apptv22</font>
			<textwidth>1215</textwidth>
		</control>
		<control type="radiobutton" id="8"><!-- Default RadioButton -->
			<width>1305</width>
			<height>68</height>
			<font>apptv22</font>
			<textwidth>1200</textwidth>
			<radioposx>1260</radioposx>
		</control>
		<control type="spincontrolex" id="9"><!-- Default Spincontrolex -->
			<width>1305</width>
			<height>68</height>
			<font>apptv22</font>
		</control>
		<control type="button" id="10"><!-- Default Category Button -->
			<width>424</width>
			<height>68</height>
			<font>apptv22</font>
		</control>
		<control type="image" id="11"><!-- Default Seperator -->
			<height>6</height>
			<texture>separator.png</texture>
		</control>
		<control type="edit" id="12"><!-- Default edit -->
			<width>1305</width>
			<height>68</height>
			<font>apptv22</font>
		</control>
		<control type="sliderex" id="13"><!-- Default Slider -->
			<width>1305</width>
			<height>68</height>
			<font>apptv22</font>
		</control>
		<control type="label" id="14"><!-- Default Label -->
			<width>1305</width>
			<height>68</height>
			<font>apptv22</font>
		</control>
	</controls>
</window>