<?xml version="1.0" encoding="UTF-8"?>
<window>
	<defaultcontrol>1000</defaultcontrol>
	<controls>
		<include>fadebackground</include>
		<control type="label" id="1"><!-- Dialog heading -->
			<left>0</left>
			<top>-200</top>
			<width>1350</width>
			<height>52</height>
		</control>
		<control type="group">
			<visible>Control.IsVisible(3)</visible>
			<control type="image"><!-- Dialog background image -->
				<left>526</left>
				<top>90</top>
				<width>868</width>
				<height>910</height>
				<texture border="14">button-menu-background.png</texture>
			</control>
			<control type="grouplist"><!-- Dialog heading -->
				<left>556</left>
				<top>96</top>
				<width>810</width>
				<height>50</height>
				<align>center</align>
				<orientation>horizontal</orientation>
				<control type="label">
					<width max="665">auto</width>
					<height>50</height>
					<label>$INFO[Control.GetLabel(1)]</label>
					<wrapmultiline>true</wrapmultiline>
					<aligny>top</aligny>
				</control>
				<control type="label">
					<width max="144">auto</width>
					<height>50</height>
					<label>$VAR[SelectDialogNumObjects]</label>
					<aligny>top</aligny>
				</control>
			</control>
			<control type="image">
				<left>556</left>
				<top>152</top>
				<width>810</width>
				<height>6</height>
				<texture>separator.png</texture>
			</control>
			<control type="scrollbar" id="23">
				<left>554</left>
				<top>176</top>
				<width>16</width>
				<height>720</height>
				<onright>3</onright>
				<animation condition="!Control.HasFocus(23) + !Container.Scrolling + $EXP[isnotAlwaysScrollbar]" effect="fade" start="100" end="0" time="200" reversible="true">Conditional</animation>
				<visible>$EXP[isEnabledScrollbar]</visible>
			</control>
			<!-- Markers for control area items -->
			<include content="page-offscreen-vertical">
				<param name="indicator1left" value="949"/>
				<param name="indicator1top" value="154"/>
				<param name="indicator2left" value="949"/>
				<param name="indicator2top" value="894"/>
				<param name="indicatorsize" value="24"/>
				<param name="indicatorcontainer" value="3"/>
			</include>
			<control type="grouplist">
				<left>459</left>
				<top>916</top>
				<height>70</height>
				<width>1002</width>
				<itemgap>0</itemgap>
				<align>center</align>
				<orientation>horizontal</orientation>
				<onup>3</onup>
				<control type="button" id="5">
					<width>334</width>
					<height>70</height>
					<font>apptv23</font>
					<align>center</align>
					<visible>!String.IsEmpty(Control.GetLabel(5))</visible>
				</control>
				<control type="button" id="8">
					<width>334</width>
					<height>70</height>
					<font>apptv23</font>
					<label></label>
					<align>center</align>
					<visible>!String.IsEmpty(Control.GetLabel(8))</visible>
				</control>
				<control type="button" id="7"><!-- Cancel -->
					<width>334</width>
					<height>70</height>
					<font>apptv23</font>
					<label>$LOCALIZE[222]</label>
					<align>center</align>
				</control>
			</control>
		</control>
		<control type="group">
			<visible>Control.IsVisible(6)</visible>
			<control type="image"><!-- Dialog background image -->
				<left>180</left>
				<top>90</top>
				<width>1560</width>
				<height>798</height>
				<texture border="14">button-menu-background.png</texture>
			</control>
			<control type="grouplist"><!-- Dialog heading -->
				<left>210</left>
				<top>104</top>
				<width>1494</width>
				<height>52</height>
				<align>center</align>
				<orientation>horizontal</orientation>
				<control type="label">
					<width max="1350">auto</width>
					<height>52</height>
					<label>$INFO[Control.GetLabel(1)]</label>
					<wrapmultiline>true</wrapmultiline>
					<aligny>top</aligny>
				</control>
				<control type="label">
					<width max="144">auto</width>
					<height>52</height>
					<label>$VAR[SelectDialogNumObjects]</label>
					<aligny>top</aligny>
				</control>
			</control>
			<control type="image">
				<left>210</left>
				<top>162</top>
				<width>1494</width>
				<height>6</height>
				<texture>separator.png</texture>
			</control>
			<control type="scrollbar" id="26">
				<left>208</left>
				<top>186</top>
				<width>16</width>
				<height>672</height>
				<onright>6</onright>
				<animation condition="!Control.HasFocus(26) + !Container.Scrolling + $EXP[isnotAlwaysScrollbar]" effect="fade" start="100" end="0" time="200" reversible="true">Conditional</animation>
				<visible>$EXP[isEnabledScrollbar]</visible>
			</control>
			<!-- Markers for control area items -->
			<include content="page-offscreen-vertical">
				<param name="indicator1left" value="753."/>
				<param name="indicator1top" value="166"/>
				<param name="indicator2left" value="753"/>
				<param name="indicator2top" value="856"/>
				<param name="indicatorsize" value="24"/>
				<param name="indicatorcontainer" value="6"/>
			</include>
			<control type="image">
				<left>1342</left>
				<top>456</top>
				<height>352</height>
				<width>352</width>
				<texture fallback="DefaultFile.png">$INFO[Container(6).ListItem.Icon]</texture>
				<aspectratio aligny="top">keep</aspectratio>
				<animation effect="fade" time="300">VisibleChange</animation>
			</control>
			<control type="grouplist">
				<left>1326</left>
				<top>186</top>
				<height>252</height>
				<width>384</width>
				<itemgap>0</itemgap>
				<orientation>vertical</orientation>
				<onleft>6</onleft>
				<control type="button" id="5">
					<width>384</width>
					<height>84</height>
					<font>apptv23</font>
					<label></label>
					<align>center</align>
					<visible>!String.IsEmpty(Control.GetLabel(5))</visible>
				</control>
				<control type="button" id="8">
					<width>384</width>
					<height>84</height>
					<font>apptv23</font>
					<label></label>
					<align>center</align>
					<visible>!String.IsEmpty(Control.GetLabel(8))</visible>
				</control>
				<control type="button" id="7"><!-- Cancel -->
					<width>384</width>
					<height>84</height>
					<font>apptv23</font>
					<label>$LOCALIZE[222]</label>
					<align>center</align>
				</control>
			</control>
		</control>
		<control type="group" id="1000">
			<control type="list" id="3"><!-- Type 3 Select -->
				<left>586</left>
				<top>176</top>
				<width>750</width>
				<height>720</height>
				<onup>noop</onup>
				<onleft condition="![$EXP[isEnabledScrollbar]]">noop</onleft>
				<onleft condition="$EXP[isEnabledScrollbar]">23</onleft>
				<ondown condition="!Control.IsVisible(5)">7</ondown>
				<ondown condition="Control.IsVisible(5)">5</ondown>
				<pagecontrol>23</pagecontrol>
				<itemlayout height="72">
					<control type="image">
						<left>0</left>
						<top>0</top>
						<width>750</width>
						<height>72</height>
						<texture border="9">button-default.png</texture>
					</control>
					<control type="group">
						<visible>!String.IsEmpty(ListItem.Label2)</visible>
						<control type="label">
							<left>15</left>
							<top>4</top>
							<width>720</width>
							<height>36</height>
							<font>apptv22</font>
							<selectedcolor>listselected-text</selectedcolor>
							<label>$INFO[ListItem.Label]</label>
						</control>
						<control type="label">
							<left>15</left>
							<top>42</top>
							<width>720</width>
							<height>30</height>
							<font>apptv18</font>
							<textcolor>disabled-text</textcolor>
							<selectedcolor>listselected-text</selectedcolor>
							<label>$INFO[ListItem.Label2,- ]</label>
						</control>
					</control>
					<control type="label">
						<left>15</left>
						<top>18</top>
						<width>720</width>
						<height>36</height>
						<font>apptv23</font>
						<selectedcolor>listselected-text</selectedcolor>
						<label>$INFO[ListItem.Label]</label>
						<visible>String.IsEmpty(ListItem.Label2)</visible>
					</control>
				</itemlayout>
				<focusedlayout height="72">
					<control type="image">
						<left>0</left>
						<top>0</top>
						<width>750</width>
						<height>72</height>
						<texture border="9">button-default-focus.png</texture>
						<animation condition="!Control.HasFocus(3)" effect="fade" start="100" end="60">Conditional</animation>
					</control>
					<control type="group">
						<visible>!String.IsEmpty(ListItem.Label2)</visible>
						<control type="label">
							<left>15</left>
							<top>4</top>
							<width>720</width>
							<height>36</height>
							<font>apptv22</font>
							<selectedcolor>listselected-text</selectedcolor>
							<label>$INFO[ListItem.Label]</label>
						</control>
						<control type="label">
							<left>15</left>
							<top>42</top>
							<width>720</width>
							<height>30</height>
							<font>apptv18</font>
							<textcolor>disabled-text</textcolor>
							<selectedcolor>listselected-text</selectedcolor>
							<label>$INFO[ListItem.Label2,- ]</label>
						</control>
					</control>
					<control type="label">
						<left>15</left>
						<top>18</top>
						<width>720</width>
						<height>36</height>
						<font>apptv23</font>
						<selectedcolor>listselected-text</selectedcolor>
						<label>$INFO[ListItem.Label]</label>
						<visible>String.IsEmpty(ListItem.Label2)</visible>
					</control>
				</focusedlayout>
			</control>
			<control type="list" id="6"><!-- Type 6 Select -->
				<left>245</left>
				<top>186</top>
				<width>1050</width>
				<height>672</height>
				<onleft condition="![$EXP[isEnabledScrollbar]]">noop</onleft>
				<onleft condition="$EXP[isEnabledScrollbar]">26</onleft>
				<onright condition="!Control.IsVisible(5)">7</onright>
				<onright condition="Control.IsVisible(5)">5</onright>
				<pagecontrol>26</pagecontrol>
				<itemlayout height="84">
					<control type="image">
						<left>0</left>
						<top>3</top>
						<height>78</height>
						<width>78</width>
						<texture fallback="DefaultFile.png">$INFO[ListItem.Icon]</texture>
						<aspectratio>keep</aspectratio>
					</control>
					<control type="image">
						<left>81</left>
						<top>0</top>
						<width>969</width>
						<height>84</height>
						<texture border="9">button-default.png</texture>
					</control>
					<control type="label">
						<left>105</left>
						<top>-6</top>
						<width>921</width>
						<height>84</height>
						<font>apptv22</font>
						<selectedcolor>listselected-text</selectedcolor>
						<label>$INFO[ListItem.Label] [I]$INFO[ListItem.Label2, - ] [/I]</label>
					</control>
				</itemlayout>
				<focusedlayout height="84">
					<control type="image">
						<left>0</left>
						<top>3</top>
						<height>78</height>
						<width>78</width>
						<texture fallback="DefaultFile.png">$INFO[ListItem.Icon]</texture>
						<aspectratio>keep</aspectratio>
					</control>
					<control type="image">
						<left>81</left>
						<top>0</top>
						<width>969</width>
						<height>84</height>
						<texture border="9">button-default-focus.png</texture>
						<animation condition="!Control.HasFocus(6)" effect="fade" start="100" end="60">Conditional</animation>
					</control>
					<control type="label">
						<left>105</left>
						<top>-6</top>
						<width>921</width>
						<height>84</height>
						<font>apptv22</font>
						<selectedcolor>listselected-text</selectedcolor>
						<label>$INFO[ListItem.Label] [I]$INFO[ListItem.Label2, - ] [/I]</label>
					</control>
				</focusedlayout>
			</control>
		</control>
	</controls>
</window>