<?xml version="1.0" encoding="UTF-8"?>
<window type="dialog">
	<defaultcontrol always="true">450</defaultcontrol>
	<include>window-openclose</include>
	<controls>
		<include>background</include>
		<include>fake-overlay</include>
		<include content="screen-name">
			<param name="screenlabel" value="$LOCALIZE[1036]"/>
			<param name="listitems" value="Container(450).NumItems"/>
		</include>
		<control type="list" id="450">
			<left>1062</left>
			<top>168</top>
			<width>756</width>
			<height>832</height>
			<onright condition="![$EXP[isEnabledScrollbar]]">noop</onright>
			<onright condition="$EXP[isEnabledScrollbar]">423</onright>
			<onup>450</onup>
			<ondown>450</ondown>
			<pagecontrol>423</pagecontrol>
			<itemlayout height="75">
				<control type="image">
					<left>0</left>
					<top>0</top>
					<width>756</width>
					<height>75</height>
					<texture border="9">button-default.png</texture>
				</control>
				<control type="label">
					<left>26</left>
					<top>0</top>
					<width>674</width>
					<height>60</height>
					<font>apptv23</font>
					<selectedcolor>listselected-text</selectedcolor>
					<label>$INFO[ListItem.Label]</label>
				</control>
			</itemlayout>
			<focusedlayout height="75">
				<control type="image">
					<left>0</left>
					<top>0</top>
					<width>756</width>
					<height>75</height>
					<texture border="9">button-default-focus.png</texture>
				</control>
				<control type="label">
					<left>26</left>
					<top>0</top>
					<width>674</width>
					<height>60</height>
					<font>apptv23</font>
					<selectedcolor>listselected-text</selectedcolor>
					<label>$INFO[ListItem.Label]</label>
				</control>
			</focusedlayout>
		</control>
		<control type="image">
			<!-- List item icon -->
			<left>243</left>
			<top>168</top>
			<width>576</width>
			<height>576</height>
			<texture fallback="icon-fav.png" background="true" diffuse="mask-rect.png">$INFO[ListItem.Icon]</texture>
			<aspectratio scalediffuse="false">keep</aspectratio>
		</control>
		<control type="scrollbar" id="423">
			<left>1866</left>
			<top>168</top>
			<width>20</width>
			<height>832</height>
			<onleft>450</onleft>
			<animation condition="!Control.HasFocus(423) + !Container.Scrolling + $EXP[isnotAlwaysScrollbar]" effect="fade" start="100" end="0" time="200" reversible="true">Conditional</animation>
			<visible>$EXP[isEnabledScrollbar]</visible>
		</control>
	</controls>
</window>
