<?xml version="1.0" encoding="UTF-8"?>
<window>
	<defaultcontrol always="true">5</defaultcontrol>
	<controls>
		<control type="group">
			<visible>!Window.IsVisible(sliderdialog)</visible>
			<include>fadebackground</include>
			<control type="image"><!-- Dialog background -->
				<left>321</left>
				<top>90</top>
				<width>1272</width>
				<height>900</height>
				<texture border="14">button-menu-background.png</texture>
			</control>
			<control type="label" id="2"><!-- Dialog heading -->
				<left>336</left>
				<top>105</top>
				<width>1242</width>
				<height>38</height>
				<align>center</align>
			</control>
			<control type="image">
				<left>336</left>
				<top>150</top>
				<width>1242</width>
				<height>4</height>
				<texture>separator.png</texture>
			</control>
			<control type="grouplist" id="5"><!-- Default Grouplist -->
				<left>366</left>
				<top>189</top>
				<width>1182</width>
				<height>675</height>
				<itemgap>0</itemgap>
				<pagecontrol>60</pagecontrol>
				<onleft>noop</onleft>
				<onright>60</onright>
				<onup>noop</onup>
				<ondown>9000</ondown>
			</control>
			<control type="button" id="7"><!-- Default Button -->
				<height>75</height>
				<font>apptv22</font>
			</control>
			<control type="radiobutton" id="8"><!-- Default Radiobutton -->
				<height>75</height>
				<font>apptv22</font>
			</control>
			<control type="spincontrolex" id="9"><!-- Default Spincontrolex -->
				<height>75</height>
				<font>apptv22</font>
			</control>
			<control type="image" id="11"><!-- Default Seperator -->
				<height>2</height>
				<texture>separator.png</texture>
			</control>
			<control type="edit" id="12"><!-- Default Edit -->
				<height>75</height>
				<font>apptv22</font>
			</control>
			<control type="sliderex" id="13"><!-- Default Sliderex -->
				<height>75</height>
				<font>apptv22</font>
			</control>
			<control type="label" id="14"><!-- Default Label -->
				<height>75</height>
				<font>apptv22</font>
				<textoffsetx>27</textoffsetx>
			</control>
			<control type="scrollbar" id="60">
				<left>1558</left>
				<top>186</top>
				<width>20</width>
				<height>675</height>
				<onright>5</onright>
				<animation condition="!Control.HasFocus(60) + !Container.Scrolling + $EXP[isnotAlwaysScrollbar]" effect="fade" start="100" end="0" time="200" reversible="true">Conditional</animation>
				<visible>$EXP[isEnabledScrollbar]</visible>
			</control>
			<!-- Markers for control area items -->
			<include content="page-offscreen-vertical">
				<param name="indicator1left" value="945"/>
				<param name="indicator1top" value="159"/>
				<param name="indicator2left" value="945"/>
				<param name="indicator2top" value="867"/>
				<param name="indicatorsize" value="24"/>
				<param name="indicatorcontainer" value="5"/>
			</include>
			<control type="grouplist" id="9000">
				<left>372</left>
				<top>900</top>
				<width>1170</width>
				<height>75</height>
				<align>center</align>
				<orientation>horizontal</orientation>
				<itemgap>0</itemgap>
				<onup>5</onup>
				<ondown>9000</ondown>
				<control type="button" id="28"><!-- OK -->
					<width>390</width>
					<height>75</height>
					<align>center</align>
					<font>apptv22</font>
					<onleft>noop</onleft>
					<onright>29</onright>
				</control>
				<control type="button" id="29"><!-- Cancel -->
					<width>390</width>
					<height>75</height>
					<align>center</align>
					<font>apptv22</font>
					<onleft>28</onleft>
					<onright>30</onright>
				</control>
				<control type="button" id="30"><!-- Clear/Settings -->
					<width>390</width>
					<height>75</height>
					<align>center</align>
					<font>apptv22</font>
					<onleft>29</onleft>
					<onright>noop</onright>
				</control>
			</control>
		</control>
	</controls>
</window>