<?xml version="1.0" encoding="UTF-8"?>
<window>
	<onload condition="!String.IsEmpty(Window(videos).Property(PlayingBackgroundMedia))">Dialog.Close(all,true)</onload>
	<animation effect="fade" time="250" delay="1750">WindowOpen</animation>
	<animation effect="fade" time="100">WindowClose</animation>
	<controls>
		<include>fadebackground</include>
		<control type="image"><!-- Busy animation -->
			<left>864</left>
			<top>435</top>
			<width>192</width>
			<height>192</height>
			<texture>busy.png</texture>
			<aspectratio>keep</aspectratio>
			<include>busy-spin</include>
		</control>
		<control type="progress" id="10">
			<left>768</left>
			<top>650</top>
			<width>384</width>
			<height>16</height>
		</control>
	</controls>
</window>