<?xml version="1.0" encoding="UTF-8"?>
<window>
	<defaultcontrol always="true">999</defaultcontrol>
	<controls>
		<include>backgroundsimple</include>
		<include>fullscreendummy</include>
		<control type="image"><!-- Artist Image -->
			<left>63</left>
			<top>120</top>
			<width>384</width>
			<height>384</height>
			<texture diffuse="mask-squ.png" fallback="DefaultUser.png" background="true">$INFO[ListItem.Icon]</texture>
			<aspectratio>stretch</aspectratio>
			<align>center</align>
			<visible>$EXP[isArtist]</visible>
		</control>
		<control type="group">
			<visible>$EXP[isnotArtist]</visible>
			<control type="image">
				<left>28</left>
				<top>92</top>
				<height>444</height>
				<width>444</width>
				<texture>case-cd.png</texture>
				<aspectratio>keep</aspectratio>
				<visible>$EXP[isnotDefaultIcon] + Skin.HasSetting(media-case)</visible>
			</control>
			<control type="image"><!-- Cover image -->
				<left>73</left>
				<top>120</top>
				<width>392</width>
				<height>384</height>
				<texture diffuse="mask-squ.png">$VAR[IconCover]</texture>
				<aspectratio>stretch</aspectratio>
			</control>
		</control>
		<control type="group"><!-- Song info -->
			<visible>$EXP[isSong]</visible>
			<control type="label"><!-- Track number and name -->
				<left>510</left>
				<top>18</top>
				<width>1380</width>
				<height>93</height>
				<font>apptv30</font>
				<wrapmultiline>true</wrapmultiline>
				<aligny>center</aligny>
				<label>$INFO[ListItem.TrackNumber,, - ]$INFO[ListItem.Title]</label>
			</control>
			<control type="label"><!-- Artist -->
				<left>510</left>
				<top>123</top>
				<width>1380</width>
				<height>33</height>
				<font>apptv22</font>
				<textcolor>disabled-text</textcolor>
				<shadowcolor>shadow-text</shadowcolor>
				<label>$INFO[ListItem.Artist]$INFO[ListItem.Album, : ,]</label>
				<visible>!String.IsEmpty(ListItem.Artist)</visible>
			</control>
			<control type="image">
				<left>510</left>
				<top>162</top>
				<width>900</width>
				<height>6</height>
				<texture>separator.png</texture>
			</control>
			<control type="textbox" id="1322">
				<left>510</left>
				<top>165</top>
				<width>1350</width>
				<height>180</height>
				<label>$INFO[ListItem.Comment]</label>
				<font>apptv20</font>
				<align>justify</align>
				<pagecontrol>1323</pagecontrol>
			</control>
			<control type="scrollbar" id="1323">
				<left>1875</left>
				<top>172</top>
				<width>18</width>
				<height>177</height>
				<onleft>999</onleft>
				<onright>1020</onright>
				<onup>1020</onup>
				<ondown>999</ondown>
				<animation condition="!Control.HasFocus(1323) + !Container.Scrolling + $EXP[isnotAlwaysScrollbar]" effect="fade" start="100" end="0" time="200" reversible="true">Conditional</animation>
				<visible>$EXP[isEnabledScrollbar]</visible>
			</control>
			<control type="image">
				<left>510</left>
				<top>348</top>
				<width>1350</width>
				<height>6</height>
				<texture>separator.png</texture>
			</control>
			<control type="label"><!-- Details heading -->
				<left>510</left>
				<top>360</top>
				<width>480</width>
				<height>33</height>
				<label>$LOCALIZE[31135]</label>
				<font>apptv22</font>
				<textcolor>disabled-text</textcolor>
				<shadowcolor>shadow-text</shadowcolor>
			</control>
			<control type="label"><!-- Genres -->
				<left>510</left>
				<top>399</top>
				<width>900</width>
				<height>30</height>
				<font>apptv20</font>
				<label>$INFO[ListItem.Genre,$LOCALIZE[135] : ]</label>
			</control>
			<control type="label"><!-- Duration -->
				<left>510</left>
				<top>438</top>
				<width>480</width>
				<height>30</height>
				<font>apptv20</font>
				<label>$INFO[ListItem.Duration,$LOCALIZE[31133] ]</label>
			</control>
			<control type="label"><!-- Release date -->
				<left>510</left>
				<top>477</top>
				<width>900</width>
				<height>30</height>
				<font>apptv20</font>
				<label>$INFO[ListItem.Year,$LOCALIZE[172] : ]</label>
			</control>
			<control type="label"><!-- Playcount -->
				<left>510</left>
				<top>516</top>
				<width>900</width>
				<height>30</height>
				<label>$INFO[ListItem.PlayCount,$LOCALIZE[567] : ]</label>
				<font>apptv20</font>
			</control>
			<control type="image"><!-- Star Rating Dropshadow-->
				<left>512</left>
				<top>556</top>
				<width>135</width>
				<height>27</height>
				<texture>$VAR[MediaRating]</texture>
				<colordiffuse>DropShadow</colordiffuse>
				<aspectratio>keep</aspectratio>
			</control>
			<control type="image"><!-- Star Rating -->
				<left>510</left>
				<top>555</top>
				<width>135</width>
				<height>27</height>
				<texture>$VAR[MediaRating]</texture>
				<aspectratio>keep</aspectratio>
			</control>
		</control>
		<control type="group"><!-- Artist info -->
			<visible>$EXP[isArtist]</visible>
			<control type="label"><!-- Artist Name -->
				<left>510</left>
				<top>18</top>
				<width>1380</width>
				<height>93</height>
				<font>apptv30</font>
				<wrapmultiline>true</wrapmultiline>
				<aligny>center</aligny>
				<label>$INFO[ListItem.Artist]</label>
			</control>
			<control type="label"><!-- Artist born/died -->
				<left>510</left>
				<top>123</top>
				<width>1380</width>
				<height>33</height>
				<font>apptv22</font>
				<textcolor>disabled-text</textcolor>
				<shadowcolor>shadow-text</shadowcolor>
				<label>$INFO[ListItem.Property(Artist_Born)]$INFO[ListItem.Property(Artist_Died), - ,]</label>
				<visible>!String.IsEmpty(ListItem.Property(Artist_Born))</visible>
			</control>
			<control type="label"><!-- Artist formed/disbanded -->
				<left>510</left>
				<top>123</top>
				<width>1380</width>
				<height>33</height>
				<font>apptv22</font>
				<textcolor>disabled-text</textcolor>
				<shadowcolor>shadow-text</shadowcolor>
				<label>$INFO[ListItem.Property(Artist_Formed)]$INFO[ListItem.Property(Artist_Disbanded), - ,]</label>
				<visible>!String.IsEmpty(ListItem.Property(Artist_Formed))</visible>
			</control>
			<control type="image">
				<left>510</left>
				<top>162</top>
				<width>1350</width>
				<height>6</height>
				<texture>separator.png</texture>
			</control>
			<control type="textbox" id="1422"><!-- Artist description -->
				<left>510</left>
				<top>165</top>
				<width>1350</width>
				<height>180</height>
				<label>$INFO[ListItem.Property(Artist_Description)]</label>
				<font>apptv20</font>
				<align>justify</align>
				<pagecontrol>1423</pagecontrol>
			</control>
			<control type="scrollbar" id="1423">
				<left>1875</left>
				<top>172</top>
				<width>18</width>
				<height>177</height>
				<onleft>999</onleft>
				<onright>1025</onright>
				<onup>1025</onup>
				<ondown>999</ondown>
				<animation condition="!Control.HasFocus(1423) + !Container.Scrolling + $EXP[isnotAlwaysScrollbar]" effect="fade" start="100" end="0" time="200" reversible="true">Conditional</animation>
				<visible>$EXP[isEnabledScrollbar]</visible>
			</control>
			<control type="image">
				<left>510</left>
				<top>348</top>
				<width>1350</width>
				<height>6</height>
				<texture>separator.png</texture>
			</control>
			<control type="label"><!-- Details heading -->
				<left>510</left>
				<top>360</top>
				<width>480</width>
				<height>33</height>
				<label>$LOCALIZE[31135]</label>
				<font>apptv22</font>
				<textcolor>disabled-text</textcolor>
				<shadowcolor>shadow-text</shadowcolor>
			</control>
			<control type="label"><!-- Genres -->
				<left>510</left>
				<top>399</top>
				<width>900</width>
				<height>30</height>
				<font>apptv20</font>
				<label>$INFO[ListItem.Genre,$LOCALIZE[135] : ]</label>
			</control>
			<control type="label"><!-- Moods -->
				<left>510</left>
				<top>438</top>
				<width>900</width>
				<height>30</height>
				<font>apptv20</font>
				<label>$INFO[ListItem.Property(Album_Mood),$LOCALIZE[175] : ]</label>
			</control>
			<control type="label"><!-- Styles -->
				<left>510</left>
				<top>477</top>
				<width>900</width>
				<height>30</height>
				<font>apptv20</font>
				<label>$INFO[ListItem.Property(Album_Style),$LOCALIZE[176] : ]</label>
			</control>
			<control type="label"><!-- Active -->
				<left>510</left>
				<top>516</top>
				<width>900</width>
				<height>30</height>
				<font>apptv20</font>
				<label>$INFO[ListItem.Property(Artist_YearsActive),$LOCALIZE[21898] : ]</label>
			</control>
		</control>
		<control type="group"><!-- Album info -->
			<visible>$EXP[isAlbum]</visible>
			<control type="label"><!-- Album Name -->
				<left>510</left>
				<top>18</top>
				<width>1380</width>
				<height>93</height>
				<font>apptv30</font>
				<wrapmultiline>true</wrapmultiline>
				<label>$INFO[ListItem.Album][COLOR=disabled-text]$INFO[ListItem.Artist, - ,][/COLOR]</label>
			</control>
			<control type="label"><!-- Record Label value -->
				<left>510</left>
				<top>123</top>
				<width>1380</width>
				<height>33</height>
				<font>apptv22</font>
				<textcolor>disabled-text</textcolor>
				<shadowcolor>shadow-text</shadowcolor>
				<label>$INFO[ListItem.Property(Album_Label)]</label>
			</control>
			<control type="image">
				<left>510</left>
				<top>162</top>
				<width>1350</width>
				<height>6</height>
				<texture>separator.png</texture>
			</control>
			<control type="textbox" id="1522"><!-- Album description -->
				<left>510</left>
				<top>165</top>
				<width>1350</width>
				<height>180</height>
				<label>$INFO[ListItem.Property(Album_Description)]</label>
				<font>apptv20</font>
				<align>justify</align>
				<pagecontrol>1523</pagecontrol>
			</control>
			<control type="scrollbar" id="1523">
				<left>1875</left>
				<top>172</top>
				<width>18</width>
				<height>177</height>
				<onleft>999</onleft>
				<onright>1030</onright>
				<onup>1030</onup>
				<ondown>999</ondown>
				<animation condition="!Control.HasFocus(1523) + !Container.Scrolling + $EXP[isnotAlwaysScrollbar]" effect="fade" start="100" end="0" time="200" reversible="true">Conditional</animation>
				<visible>$EXP[isEnabledScrollbar]</visible>
			</control>
			<control type="image">
				<left>510</left>
				<top>348</top>
				<width>1350</width>
				<height>6</height>
				<texture>separator.png</texture>
			</control>
			<control type="label"><!-- Details heading -->
				<left>510</left>
				<top>360</top>
				<width>480</width>
				<height>33</height>
				<label>$LOCALIZE[31135]</label>
				<font>apptv22</font>
				<textcolor>disabled-text</textcolor>
				<shadowcolor>shadow-text</shadowcolor>
			</control>
			<control type="label"><!-- Genres -->
				<left>510</left>
				<top>399</top>
				<width>900</width>
				<height>30</height>
				<font>apptv20</font>
				<label>$INFO[ListItem.Genre,$LOCALIZE[135] : ]</label>
			</control>
			<control type="label"><!-- Moods -->
				<left>510</left>
				<top>438</top>
				<width>900</width>
				<height>30</height>
				<font>apptv20</font>
				<label>$INFO[ListItem.Property(Album_Mood),$LOCALIZE[175] : ]</label>
			</control>
			<control type="label"><!-- Style -->
				<left>510</left>
				<top>477</top>
				<width>900</width>
				<height>30</height>
				<font>apptv20</font>
				<label>$INFO[ListItem.Property(Album_Style),$LOCALIZE[176] : ]</label>
			</control>
			<control type="label"><!-- Release date -->
				<left>510</left>
				<top>516</top>
				<width>900</width>
				<height>30</height>
				<font>apptv20</font>
				<label>$INFO[ListItem.Year,$LOCALIZE[172] : ]</label>
			</control>
			<control type="image"><!-- Star Rating Dropshadow-->
				<left>512</left>
				<top>556</top>
				<width>135</width>
				<height>27</height>
				<texture>$VAR[MediaRating]</texture>
				<colordiffuse>DropShadow</colordiffuse>
				<aspectratio>keep</aspectratio>
			</control>
			<control type="image"><!-- Star Rating -->
				<left>510</left>
				<top>555</top>
				<width>135</width>
				<height>27</height>
				<texture>$VAR[MediaRating]</texture>
				<aspectratio>keep</aspectratio>
			</control>
		</control>
		<control type="grouplist" id="999"><!-- Option buttons -->
			<left>540</left>
			<top>600</top>
			<width>1320</width>
			<height>144</height>
			<orientation>horizontal</orientation>
			<itemgap>22</itemgap>
			<align>center</align>
			<onleft>1005</onleft>
			<onright>1005</onright>
			<onup condition="$EXP[isSong] + Integer.IsGreater(Container(1322).NumPages,1)">1323</onup>
			<onup condition="$EXP[isArtist] + Integer.IsGreater(Container(1422).NumPages,1)">1423</onup>
			<onup condition="$EXP[isAlbum] + Integer.IsGreater(Container(1522).NumPages,1)">1523</onup>
			<onup condition="[$EXP[isSong]+[Integer.IsLessOrEqual(Container(1322).NumPages,1)]] | [$EXP[isArtist]+Integer.IsLessOrEqual(Container(1422).NumPages,1)] | [$EXP[isAlbum]+Integer.IsLessOrEqual(Container(1522).NumPages,1)]">1005</onup>
			<ondown condition="[$EXP[isAlbum] | $EXP[isArtist]] + Integer.IsGreater(Container(50).NumItems,0)">50</ondown>
			<ondown condition="[$EXP[isAlbum] | $EXP[isArtist]] + Integer.IsLess(Container(50).NumItems,1)">1005</ondown>
			<ondown condition="$EXP[isSong] + Integer.IsGreaterOrEqual(Container(950).NumItems,1)">950</ondown>
			<ondown condition="$EXP[isSong] + Integer.IsLess(Container(950).NumItems,1)">1005</ondown>
			<control type="button" id="1114"><!-- Play button -->
				<include>info-options-common</include>
				<label>$LOCALIZE[208]</label>
				<texturefocus>button-info-play-focus.png</texturefocus>
				<texturenofocus>button-info-play.png</texturenofocus>
				<onclick>PlayMedia($ESCINFO[ListItem.FileNameAndPath])</onclick>
			</control>
			<control type="button" id="12"><!-- Album info button -->
				<include>info-options-common</include>
				<label>$LOCALIZE[558]</label>
				<texturefocus>button-info-disc-focus.png</texturefocus>
				<texturenofocus>button-info-disc.png</texturenofocus>
				<visible>$EXP[isSong]</visible>
			</control>
			<control type="button" id="6"><!-- Refresh button -->
				<include>info-options-common</include>
				<label>$LOCALIZE[184]</label>
				<texturefocus>button-info-refresh-focus.png</texturefocus>
				<texturenofocus>button-info-refresh.png</texturenofocus>
			</control>
			<control type="button" id="1117"><!-- Set Ratings button -->
				<include>info-options-common</include>
				<label>$LOCALIZE[563]</label>
				<texturefocus>button-info-plot-focus.png</texturefocus>
				<texturenofocus>button-info-plot.png</texturenofocus>
				<onclick>SendClick(musicinformation,7)</onclick>
			</control>
			<control type="button" id="1115"><!-- More options button -->
				<include>info-options-common</include>
				<label>$LOCALIZE[31693]</label>
				<texturefocus>button-info-more-focus.png</texturefocus>
				<texturenofocus>button-info-more.png</texturenofocus>
				<onclick>SetProperty(Dialog.1.Label,$LOCALIZE[13405])</onclick>
				<onclick condition="Window.IsActive(musicinformation)">SetProperty(Dialog.1.BuiltIn,SendClick(musicinformation,10))</onclick>
				<onclick condition="Window.IsActive(songinformation)">SetProperty(Dialog.1.BuiltIn,SendClick(musicinformation,13))</onclick>
				<onclick condition="Window.IsActive(musicinformation)">SetProperty(Dialog.2.Label,$LOCALIZE[20413])</onclick>
				<onclick condition="![Window.IsActive(musicinformation)]">SetProperty(Dialog.2.Label,[COLOR=disabled-text] - [/COLOR])</onclick>
				<onclick>SetProperty(Dialog.2.BuiltIn,SendClick(musicinformation,12))</onclick>
				<onclick condition="System.HasAddon(script.libraryeditor) + $EXP[isnotEmptyDBID]">SetProperty(Dialog.3.Label,$LOCALIZE[31689])</onclick>
				<onclick condition="![System.HasAddon(script.libraryeditor) + $EXP[isnotEmptyDBID]]">SetProperty(Dialog.3.Label,[COLOR=disabled-text]$LOCALIZE[31689][/COLOR])</onclick>
				<onclick>SetProperty(Dialog.3.BuiltIn,RunScript(script.libraryeditor,DBID=$INFO[ListItem.DBID]))</onclick>
				<onclick>RunScript(script.embuary.helper,action=createselect,header=$LOCALIZE[31693])</onclick>
			</control>
		</control>
		<control type="group"><!-- Discography / Track list -->
			<visible>$EXP[isAlbum] | $EXP[isArtist] + Integer.IsGreater(Container(50).NumItems,0)</visible>
			<control type="label">
				<left>30</left>
				<top>732</top>
				<height>30</height>
				<width>450</width>
				<label>$LOCALIZE[21888]</label>
				<font>apptv20</font>
				<align>right</align>
				<visible>$EXP[isArtist]</visible>
			</control>
			<control type="label">
				<left>30</left>
				<top>732</top>
				<height>30</height>
				<width>450</width>
				<label>$LOCALIZE[182]</label>
				<font>apptv20</font>
				<align>right</align>
				<visible>$EXP[isAlbum]</visible>
			</control>
			<control type="image">
				<left>510</left>
				<top>756</top>
				<width>1350</width>
				<height>6</height>
				<texture>separator.png</texture>
			</control>
			<control type="list" id="50"><!-- Discography -->
				<visible>$EXP[isArtist]</visible>
				<left>15</left>
				<top>762</top>
				<width>1890</width>
				<height>312</height>
				<onleft>1010</onleft>
				<onright>1010</onright>
				<onup>999</onup>
				<ondown>1010</ondown>
				<orientation>horizontal</orientation>
				<itemlayout width="315">
					<control type="image">
						<left>45</left>
						<top>12</top>
						<width>225</width>
						<height>225</height>
						<aspectratio scalediffuse="true">stretch</aspectratio>
						<texture diffuse="mask-squ.png" background="true">$INFO[ListItem.Icon]</texture>
						<animation condition="$EXP[isEmptyDBID]" effect="fade" start="100" end="60">Conditional</animation>
					</control>
				</itemlayout>
				<focusedlayout width="315">
					<control type="image">
						<left>45</left>
						<top>12</top>
						<width>225</width>
						<height>225</height>
						<texture diffuse="mask-squ.png" background="true">$INFO[ListItem.Icon]</texture>
						<aspectratio scalediffuse="true">stretch</aspectratio>
						<animation condition="$EXP[isEmptyDBID]" effect="fade" start="100" end="60">Conditional</animation>
						<animation effect="zoom" start="100" end="104" center="auto" time="200" tween="back" easing="out" reversible="false">focus</animation>
					</control>
					<control type="textbox">
						<left>0</left>
						<top>240</top>
						<width>315</width>
						<height>72</height>
						<label>$INFO[ListItem.Label] [COLOR=disabled-text]$INFO[ListItem.Label2,(,)][/COLOR]</label>
						<font>apptv20</font>
						<align>center</align>
						<animation effect="fade" time="100" delay="200">Focus</animation>
						<animation condition="$EXP[isEmptyDBID]" effect="fade" start="100" end="50">Conditional</animation>
						<visible>Control.HasFocus(50)</visible>
					</control>
				</focusedlayout>
			</control>
			<control type="group"><!-- Markers for control area items -->
				<visible>$EXP[isArtist]</visible>
				<include content="page-offscreen-horizontal">
					<param name="indicator1left" value="30"/>
					<param name="indicator1top" value="876"/>
					<param name="indicator2left" value="1866"/>
					<param name="indicator2top" value="876"/>
					<param name="indicatorsize" value="24"/>
					<param name="indicatorcontainer" value="50"/>
				</include>
			</control>
			<control type="panel" id="50"><!-- Track listing -->
				<visible>$EXP[isAlbum]</visible>
				<left>30</left>
				<top>780</top>
				<width>1860</width>
				<height>270</height>
				<onleft>1010</onleft>
				<onright>1010</onright>
				<onup>999</onup>
				<ondown>1010</ondown>
				<scrolltime>200</scrolltime>
				<orientation>vertical</orientation>
				<itemlayout width="930" height="68">
					<control type="image">
						<left>12</left>
						<top>10</top>
						<width>48</width>
						<height>48</height>
						<texture>DefaultCDDA.png</texture>
					</control>
					<control type="label">
						<left>69</left>
						<top>0</top>
						<width>825</width>
						<height>68</height>
						<font>apptv20</font>
						<aligny>center</aligny>
						<selectedcolor>white</selectedcolor>
						<label>$INFO[ListItem.TrackNumber]. $INFO[ListItem.Label]</label>
					</control>
					<control type="label">
						<left>765</left>
						<top>0</top>
						<width>150</width>
						<height>68</height>
						<font>apptv20</font>
						<align>right</align>
						<aligny>center</aligny>
						<label>$INFO[ListItem.Duration]</label>
					</control>
				</itemlayout>
				<focusedlayout width="930" height="68">
					<control type="image">
						<left>0</left>
						<top>0</top>
						<width>930</width>
						<height>68</height>
						<visible>Control.HasFocus(50)</visible>
						<texture border="9">button-default-focus.png</texture>
					</control>
					<control type="image">
						<left>12</left>
						<top>10</top>
						<width>48</width>
						<height>48</height>
						<texture>DefaultCDDA.png</texture>
					</control>
					<control type="label">
						<left>69</left>
						<top>0</top>
						<width>825</width>
						<height>68</height>
						<font>apptv20</font>
						<aligny>center</aligny>
						<label>$INFO[ListItem.TrackNumber]. $INFO[ListItem.Label]</label>
					</control>
					<control type="label">
						<left>765</left>
						<top>0</top>
						<width>150</width>
						<height>68</height>
						<font>apptv20</font>
						<align>right</align>
						<aligny>center</aligny>
						<label>$INFO[ListItem.Duration]</label>
					</control>
					<control type="label">
						<left>300</left>
						<top>10</top>
						<width>500</width>
						<height>68</height>
						<font>apptv20</font>
						<aligny>center</aligny>
						<label>$INFO[ListItem.Path]</label>
					</control>
				</focusedlayout>
			</control>
			<control type="group"><!-- Markers for control area items -->
				<visible>$EXP[isAlbum]</visible>
				<include content="page-offscreen-vertical">
					<param name="indicator1left" value="948"/>
					<param name="indicator1top" value="759"/>
					<param name="indicator2left" value="948"/>
					<param name="indicator2top" value="1050"/>
					<param name="indicatorsize" value="24"/>
					<param name="indicatorcontainer" value="50"/>
				</include>
			</control>
		</control>
		<control type="group"><!-- Recommended songs list -->
			<visible>$EXP[isSong]</visible>
			<control type="label">
				<left>30</left>
				<top>732</top>
				<height>30</height>
				<width>450</width>
				<label>$LOCALIZE[31691]</label>
				<font>apptv20</font>
				<align>right</align>
				<visible>Integer.IsGreater(Container(950).NumItems,0)</visible>
			</control>
			<control type="image">
				<left>510</left>
				<top>756</top>
				<width>1350</width>
				<height>6</height>
				<texture>separator.png</texture>
			</control>
			<control type="list" id="950"><!-- User might enjoy -->
				<visible>Integer.IsGreater(Container(950).NumItems,0)</visible>
				<left>15</left>
				<top>762</top>
				<width>1890</width>
				<height>312</height>
				<onleft>1015</onleft>
				<onright>1015</onright>
				<onup>999</onup>
				<ondown>1015</ondown>
				<orientation>horizontal</orientation>
				<itemlayout width="315">
					<control type="image">
						<left>45</left>
						<top>12</top>
						<width>225</width>
						<height>225</height>
						<aspectratio scalediffuse="true">stretch</aspectratio>
						<texture diffuse="mask-squ.png" fallback="DefaultMusicSongs.png" background="true">$INFO[ListItem.Art(thumb)]</texture>
					</control>
				</itemlayout>
				<focusedlayout width="315">
					<control type="image">
						<left>45</left>
						<top>12</top>
						<width>225</width>
						<height>225</height>
						<aspectratio scalediffuse="true">stretch</aspectratio>
						<texture diffuse="mask-squ.png" fallback="DefaultMusicSongs.png" background="true">$INFO[ListItem.Art(thumb)]</texture>
						<animation effect="zoom" start="100" end="104" center="auto" time="200" tween="back" easing="out" reversible="false">focus</animation>
					</control>
					<control type="textbox">
						<left>0</left>
						<top>240</top>
						<width>315</width>
						<height>72</height>
						<label>$INFO[ListItem.Label]</label>
						<font>apptv20</font>
						<align>center</align>
						<animation effect="fade" time="100" delay="300">Focus</animation>
						<visible>Control.HasFocus(950)</visible>
					</control>
				</focusedlayout>
				<content limit="12">special://skin/extras/playlists/music/UnplayedAlbums.xsp</content>
			</control>
			<control type="group"><!-- Markers for control area items -->
				<visible>$EXP[isSong]</visible>
				<include content="page-offscreen-horizontal">
					<param name="indicator1left" value="30"/>
					<param name="indicator1top" value="873"/>
					<param name="indicator2left" value="1866"/>
					<param name="indicator2top" value="873"/>
					<param name="indicatorsize" value="24"/>
					<param name="indicatorcontainer" value="950"/>
				</include>
			</control>
		</control>
		<!-- Play bump sound if user tries to leave button bar by undefined direction -->
		<include content="illegal-action">
			<param name="controlid" value="1005" />
			<param name="returnid" value="999" />
		</include>
		<!-- Play bump sound if user tries to leave discography/track widget by undefined direction -->
		<include content="illegal-action">
			<param name="controlid" value="1010" />
			<param name="returnid" value="50" />
		</include>
		<!-- Play bump sound if user tries to leave suggestions widget by undefined direction -->
		<include content="illegal-action">
			<param name="controlid" value="1015" />
			<param name="returnid" value="950" />
		</include>
		<!-- Play bump sound if user tries to leave song description scrollbar by undefined direction -->
		<include content="illegal-action">
			<param name="controlid" value="1020" />
			<param name="returnid" value="1323" />
		</include>
		<!-- Play bump sound if user tries to leave artist description scrollbar by undefined direction -->
		<include content="illegal-action">
			<param name="controlid" value="1025" />
			<param name="returnid" value="1423" />
		</include>
		<!-- Play bump sound if user tries to leave album description scrollbar by undefined direction -->
		<include content="illegal-action">
			<param name="controlid" value="1030" />
			<param name="returnid" value="1523" />
		</include>
		<!-- Show a iOS style page indicator to show which focus group has the current focus -->
		<!-- Focus group can be hidden or shown but is potentially focusable, that is it has not be disabled -->
		<control type="group">
			<visible>$EXP[isSong]</visible>
			<include content="page-indicator">
				<param name="indicatorleft" value="0" />
				<param name="indicatortop" value="500" />
				<param name="indicatorwidth" value="48" />
				<param name="indicatorheight" value="192" />
				<param name="indicatororientation" value="vertical" />
				<param name="grp1indicate" value="Control.HasFocus(1323)" />
				<param name="grp1visible" value="$EXP[isnotAlwaysScrollbar]+Integer.IsGreater(Container(1322).NumPages,1)" />
				<param name="grp2indicate" value="[ControlGroup(999).HasFocus()|Control.HasFocus(3550)]" />
				<param name="grp2visible" value="Integer.IsGreater(Container(950).NumItems,0)|[$EXP[isnotAlwaysScrollbar]+Integer.IsGreater(Container(1322).NumPages,1)]" />
				<param name="grp3indicate" value="Control.HasFocus(950)" />
				<param name="grp3visible" value="Integer.IsGreater(Container(950).NumItems,0)" />
			</include>
		</control>
		<control type="group">
			<visible>$EXP[isArtist]</visible>
			<include content="page-indicator">
				<param name="indicatorleft" value="0" />
				<param name="indicatortop" value="500" />
				<param name="indicatorwidth" value="48" />
				<param name="indicatorheight" value="192" />
				<param name="indicatororientation" value="vertical" />
				<param name="grp1indicate" value="Control.HasFocus(1423)" />
				<param name="grp1visible" value="$EXP[isnotAlwaysScrollbar]+Integer.IsGreater(Container(1422).NumPages,1)" />
				<param name="grp2indicate" value="ControlGroup(999).HasFocus()|Control.HasFocus(3550)" />
				<param name="grp2visible" value="Integer.IsGreater(Container(50).NumItems,0)|[$EXP[isnotAlwaysScrollbar]+Integer.IsGreater(Container(1422).NumPages,1)]" />
				<param name="grp3indicate" value="Control.HasFocus(50)" />
				<param name="grp3visible" value="Integer.IsGreater(Container(50).NumItems,0)" />
			</include>
		</control>
		<control type="group">
			<visible>$EXP[isAlbum]</visible>
			<include content="page-indicator">
				<param name="indicatorleft" value="0" />
				<param name="indicatortop" value="500" />
				<param name="indicatorwidth" value="48" />
				<param name="indicatorheight" value="192" />
				<param name="indicatororientation" value="vertical" />
				<param name="grp1indicate" value="Control.HasFocus(1523)" />
				<param name="grp1visible" value="$EXP[isnotAlwaysScrollbar]+Integer.IsGreater(Container(1522).NumPages,1)" />
				<param name="grp2indicate" value="ControlGroup(999).HasFocus()|Control.HasFocus(3550)" />
				<param name="grp2visible" value="Integer.IsGreater(Container(50).NumItems,0)|[$EXP[isnotAlwaysScrollbar]+Integer.IsGreater(Container(1522).NumPages,1)]" />
				<param name="grp3indicate" value="Control.HasFocus(50)" />
				<param name="grp3visible" value="Integer.IsGreater(Container(50).NumItems,0)" />
			</include>
		</control>
	</controls>
</window>