<?xml version="1.0" encoding="UTF-8"?>
<window>
	<defaultcontrol always="true">602</defaultcontrol>
	<controls>
		<control type="image">
			<left>45</left>
			<top>830</top>
			<width>1830</width>
			<height>6</height>
			<texture>separator.png</texture>
		</control>
		<control type="button"><!-- Touch Close button -->
			<left>1830</left>
			<top>840</top>
			<width>48</width>
			<height>48</height>
			<texturefocus>touch-close.png</texturefocus>
			<texturenofocus>touch-close.png</texturenofocus>
			<onclick>Action(close)</onclick>
			<visible>$EXP[isEnabledTouch]</visible>
		</control>	
		<control type="group">
			<bottom>40</bottom>
			<height>150</height>
			<animation effect="fade" time="200">VisibleChange</animation>
			<control type="group" id="200">
				<control type="group">
					<left>20</left>
					<width>600</width>
					<control type="label">
						<top>12</top>
						<height>20</height>
						<align>center</align>
						<aligny>center</aligny>
						<label>$LOCALIZE[19325]</label><!-- Programme -->
						<font>apptv23</font>
					</control>
					<control type="grouplist" id="201">
						<top>54</top>
						<height>135</height>
						<align>center</align>
						<itemgap>20</itemgap>
						<scrolltime tween="sine">200</scrolltime>
						<orientation>horizontal</orientation>
						<onleft>70045</onleft>
						<onright>70040</onright>
						<control type="button" id="600"><!-- First programme -->
							<width>64</width>
							<height>64</height>
							<texturefocus>osd-btn-skipback-focus.png</texturefocus>
							<texturenofocus>osd-btn-skipback.png</texturenofocus>
							<onclick>PVR.EpgGridControl(FirstProgramme)</onclick>
							<include>focus-zoom</include>
						</control>
						<control type="button" id="601"><!-- Back 12 hours -->
							<width>64</width>
							<height>64</height>
							<texturefocus>osd-btn-back12-focus.png</texturefocus>
							<texturenofocus>osd-btn-back12.png</texturenofocus>
							<onclick>PVR.EpgGridControl(-12)</onclick>
							<include>focus-zoom</include>
						</control>
						<control type="button" id="602"><!-- Current programme -->
							<width>64</width>
							<height>64</height>
							<texturefocus>osd-btn-play-focus.png</texturefocus>
							<texturenofocus>osd-btn-play.png</texturenofocus>
							<onclick>PVR.EpgGridControl(CurrentProgramme)</onclick>
							<include>focus-zoom</include>
						</control>
						<control type="button" id="603"><!-- Forward 12 hours -->
							<width>64</width>
							<height>64</height>
							<texturefocus>osd-btn-fwd12-focus.png</texturefocus>
							<texturenofocus>osd-btn-fwd12.png</texturenofocus>
							<onclick>PVR.EpgGridControl(+12)</onclick>
							<include>focus-zoom</include>
						</control>
						<control type="button" id="604"><!-- Last Programme -->
							<width>64</width>
							<height>64</height>
							<texturefocus>osd-btn-skipfwd-focus.png</texturefocus>
							<texturenofocus>osd-btn-skipfwd.png</texturenofocus>
							<onclick>PVR.EpgGridControl(LastProgramme)</onclick>
							<include>focus-zoom</include>
						</control>
						<control type="button" id="605"><!-- Select Date -->
							<width>64</width>
							<height>64</height>
							<texturefocus>osd-btn-calendar-focus.png</texturefocus>
							<texturenofocus>osd-btn-calendar.png</texturenofocus>
							<onclick>PVR.EpgGridControl(SelectDate)</onclick>
							<include>focus-zoom</include>
						</control>
					</control>
				</control>
				<control type="group">
					<right>370</right>
					<width>300</width>
					<control type="label">
						<top>12</top>
						<height>20</height>
						<align>center</align>
						<aligny>center</aligny>
						<label>$LOCALIZE[19148]</label><!-- Channel -->
						<font>apptv23</font>
					</control>
					<control type="grouplist" id="202">
						<top>54</top>
						<height>135</height>
						<align>center</align>
						<itemgap>20</itemgap>
						<scrolltime tween="sine">200</scrolltime>
						<orientation>horizontal</orientation>
						<onleft>605</onleft>
						<onright>70043</onright>
						<control type="button" id="70040"><!-- First channel -->
							<width>64</width>
							<height>64</height>
							<texturefocus>osd-btn-skipback-focus.png</texturefocus>
							<texturenofocus>osd-btn-skipback.png</texturenofocus>
							<onclick>PVR.EpgGridControl(FirstChannel)</onclick>
							<include>focus-zoom</include>
						</control>
						<control type="button" id="70041"><!-- Current programme -->
							<width>64</width>
							<height>64</height>
							<texturefocus>osd-btn-play-focus.png</texturefocus>
							<texturenofocus>osd-btn-play.png</texturenofocus>
							<onclick>PVR.EpgGridControl(PlayingChannel)</onclick>
							<visible>PVR.IsPlayingTV | PVR.IsPlayingRadio</visible>
							<include>focus-zoom</include>
						</control>	
						<control type="button" id="70042"><!-- Last channel -->
							<width>64</width>
							<height>64</height>
							<texturefocus>osd-btn-skipfwd-focus.png</texturefocus>
							<texturenofocus>osd-btn-skipfwd.png</texturenofocus>
							<onclick>PVR.EpgGridControl(LastChannel)</onclick>
							<include>focus-zoom</include>
						</control>
					</control>
				</control>
				<control type="group">
					<right>20</right>
					<width>300</width>
					<control type="label">
						<top>12</top>
						<height>20</height>
						<align>center</align>
						<aligny>center</aligny>
						<label>$LOCALIZE[19141]</label><!-- Group -->
						<font>apptv23</font>
					</control>
					<control type="grouplist" id="203">
						<top>54</top>
						<height>135</height>
						<align>center</align>
						<itemgap>20</itemgap>
						<scrolltime tween="sine">200</scrolltime>
						<orientation>horizontal</orientation>
						<onleft>70042</onleft>
						<onright>600</onright>
						<control type="button" id="70043"><!-- Previous group -->
							<width>64</width>
							<height>64</height>
							<texturefocus>osd-btn-rewind-focus.png</texturefocus>
							<texturenofocus>osd-btn-rewind.png</texturenofocus>
							<onclick>PVR.EpgGridControl(PreviousGroup)</onclick>
							<include>focus-zoom</include>
						</control>
						<control type="button" id="70044"><!-- Next group -->
							<width>64</width>
							<height>64</height>
							<texturefocus>osd-btn-fastfwd-focus.png</texturefocus>
							<texturenofocus>osd-btn-fastfwd.png</texturenofocus>
							<onclick>PVR.EpgGridControl(NextGroup)</onclick>
							<include>focus-zoom</include>
						</control>
						<control type="button" id="70045"><!-- Select group -->
							<width>64</width>
							<height>64</height>
							<texturefocus>osd-btn-playlist-focus.png</texturefocus>
							<texturenofocus>osd-btn-playlist.png</texturenofocus>
							<onclick>PVR.EpgGridControl(SelectGroup)</onclick>
							<include>focus-zoom</include>
						</control>
					</control>
				</control>
			</control>
		</control>
	</controls>
</window>
