<?xml version="1.0" encoding="UTF-8"?>
<window>
	<defaultcontrol>10</defaultcontrol>
	<controls>
		<include>fadebackground</include>
		<control type="image"><!-- Dialog background -->
			<left>266</left>
			<top>280</top>
			<width>1380</width>
			<height>627</height>
			<texture border="14">button-menu-background.png</texture>
		</control>
		<control type="label" id="2"><!-- Heading -->
			<left>320</left>
			<top>296</top>
			<width>1272</width>
			<height>69</height>
			<align>center</align>
			<font>apptv23</font>
		</control>
		<control type="image">
			<left>316</left>
			<top>352</top>
			<width>1272</width>
			<height>6</height>
			<texture>separator.png</texture>
		</control>
		<control type="label"><!-- Path heading -->
			<left>320</left>
			<top>356</top>
			<width>1272</width>
			<height>69</height>
			<font>apptv23</font>
			<label>$LOCALIZE[1021]</label>
		</control>
		<control type="list" id="10">
			<left>320</left>
			<top>420</top>
			<width>849</width>
			<height>207</height>
			<onright>11</onright>
			<ondown>12</ondown>
			<itemlayout height="69">
				<control type="image">
					<left>0</left>
					<top>0</top>
					<width>849</width>
					<height>69</height>
					<texture border="9">button-default.png</texture>
				</control>
				<control type="label">
					<left>18</left>
					<top>0</top>
					<width>813</width>
					<height>69</height>
					<font>apptv23</font>
					<selectedcolor>listselected-text</selectedcolor>
					<label>$INFO[ListItem.Label]</label>
				</control>
			</itemlayout>
			<focusedlayout height="69">
				<control type="image">
					<left>0</left>
					<top>0</top>
					<width>849</width>
					<height>69</height>
					<texture border="9">button-default-focus.png</texture>
					<animation condition="!Control.HasFocus(10)" effect="fade" start="100" end="60">Conditional</animation>
				</control>
				<control type="label">
					<left>18</left>
					<top>0</top>
					<width>813</width>
					<height>69</height>
					<font>apptv23</font>
					<selectedcolor>listselected-text</selectedcolor>
					<label>$INFO[ListItem.Label]</label>
				</control>
			</focusedlayout>
		</control>
		<control type="group">
			<control type="button" id="11"><!-- Browse -->
				<left>1174</left>
				<top>420</top>
				<width>420</width>
				<height>69</height>
				<font>apptv23</font>
				<textoffsetx>18</textoffsetx>
				<label>$LOCALIZE[1024]</label>
				<align>center</align>
				<onleft>10</onleft>
				<ondown>13</ondown>
			</control>
			<control type="button" id="13"><!-- Add path -->
				<left>1174</left>
				<top>489</top>
				<width>420</width>
				<height>69</height>
				<font>apptv23</font>
				<textoffsetx>18</textoffsetx>
				<label>$LOCALIZE[15019]</label>
				<align>center</align>
				<onup>11</onup>
				<onleft>10</onleft>
				<ondown>14</ondown>
			</control>
			<control type="button" id="14"><!-- Remove path -->
				<left>1174</left>
				<top>558</top>
				<width>420</width>
				<height>69</height>
				<font>apptv23</font>
				<textoffsetx>18</textoffsetx>
				<label>$LOCALIZE[1210]</label>
				<align>center</align>
				<onup>13</onup>
				<onleft>10</onleft>
				<ondown>12</ondown>
			</control>
		</control>
		<control type="label"><!-- Name heading -->
			<left>320</left>
			<top>645</top>
			<width>1114</width>
			<height>69</height>
			<font>apptv23</font>
			<label>$LOCALIZE[1022]</label>
		</control>
		<control type="edit" id="12"><!-- Name -->
			<left>320</left>
			<top>716</top>
			<width>849</width>
			<height>69</height>
			<font>apptv23</font>
			<textoffsetx>18</textoffsetx>
			<textwidth>750</textwidth>
			<align>left</align>
			<onup>10</onup>
			<onleft>12</onleft>
			<onright>12</onright>
			<ondown>900</ondown>
		</control>
		<control type="grouplist" id="900">
			<left>320</left>
			<top>788</top>
			<width>849</width>
			<height>69</height>
			<itemgap>9</itemgap>
			<orientation>horizontal</orientation>
			<onup>12</onup>
			<onleft>900</onleft>
			<onright>900</onright>
			<control type="button" id="18"><!-- OK -->
				<width>420</width>
				<height>69</height>
				<font>apptv23</font>
				<textoffsetx>18</textoffsetx>
				<align>center</align>
				<label>$LOCALIZE[186]</label>
			</control>
			<control type="button" id="19"><!-- Cancel -->
				<width>420</width>
				<height>69</height>
				<font>apptv23</font>
				<textoffsetx>18</textoffsetx>
				<align>center</align>
				<label>$LOCALIZE[222]</label>
			</control>
		</control>
	</controls>
</window>