<?xml version="1.0" encoding="UTF-8"?>
<window>
	<onload>RunScript(script.embuary.helper,action=resetposition,container=50||950,only=inactive)</onload>
	<defaultcontrol always="true">999</defaultcontrol>
	<controls>
		<include>background</include>
		<include>fullscreendummy</include>
		<control type="label">
			<left>15</left>
			<top>52</top>
			<width>450</width>
			<height>108</height>
			<label>$INFO[Window(movieinformation).Property(ContentType)]</label>
			<aligny>top</aligny>
		</control>
		<control type="image" id="7018"><!-- Show logo -->
			<left>510</left>
			<top>18</top>
			<width>399</width>
			<height>111</height>
			<texture>$VAR[VideoLogo]</texture>
			<align>center</align>
			<aligny>bottom</aligny>
			<aspectratio align="left">keep</aspectratio>
			<animation effect="fade" delay="100" start="0" end="100" time="200">Visible</animation>
		</control>
		<control type="label"><!-- Title -->
			<left>510</left>
			<top>18</top>
			<width>1140</width>
			<height>108</height>
			<font>apptv30</font>
			<wrapmultiline>true</wrapmultiline>
			<aligny>center</aligny>
			<label>$INFO[ListItem.Label]</label>
			<visible>String.IsEmpty(Control.GetLabel(7018)) + String.IsEmpty(ListItem.TVShowTitle)</visible>
		</control>
		<control type="label"><!-- TVShow Title -->
			<left>510</left>
			<top>18</top>
			<width>1140</width>
			<height>108</height>
			<font>apptv30</font>
			<wrapmultiline>true</wrapmultiline>
			<aligny>center</aligny>
			<label>$INFO[ListItem.TVShowTitle]</label>
			<visible>String.IsEmpty(Control.GetLabel(7018))</visible>
		</control>
		<control type="image"><!-- Classification Rating (quick way) -->
			<left>1796</left>
			<top>56</top>
			<width>64</width>
			<height>64</height>
			<align>right</align>
			<aligny>bottom</aligny>
			<texture fallback="resource://resource.images.classificationicons.colour/Check Classification.png">$VAR[MPAARatingIcons]</texture>
			<aspectratio>keep</aspectratio>
			<visible>!$EXP[isMusicvideo] + !$EXP[isSet]</visible>
		</control>
		<control type="label"><!-- Studio -->
			<left>510</left>
			<top>126</top>
			<width>1140</width>
			<height>33</height>
			<font>apptv22</font>
			<textcolor>disabled-text</textcolor>
			<shadowcolor>shadow-text</shadowcolor>
			<label>$INFO[ListItem.Studio]</label>
		</control>
		<control type="image">
			<left>510</left>
			<top>162</top>
			<width>1350</width>
			<height>6</height>
			<texture>separator.png</texture>
		</control>
		<control type="textbox" id="1122"><!-- Plot -->
			<left>510</left>
			<top>165</top>
			<width>1350</width>
			<height>180</height>
			<label>$VAR[VideoInfoPlot]</label>
			<font>apptv20</font>
			<align>justify</align>
			<pagecontrol>1123</pagecontrol>
		</control>
		<control type="scrollbar" id="1123">
			<left>1874</left>
			<top>165</top>
			<width>18</width>
			<height>183</height>
			<onup>1123</onup>
			<onright>1123</onright>
			<onleft>999</onleft>
			<ondown>999</ondown>
			<animation condition="!Control.HasFocus(1123) + $EXP[isnotAlwaysScrollbar]" effect="fade" start="100" end="0" time="200" reversible="true">Conditional</animation>
		</control>
		<control type="image">
			<left>510</left>
			<top>348</top>
			<width>1350</width>
			<height>6</height>
			<texture>separator.png</texture>
		</control>
		<control type="group">
			<control type="image"><!-- Video cover-->
				<left>82</left>
				<top>120</top>
				<width>345</width>
				<height>534</height>
				<aspectratio scalediffuse="true">keep</aspectratio>
				<texture background="true" diffuse="mask-rect.png">$VAR[IconPoster]</texture>
				<visible>$EXP[isMovie] | $EXP[isTvshow] | $EXP[isSeason] | $EXP[isSet]</visible>
			</control>
			<control type="image">
				<left>82</left>
				<top>120</top>
				<width>345</width>
				<height>345</height>
				<aspectratio scalediffuse="true">keep</aspectratio>
				<texture background="true" diffuse="mask-squ.png">$VAR[IconPoster]</texture>
				<visible>$EXP[isEpisode] | $EXP[isMusicvideo]</visible>
			</control>
			<control type="image"><!-- Star Rating Dropshadow-->
				<left>174</left>
				<top>662</top>
				<width>135</width>
				<height>27</height>
				<texture>$VAR[MediaRating]</texture>
				<colordiffuse>DropShadow</colordiffuse>
				<aspectratio>keep</aspectratio>
			</control>
			<control type="image"><!-- Star Rating -->
				<left>172</left>
				<top>660</top>
				<width>135</width>
				<height>27</height>
				<texture>$VAR[MediaRating]</texture>
				<aspectratio>keep</aspectratio>
			</control>
		</control>
		<control type="label"><!-- Details heading -->
			<left>510</left>
			<top>360</top>
			<width>480</width>
			<height>33</height>
			<label>$LOCALIZE[31135]</label>
			<font>apptv22</font>
			<textcolor>disabled-text</textcolor>
			<shadowcolor>shadow-text</shadowcolor>
		</control>
		<control type="textbox"><!-- Genre -->
			<left>510</left>
			<top>392</top>
			<width>480</width>
			<height>74</height>
			<label>$INFO[ListItem.Genre]</label>
			<font>apptv20</font>
		</control>
		<control type="label"><!-- Year released -->
			<left>510</left>
			<top>472</top>
			<width>480</width>
			<height>30</height>
			<font>apptv20</font>
			<label>$LOCALIZE[172] $INFO[ListItem.Year]</label>
			<visible>$EXP[isMovie] | $EXP[isSet]</visible>
		</control>
		<control type="label"><!-- Premiered -->
			<left>510</left>
			<top>472</top>
			<width>480</width>
			<height>30</height>
			<label>$INFO[ListItem.Premiered,$LOCALIZE[20416] ,]</label>
			<font>apptv20</font>
			<visible>$EXP[isTvshow] | $EXP[isEpisode] | $EXP[isMusicvideo]</visible>
		</control>
		<control type="label"><!-- Duration -->
			<left>510</left>
			<top>510</top>
			<width>480</width>
			<height>30</height>
			<font>apptv20</font>
			<label>$LOCALIZE[31133] $VAR[ListitemDuration]</label>
			<visible>[$EXP[isMovie] | $EXP[isEpisode] | $EXP[isMusicvideo]]</visible>
		</control>
		<control type="group">
			<visible>$EXP[isTvshow] | $EXP[isSeason]</visible>
			<control type="label"><!-- Total Seasons -->
				<left>510</left>
				<top>510</top>
				<width>480</width>
				<height>30</height>
				<label>$INFO[ListItem.Property(TotalSeasons),$LOCALIZE[33054] ,]</label>
				<font>apptv20</font>
				<visible>$EXP[isTvshow]</visible>
			</control>
			<control type="label"><!-- Current TVShow Name -->
				<left>510</left>
				<top>510</top>
				<width>480</width>
				<height>30</height>
				<label>$INFO[ListItem.Label]</label>
				<font>apptv20</font>
				<visible>$EXP[isSeason]</visible>
			</control>
			<control type="label">
				<left>510</left>
				<top>548</top>
				<width>480</width>
				<height>30</height>
				<label>$INFO[ListItem.Property(TotalEpisodes),$LOCALIZE[20360] ][COLOR=grey]$INFO[ListItem.Property(UnWatchedEpisodes), (, $LOCALIZE[16101])][/COLOR]</label>
				<font>apptv20</font>
			</control>
		</control>
		<control type="grouplist"><!-- Media flags -->
			<left>507</left>
			<top>546</top>
			<width>435</width>
			<height>45</height>
			<align>left</align>
			<orientation>horizontal</orientation>
			<itemgap>-6</itemgap>
			<visible>[$EXP[isMovie] | $EXP[isEpisode] | $EXP[isMusicvideo]]</visible>
			<control type="image" id="171"><!-- Audio codec -->
				<width>60</width>
				<height>45</height>
				<texture background="true">$INFO[Listitem.AudioCodec,special://skin/extras/images/audio/,.png]</texture>
				<visible>!String.IsEqual(Control.GetLabel(161),blank.png)</visible>
			</control>
			<control type="image" id="172"><!-- Video codec -->
				<width>60</width>
				<height>45</height>
				<texture background="true">$INFO[Listitem.VideoCodec,special://skin/extras/images/video/,.png]</texture>
				<visible>!String.IsEqual(Control.GetLabel(162),blank.png)</visible>
			</control>
			<control type="image" id="173"><!-- Video aspect ratio -->
				<width>60</width>
				<height>45</height>
				<texture background="true">$INFO[ListItem.VideoAspect,special://skin/extras/images/aspectratio/,.png]</texture>
				<visible>!String.IsEqual(Control.GetLabel(163),blank.png)</visible>
			</control>
			<control type="image" id="174"><!-- Video resolution -->
				<width>60</width>
				<height>45</height>
				<texture background="true">$INFO[Listitem.VideoResolution,special://skin/extras/images/resolution/,.png]</texture>
				<visible>!String.IsEqual(Control.GetLabel(164),blank.png)</visible>
			</control>
			<!-- Hack to check if media flag image is available -->
			<control type="image" id="161">
				<width>1</width>
				<height>45</height>
				<colordiffuse>HideControl</colordiffuse>
				<texture background="true" fallback="blank.png">$INFO[Listitem.AudioCodec,special://skin/extras/images/audio/,.png]</texture>
			</control>
			<control type="image" id="162">
				<width>1</width>
				<height>45</height>
				<colordiffuse>HideControl</colordiffuse>
				<texture background="true" fallback="blank.png">$INFO[Listitem.VideoCodec,special://skin/extras/images/video/,.png]</texture>
			</control>
			<control type="image" id="163">
				<width>1</width>
				<height>45</height>
				<texture background="true" fallback="blank.png">$INFO[ListItem.VideoAspect,special://skin/extras/images/aspectratio/,.png]</texture>
				<colordiffuse>HideControl</colordiffuse>
			</control>
			<control type="image" id="164">
				<width>1</width>
				<height>45</height>
				<colordiffuse>HideControl</colordiffuse>
				<texture background="true" fallback="blank.png">$INFO[Listitem.VideoResolution,special://skin/extras/images/resolution/,.png]</texture>
			</control>
		</control>
		<control type="group">
			<visible>$EXP[isMovie] | $EXP[isEpisode] | $EXP[isMusicvideo] + Integer.IsGreater(Container(50).Numitems,0)</visible>
			<control type="label">
				<left>1012</left>
				<top>360</top>
				<width>435</width>
				<height>33</height>
				<label>$LOCALIZE[31132]</label>
				<font>apptv22</font>
				<textcolor>disabled-text</textcolor>
				<shadowcolor>shadow-text</shadowcolor>
				<visible>[$EXP[isMovie] | $EXP[isEpisode]]</visible>
			</control>
			<control type="label">
				<left>1012</left>
				<top>360</top>
				<width>435</width>
				<height>33</height>
				<label>$LOCALIZE[133]</label>
				<font>apptv22</font>
				<textcolor>disabled-text</textcolor>
				<shadowcolor>shadow-text</shadowcolor>
				<visible>$EXP[isMusicvideo]</visible>
			</control>
			<control type="label"><!-- Actor 1 -->
				<left>1012</left>
				<top>398</top>
				<width>428</width>
				<height>30</height>
				<label>$INFO[Container(50).ListItemAbsolute(0).Label]</label>
				<font>apptv20</font>
			</control>
			<control type="label"><!-- Actor 2 -->
				<left>1012</left>
				<top>435</top>
				<width>428</width>
				<height>30</height>
				<font>apptv20</font>
				<label>$INFO[Container(50).ListItemAbsolute(1).Label]</label>
			</control>
			<control type="label"><!-- Actor 3 -->
				<left>1012</left>
				<top>472</top>
				<width>428</width>
				<height>30</height>
				<label>$INFO[Container(50).ListItemAbsolute(2).Label]</label>
				<font>apptv20</font>
			</control>
			<control type="label"><!-- Actor 4 -->
				<left>1012</left>
				<top>510</top>
				<width>428</width>
				<height>30</height>
				<font>apptv20</font>
				<label>$INFO[Container(50).ListItemAbsolute(3).Label]</label>
			</control>
			<control type="label"><!-- Actor 5 -->
				<left>1012</left>
				<top>548</top>
				<width>428</width>
				<height>30</height>
				<font>apptv20</font>
				<label>$INFO[Container(50).ListItemAbsolute(4).Label]</label>
			</control>
		</control>
		<control type="group">
			<visible>$EXP[isMovie] | $EXP[isEpisode] | $EXP[isMusicvideo] | $EXP[isSet]</visible>
			<control type="label"><!-- Director heading-->
				<left>1455</left>
				<top>360</top>
				<width>408</width>
				<height>33</height>
				<label>$LOCALIZE[31130]</label>
				<font>apptv22</font>
				<textcolor>disabled-text</textcolor>
				<shadowcolor>shadow-text</shadowcolor>
				<visible>!String.IsEmpty(ListItem.Director)</visible>
			</control>
			<control type="label">
				<left>1455</left>
				<top>398</top>
				<width>408</width>
				<height>63</height>
				<label>$INFO[ListItem.Director]</label>
				<font>apptv20</font>
				<wrapmultiline>true</wrapmultiline>
			</control>
			<control type="label"><!-- Writer heading-->
				<left>1455</left>
				<top>471</top>
				<width>408</width>
				<height>33</height>
				<label>$LOCALIZE[31131]</label>
				<font>apptv22</font>
				<textcolor>disabled-text</textcolor>
				<shadowcolor>shadow-text</shadowcolor>
				<visible>!String.IsEmpty(ListItem.Writer)</visible>
			</control>
			<control type="label">
				<left>1455</left>
				<top>507</top>
				<width>408</width>
				<height>63</height>
				<label>$INFO[ListItem.Writer]</label>
				<font>apptv20</font>
				<wrapmultiline>true</wrapmultiline>
			</control>
		</control>
		<control type="grouplist" id="999"><!-- Option buttons -->
			<defaultcontrol always="true">8</defaultcontrol>
			<left>540</left>
			<top>600</top>
			<width>1320</width>
			<height>144</height>
			<orientation>horizontal</orientation>
			<itemgap>22</itemgap>
			<align>center</align>
			<onleft>1005</onleft>
			<onright>1005</onright>
			<ondown condition="Control.IsVisible(50)">50</ondown>
			<ondown condition="Control.IsVisible(950)">950</ondown>
			<ondown condition="[!Control.IsVisible(50) + !Control.IsVisible(950)]">1005</ondown>
			<onup condition="Integer.IsGreater(Container(1122).NumPages,1)">1123</onup>
			<onup condition="Integer.IsLessOrEqual(Container(1122).NumPages,1)">1005</onup>
			<control type="button" id="5"><!-- Kodi Cast/Plot button replaced with id 905 -->
				<visible>false</visible>
			</control>
			<control type="togglebutton" id="8"><!-- Play/Browse button -->
				<include>info-options-common</include>
				<label>$LOCALIZE[208]</label>
				<altlabel>$LOCALIZE[1024]</altlabel>
				<texturefocus>button-info-play-focus.png</texturefocus>
				<texturenofocus>button-info-play.png</texturenofocus>
				<alttexturefocus>button-info-browse-focus.png</alttexturefocus>
				<alttexturenofocus>button-info-browse.png</alttexturenofocus>
				<usealttexture>$EXP[isTvshow] | $EXP[isSeason]</usealttexture>
				<visible>[$EXP[isMovie] | $EXP[isEpisode] | $EXP[isTvshow] | $EXP[isMusicvideo] | $EXP[isSet]]</visible>
			</control>
			<control type="button" id="11"><!-- Trailer button -->
				<include>info-options-common</include>
				<label>$LOCALIZE[20410]</label>
				<texturefocus>button-info-trailer-focus.png</texturefocus>
				<texturenofocus>button-info-trailer.png</texturenofocus>
				<enable>!String.IsEmpty(ListItem.Trailer)</enable>
				<visible>$EXP[isMovie]</visible>
			</control>
			<control type="button" id="1227"><!-- Special Features button -->
				<include>info-options-common</include>
				<label>$LOCALIZE[31891]</label>
				<texturefocus>button-info-extras-focus.png</texturefocus>
				<texturenofocus>button-info-extras.png</texturenofocus>
				<onclick>Dialog.Close(movieinformation)</onclick>
				<onclick>RunScript(plugin.video.specialfeatures,listitem)</onclick>
				<visible>String.IsEqual(Window(home).Property(SpecialFeatures.Visible),true)</visible>
			</control>
			<control type="togglebutton" id="905"><!-- Cast/suggest media button -->
				<include>info-options-common</include>
				<label>$LOCALIZE[31668]</label>
				<altlabel>$LOCALIZE[206]</altlabel>
				<texturefocus>button-info-video-focus.png</texturefocus>
				<texturenofocus>button-info-video.png</texturenofocus>
				<alttexturefocus>button-info-cast-focus.png</alttexturefocus>
				<alttexturenofocus>button-info-cast.png</alttexturenofocus>
				<usealttexture>!String.IsEqual(Control.GetLabel(5),$LOCALIZE[207])</usealttexture>
				<onclick>SendClick(5)</onclick>
				<altclick>SendClick(5)</altclick>
				<visible>!$EXP[isSet]</visible>
			</control>
			<control type="button" id="6"><!-- Refresh button -->
				<include>info-options-common</include>
				<label>$LOCALIZE[184]</label>
				<texturefocus>button-info-refresh-focus.png</texturefocus>
				<texturenofocus>button-info-refresh.png</texturenofocus>
				<visible>!$EXP[isSet]</visible>
			</control>
			<control type="button" id="1115"><!-- More options button -->
				<include>info-options-common</include>
				<label>$LOCALIZE[31693]</label>
				<texturefocus>button-info-more-focus.png</texturefocus>
				<texturenofocus>button-info-more.png</texturenofocus>
				<onclick>SetProperty(Dialog.1.Label,$LOCALIZE[31680])</onclick>
				<onclick>SetProperty(Dialog.1.BuiltIn,SendClick(movieinformation,10))</onclick>
				<onclick>SetProperty(Dialog.2.Label,$LOCALIZE[38023])</onclick>
				<onclick>SetProperty(Dialog.2.BuiltIn,SendClick(movieinformation,7))</onclick>
				<onclick condition="System.HasAddon(script.metadata.editor) + $EXP[isnotEmptyDBID]">SetProperty(Dialog.3.Label,$LOCALIZE[31689])</onclick>
				<onclick condition="System.HasAddon(script.metadata.editor) + $EXP[isnotEmptyDBID]">SetProperty(Dialog.3.BuiltIn,RunScript(script.metadata.editor,dbid=$INFO[ListItem.DBID],type=$INFO[ListItem.DBType]))</onclick>
				<onclick condition="System.HasAddon(script.libraryeditor) + !System.HasAddon(script.metadata.editor) + $EXP[isnotEmptyDBID]">SetProperty(Dialog.3.Label,$LOCALIZE[31689])</onclick>
				<onclick condition="System.HasAddon(script.libraryeditor) + !System.HasAddon(script.metadata.editor) + $EXP[isnotEmptyDBID]">SetProperty(Dialog.3.BuiltIn,RunScript(script.libraryeditor,DBID=$INFO[ListItem.DBID]))</onclick>
				<onclick>RunScript(script.embuary.helper,action=createselect,header=$LOCALIZE[31693])</onclick>
			</control>
		</control>
		<control type="label">
			<left>30</left>
			<top>732</top>
			<height>30</height>
			<width>450</width>
			<label>$VAR[VideoInfoWidgetTitle]</label>
			<font>apptv22</font>
			<align>right</align>
		</control>
		<control type="image">
			<left>510</left>
			<top>756</top>
			<width>1350</width>
			<height>6</height>
			<texture>separator.png</texture>
		</control>
		<control type="group">
			<visible>!Control.IsVisible(950)</visible>
			<control type="list" id="50"><!-- Cast -->
				<visible>[String.IsEqual(Control.GetLabel(5),$LOCALIZE[207]) + !$EXP[isSet]]</visible>
				<left>15</left>
				<top>772</top>
				<width>1890</width>
				<height>300</height>
				<onleft>1010</onleft>
				<onright>1010</onright>
				<ondown>1010</ondown>
				<onup>999</onup>
				<orientation>horizontal</orientation>
				<itemlayout width="315">
					<control type="image">
						<left>72</left>
						<top>0</top>
						<width>171</width>
						<height>222</height>
						<aspectratio scalediffuse="true">keep</aspectratio>
						<texture diffuse="mask-rect.png" fallback="DefaultUser.png" background="true">$INFO[ListItem.Art(thumb)]</texture>
					</control>
				</itemlayout>
				<focusedlayout width="315">
					<control type="image">
						<left>72</left>
						<top>0</top>
						<width>171</width>
						<height>222</height>
						<aspectratio scalediffuse="true">keep</aspectratio>
						<texture fallback="DefaultUser.png" diffuse="mask-rect.png" background="true">$INFO[ListItem.Art(thumb)]</texture>
						<animation effect="zoom" start="100" end="104" center="auto" time="200" tween="back" easing="out" reversible="false">focus</animation>
					</control>
					<control type="label">
						<left>0</left>
						<top>231</top>
						<height>30</height>
						<width>315</width>
						<label>$INFO[ListItem.Label]</label>
						<font>apptv20</font>
						<align>center</align>
						<animation effect="fade" time="100" delay="300">Focus</animation>
						<visible>Control.HasFocus(50)</visible>
					</control>
					<control type="label">
						<left>0</left>
						<top>267</top>
						<height>30</height>
						<width>315</width>
						<label>$INFO[ListItem.Label2]</label>
						<font>apptv20</font>
						<align>center</align>
						<animation effect="fade" time="100" delay="300">Focus</animation>
						<visible>Control.HasFocus(50)</visible>
					</control>
				</focusedlayout>
			</control>
		</control>
		<control type="group">
			<!-- Markers for control area items -->
			<include content="page-offscreen-horizontal">
				<param name="indicator1left" value="30"/>
				<param name="indicator1top" value="873"/>
				<param name="indicator2left" value="1866"/>
				<param name="indicator2top" value="873"/>
				<param name="indicatorsize" value="24"/>
				<param name="indicatorcontainer" value="50"/>
			</include>
		</control>
		<control type="group">
			<visible>!$EXP[isMusicvideo]</visible>
			<control type="list" id="950"><!-- Interesting media -->
				<visible>!Control.IsVisible(50) | $EXP[isSet]</visible>
				<left>15</left>
				<top>776</top>
				<width>1890</width>
				<height>312</height>
				<onleft>1015</onleft>
				<onright>1015</onright>
				<ondown>1015</ondown>
				<onup>999</onup>
				<orientation>horizontal</orientation>
				<itemlayout width="315">
					<control type="image">
						<left>72</left>
						<top>0</top>
						<width>171</width>
						<height>222</height>
						<aspectratio scalediffuse="true">keep</aspectratio>
						<texture diffuse="mask-rect.png" background="true">$VAR[IconPoster]</texture>
					</control>
				</itemlayout>
				<focusedlayout width="315">
					<control type="image">
						<left>72</left>
						<top>0</top>
						<width>171</width>
						<height>222</height>
						<aspectratio scalediffuse="true">keep</aspectratio>
						<texture diffuse="mask-rect.png" background="true">$VAR[IconPoster]</texture>
						<animation effect="zoom" start="100" end="104" center="auto" time="200" tween="back" easing="out" reversible="false">focus</animation>
					</control>
					<control type="textbox">
						<left>0</left>
						<top>222</top>
						<width>315</width>
						<height>74</height>
						<label>$INFO[ListItem.Label]</label>
						<font>apptv20</font>
						<align>center</align>
						<animation effect="fade" time="100" delay="300">Focus</animation>
						<visible>Control.HasFocus(950)</visible>
					</control>
				</focusedlayout>
				<content target="video" limit="30">$VAR[VideoInfoWidget]</content>
			</control>
		</control>
		<control type="group">
			<!-- Markers for control area items -->
			<include content="page-offscreen-horizontal">
				<param name="indicator1left" value="30"/>
				<param name="indicator1top" value="873"/>
				<param name="indicator2left" value="1866"/>
				<param name="indicator2top" value="873"/>
				<param name="indicatorsize" value="24"/>
				<param name="indicatorcontainer" value="950"/>
			</include>
		</control>
		<!-- Play bump sound if user tries to leave button bar by undefined direction -->
		<include content="illegal-action">
			<param name="controlid" value="1005" />
			<param name="returnid" value="999" />
		</include>
		<!-- Play bump sound if user tries to leave cast widget by undefined direction -->
		<include content="illegal-action">
			<param name="controlid" value="1010" />
			<param name="returnid" value="50" />
		</include>
		<!-- Play bump sound if user tries to leave videos widget by undefined direction -->
		<include content="illegal-action">
			<param name="controlid" value="1015" />
			<param name="returnid" value="950" />
		</include>
		<!-- Show a iOS style page indicator to show which focus group has the current focus -->
		<!-- Focus group can be hidden or shown but is potentially focusable, that is it has not be disabled -->
		<control type="group">
			<include content="page-indicator">
				<param name="indicatorleft" value="0" />
				<param name="indicatortop" value="444" />
				<param name="indicatorwidth" value="48" />
				<param name="indicatorheight" value="192" />
				<param name="indicatororientation" value="vertical" />
				<param name="grp1indicate" value="Control.HasFocus(1123)" />
				<param name="grp1visible" value="$EXP[isnotAlwaysScrollbar]+Integer.IsGreater(Container(1122).NumPages,1)" />
				<param name="grp2indicate" value="ControlGroup(999).HasFocus()|Control.HasFocus(3550)" />
				<param name="grp2visible" value="Integer.IsGreater(Container(950).NumItems,0)|Integer.IsGreater(Container(952).NumItems,0)|[$EXP[isnotAlwaysScrollbar]+Integer.IsGreater(Container(1522).NumPages,1)]" />
				<param name="grp3indicate" value="Control.HasFocus(950)" />
				<param name="grp3visible" value="[Integer.IsGreater(Container(950).NumItems,0)+Control.IsVisible(950)]" />
			</include>
		</control>
	</controls>
</window>