<?xml version="1.0" encoding="UTF-8"?>
<window>
	<defaultcontrol always="true">11</defaultcontrol>
	<controls>
		<include>fadebackground</include>
		<control type="group">
			<control type="image">
				<left>600</left>
				<top>45</top>
				<width>720</width>
				<height>940</height>
				<texture border="14">button-menu-background.png</texture>
			</control>
			<control type="button">
				<left>1290</left>
				<top>28</top>
				<width>48</width>
				<height>48</height>
				<texturefocus>touch-close.png</texturefocus>
				<texturenofocus>touch-close.png</texturenofocus>
				<onclick>Close</onclick>
				<visible>$EXP[isEnabledTouch]</visible>
			</control>
			<control type="grouplist">
				<left>630</left>
				<top>68</top>
				<width>665</width>
				<height>40</height>
				<align>center</align>
				<orientation>horizontal</orientation>
				<control type="label"><!-- Screen heading -->
					<width max="550">auto</width>
					<height>40</height>
					<label>$LOCALIZE[19222] - $INFO[VideoPlayer.ChannelName]</label>
					<font>apptv23</font>
					<wrapmultiline>true</wrapmultiline>
					<aligny>top</aligny>
				</control>
				<control type="label"><!-- Number of files -->
					<top>21</top>
					<width max="95">auto</width>
					<height>37</height>
					<label>$INFO[Container(11).NumItems,(,)]</label>
					<font>apptv23</font>
				</control>
			</control>
			<control type="label"><!-- Selected items date -->
				<left>630</left>
				<top>114</top>
				<width>665</width>
				<height>45</height>
				<font>apptv22</font>
				<label>$INFO[Container(11).ListItem.StartDate]</label>
				<align>center</align>
			</control>
			<control type="image">
				<left>628</left>
				<top>164</top>
				<width>666</width>
				<height>6</height>
				<texture>separator.png</texture>
			</control>
			<control type="list" id="11">
				<left>628</left>
				<top>184</top>
				<width>634</width>
				<height>768</height>
				<onright condition="![$EXP[isEnabledScrollbar]]">noop</onright>
				<onright condition="$EXP[isEnabledScrollbar]">60</onright>
				<onup>11</onup>
				<ondown>11</ondown>
				<viewtype label="535">list</viewtype>
				<pagecontrol>60</pagecontrol>
				<itemlayout height="64">
					<control type="image">
						<left>0</left>
						<top>0</top>
						<width>634</width>
						<height>64</height>
						<texture border="9">button-default.png</texture>
					</control>
					<control type="image">
						<left>0</left>
						<top>15</top>
						<width>30</width>
						<height>30</height>
						<texture>$VAR[PVROverlay]</texture>
					</control>
					<control type="label">
						<left>25</left>
						<top>9</top>
						<width>140</width>
						<height>45</height>
						<font>apptv20</font>
						<selectedcolor>listselected-text</selectedcolor>
						<label>$INFO[ListItem.StartTime]</label>
					</control>
					<control type="label">
						<left>175</left>
						<top>9</top>
						<width>450</width>
						<height>45</height>
						<font>apptv18</font>
						<selectedcolor>listselected-text</selectedcolor>
						<label>$INFO[ListItem.Label]</label>
					</control>
				</itemlayout>
				<focusedlayout height="64">
					<control type="image">
						<left>0</left>
						<top>0</top>
						<width>634</width>
						<height>64</height>
						<texture border="9">button-default-focus.png</texture>
					</control>
					<control type="image">
						<left>0</left>
						<top>15</top>
						<width>30</width>
						<height>30</height>
						<texture>$VAR[PVROverlay]</texture>
					</control>
					<control type="label">
						<left>25</left>
						<top>9</top>
						<width>140</width>
						<height>45</height>
						<font>apptv20</font>
						<selectedcolor>listselected-text</selectedcolor>
						<label>$INFO[ListItem.StartTime]</label>
					</control>
					<control type="label">
						<left>175</left>
						<top>9</top>
						<width>450</width>
						<height>45</height>
						<font>apptv18</font>
						<selectedcolor>listselected-text</selectedcolor>
						<label>$INFO[ListItem.Label]</label>
					</control>
				</focusedlayout>
			</control>
			<control type="scrollbar" id="60">
				<left>1280</left>
				<top>180</top>
				<width>16</width>
				<height>778</height>
				<onleft>11</onleft>
				<ondown>61</ondown>
				<onup>61</onup>
				<animation condition="!Control.HasFocus(60) + !Container.Scrolling + $EXP[isnotAlwaysScrollbar]" effect="fade" start="100" end="0" time="200" reversible="true">Conditional</animation>
				<visible>$EXP[isEnabledScrollbar]</visible>
			</control>
		</control>
	</controls>
</window>