<?xml version="1.0" encoding="UTF-8"?>
<window>
	<defaultcontrol>450</defaultcontrol>
	
	<controls>
		<include>fadebackground</include>
		<control type="image"><!-- Background image -->
			<left>135</left>
			<top>144</top>
			<width>1656</width>
			<height>795</height>
			<texture border="14">button-menu-background.png</texture>
		</control>
		<control type="label" id="411"><!-- Heading -->
			<left>153</left>
			<top>162</top>
			<width>1620</width>
			<height>45</height>
			<label>$LOCALIZE[1023] $INFO[Container(450).NumItems,(,)]</label>
			<align>center</align>
		</control>
		<control type="image">
			<left>153</left>
			<top>218</top>
			<width>1620</width>
			<height>6</height>
			<texture>separator.png</texture>
		</control>
		<control type="list" id="450">
			<left>204</left>
			<top>237</top>
			<width>1028</width>
			<height>608</height>
			<onleft condition="![$EXP[isEnabledScrollbar]]">noop</onleft>
			<onleft condition="$EXP[isEnabledScrollbar]">23</onleft>
			<onright>9000</onright>
			<onup>450</onup>
			<ondown>450</ondown>
			<pagecontrol>23</pagecontrol>
			<itemlayout height="68">
				<control type="image">
					<left>0</left>
					<top>0</top>
					<width>1028</width>
					<height>68</height>
					<texture border="9">button-default.png</texture>
				</control>
				<control type="label">
					<left>34</left>
					<top>0</top>
					<width>960</width>
					<height>68</height>
					<font>apptv23</font>
					<selectedcolor>listselected-text</selectedcolor>
					<label>$INFO[ListItem.Label]</label>
				</control>
			</itemlayout>
			<focusedlayout height="68">
				<control type="image">
					<left>0</left>
					<top>0</top>
					<width>1028</width>
					<height>68</height>
					<texture border="9">button-default-focus.png</texture>
					<animation effect="fade" start="100" end="60" condition="ControlGroup(9000).HasFocus() | Control.HasFocus(23)">Conditional</animation>
				</control>
				<control type="label">
					<left>34</left>
					<top>0</top>
					<width>960</width>
					<height>68</height>
					<font>apptv23</font>
					<selectedcolor>listselected-text</selectedcolor>
					<label>$INFO[ListItem.Label]</label>
				</control>
			</focusedlayout>
		</control>
		<control type="list" id="451">
			<left>204</left>
			<top>237</top>
			<width>1028</width>
			<height>608</height>
			<onleft condition="![$EXP[isEnabledScrollbar]]">noop</onleft>
			<onleft condition="$EXP[isEnabledScrollbar]">24</onleft>
			<onright>9000</onright>
			<onup>451</onup>
			<ondown>451</ondown>
			<pagecontrol>24</pagecontrol>
			<itemlayout height="68">
				<control type="image">
					<left>0</left>
					<top>0</top>
					<width>1028</width>
					<height>68</height>
					<texture border="9">button-default.png</texture>
				</control>
				<control type="label">
					<left>34</left>
					<top>0</top>
					<width>960</width>
					<height>68</height>
					<font>apptv23</font>
					<selectedcolor>listselected-text</selectedcolor>
					<label>$INFO[ListItem.Label]</label>
				</control>
			</itemlayout>
			<focusedlayout height="68">
				<control type="image">
					<left>0</left>
					<top>0</top>
					<width>1028</width>
					<height>68</height>
					<texture border="9">button-default-focus.png</texture>
					<animation effect="fade" start="100" end="60" condition="ControlGroup(9000).HasFocus() | Control.HasFocus(24)">Conditional</animation>
				</control>
				<control type="label">
					<left>34</left>
					<top>0</top>
					<width>960</width>
					<height>68</height>
					<font>apptv23</font>
					<selectedcolor>listselected-text</selectedcolor>
					<label>$INFO[ListItem.Label]</label>
				</control>
			</focusedlayout>
		</control>
		<control type="image">
			<left>1378</left>
			<top>556</top>
			<width>256</width>
			<height>256</height>
			<aspectratio>keep</aspectratio>
			<texture>$INFO[ListItem.Icon]</texture>
		</control>
		<control type="grouplist" id="9000">
			<left>1268</left>
			<top>237</top>
			<width>477</width>
			<height>272</height>
			<itemgap>0</itemgap>
			<orientation>vertical</orientation>
			<onleft condition="Control.IsVisible(450)">450</onleft>
			<onleft condition="Control.IsVisible(451)">451</onleft>
			<onright condition="Control.IsVisible(450)">450</onright>
			<onright condition="Control.IsVisible(451)">451</onright>
			<onup>9000</onup>
			<ondown>9000</ondown>
			<control type="button" id="413"><!-- OK -->
				<width>477</width>
				<height>68</height>
				<align>center</align>
				<label>$LOCALIZE[186]</label>
				<font>apptv23</font>
			</control>
			<control type="button" id="414"><!-- Cancel -->
				<width>477</width>
				<height>68</height>
				<align>center</align>
				<label>$LOCALIZE[222]</label>
				<font>apptv23</font>
			</control>
			<control type="button" id="415"><!-- Create folder -->
				<width>477</width>
				<height>68</height>
				<align>center</align>
				<label>$LOCALIZE[119]</label>
				<font>apptv23</font>
			</control>
			<control type="button" id="416"><!-- Mirror image -->
				<width>477</width>
				<height>68</height>
				<align>center</align>
				<label>$LOCALIZE[749]</label>
				<font>apptv23</font>
				<visible>Control.IsEnabled(416)</visible>
			</control>
		</control>
		<control type="label" id="412"><!-- Path -->
			<left>153</left>
			<top>862</top>
			<width>1590</width>
			<height>36</height>
			<align>right</align>
			<font>apptv22</font>
			<haspath>true</haspath>
		</control>
		<control type="scrollbar" id="23">
			<left>170</left>
			<top>228</top>
			<width>18</width>
			<height>626</height>
			<onright>450</onright>
			<animation condition="!Control.HasFocus(23) + !Container.Scrolling + $EXP[isnotAlwaysScrollbar]" effect="fade" start="100" end="0" time="200" reversible="true">Conditional</animation>
			<visible>Control.IsVisible(450) + $EXP[isEnabledScrollbar]</visible>
		</control>
		<control type="scrollbar" id="24">
			<left>170</left>
			<top>228</top>
			<width>18</width>
			<height>626</height>
			<onright>450</onright>
			<animation condition="!Control.HasFocus(24) + !Container.Scrolling + $EXP[isnotAlwaysScrollbar]" effect="fade" start="100" end="0" time="200" reversible="true">Conditional</animation>
			<visible>Control.IsVisible(451) + $EXP[isEnabledScrollbar]</visible>
		</control>
	</controls>
</window>