<?xml version="1.0" encoding="UTF-8"?>
<includes>
	<include name="NextAiredList">
		<left>162</left>
		<top>0</top>
		<width>1080</width>
		<height>135</height>
		<orientation>horizontal</orientation>
	</include>
	<include name="NextAiredItems">
		<control type="image">
			<left>6</left>
			<top>6</top>
			<width>240</width>
			<height>60</height>
			<texture background="true">$INFO[ListItem.Property(Art(banner))]</texture>
			<visible>String.IsEqual(Window(home).Property(TVGuide.ThumbType),1)</visible>
		</control>
		<control type="image">
			<left>6</left>
			<top>6</top>
			<width>240</width>
			<height>60</height>
			<texture background="true">$INFO[ListItem.Art(clearlogo)]</texture>
			<visible>String.IsEqual(Window(home).Property(TVGuide.ThumbType),2)</visible>
		</control>
		<control type="label">
			<left>126</left>
			<top>69</top>
			<width>240</width>
			<height>33</height>
			<label>$INFO[ListItem.Property(NextDate)]</label>
			<font>apptv20</font>
			<align>center</align>
			<visible>String.IsEqual(Window(home).Property(TVGuide.ThumbType),1) | String.IsEqual(Window(home).Property(TVGuide.ThumbType),2)</visible>
		</control>
		<control type="label">
			<left>126</left>
			<top>98</top>
			<width>240</width>
			<height>33</height>
			<label>$INFO[ListItem.Property(ShortTime)]</label>
			<font>apptv20</font>
			<align>center</align>
			<visible>String.IsEqual(Window(home).Property(TVGuide.ThumbType),1) | String.IsEqual(Window(home).Property(TVGuide.ThumbType),2)</visible>
		</control>
		<control type="image">
			<left>6</left>
			<top>8</top>
			<width>81</width>
			<height>120</height>
			<texture background="true">$INFO[ListItem.Property(Art(poster))]</texture>
			<visible>String.IsEqual(Window(home).Property(TVGuide.ThumbType),0)</visible>
		</control>
		<control type="label">
			<left>94</left>
			<top>42</top>
			<width>158</width>
			<height>33</height>
			<label>$INFO[ListItem.Property(NextDate)]</label>
			<font>apptv20</font>
			<visible>String.IsEqual(Window(home).Property(TVGuide.ThumbType),0)</visible>
		</control>
		<control type="label">
			<left>94</left>
			<top>81</top>
			<width>158</width>
			<height>33</height>
			<label>$INFO[ListItem.Property(ShortTime)]</label>
			<font>apptv20</font>
			<visible>String.IsEqual(Window(home).Property(TVGuide.ThumbType),0)</visible>
		</control>
		<control type="image">
			<left>267</left>
			<top>0</top>
			<width>6</width>
			<height>135</height>
			<texture>separator_vert.png</texture>
		</control>
	</include>
</includes>