<?xml version="1.0" encoding="UTF-8"?>
<window>
	<defaultcontrol always="true">50</defaultcontrol>
	<menucontrol>9000</menucontrol>
	<views>50,52,54,57,58</views>
	<visible>!System.ScreenSaverActive + Window.IsTopMost(programs)</visible>
	<controls>
		<include>backgroundsimple</include>
		<include>fake-overlay</include>
		<include content="screen-name">
			<param name="screenlabel" value="$LOCALIZE[31029]"/>
			<param name="listitems" value="Container.NumItems"/>
		</include>
		<control type="group"><!-- Various Views of Addons library -->
			<include file="View-General.xml">ListView</include>
			<include file="View-General.xml">IconView</include>
			<include file="View-General.xml">WrapView</include>
			<include file="View-General.xml">WallView</include>
			<include file="View-General.xml">Coverflow</include>
		</control>
		<include>touch-controls</include>
		<control type="group"><!-- Screen Settings Menu -->
			<top>1080</top>
			<include>screen-settings</include>
			<include>fadebackground</include>
			<control type="image">
				<left>660</left>
				<top>243</top>
				<width>594</width>
				<height>570</height>
				<texture border="14">button-menu-background.png</texture>
			</control>
			<control type="label"><!-- Dialog heading -->
				<left>675</left>
				<top>264</top>
				<width>558</width>
				<height>51</height>
				<font>apptv23</font>
				<label>$LOCALIZE[31557]$INFO[Container(9000).NumItems, (,)]</label>
				<align>center</align>
			</control>
			<control type="button"><!-- Touch Close button -->
				<left>1221</left>
				<top>228</top>
				<width>48</width>
				<height>48</height>
				<texturefocus>touch-close.png</texturefocus>
				<texturenofocus>touch-close.png</texturenofocus>
				<onclick condition="!String.IsEqual(Window(home).Property(ShowScreenSettings),show)">SetProperty(ShowScreenSettings,show,home)</onclick>
				<onclick condition="String.IsEqual(Window(home).Property(ShowScreenSettings),show)">ClearProperty(ShowScreenSettings,home)</onclick>
				<visible>$EXP[isEnabledTouch]</visible>
			</control>
			<control type="image">
				<left>675</left>
				<top>318</top>
				<width>558</width>
				<height>6</height>
				<texture>separator.png</texture>
			</control>
			<control type="grouplist" id="9000">
				<defaultcontrol>2</defaultcontrol>
				<left>675</left>
				<top>336</top>
				<width>564</width>
				<height>435</height>
				<onright>ClearProperty(ShowScreenSettings,home)</onright>
				<onright>50</onright>
				<onleft>ClearProperty(ShowScreenSettings,home)</onleft>
				<onleft>50</onleft>
				<control type="button" id="2"><!-- View type -->
					<width>564</width>
					<height>69</height>
					<font>apptv22</font>
					<label>$LOCALIZE[100]</label>
					<textoffsetx>15</textoffsetx>
				</control>
				<control type="button" id="3"><!-- Sort by -->
					<width>564</width>
					<height>69</height>
					<font>apptv22</font>
					<label>$LOCALIZE[103]</label>
					<textoffsetx>15</textoffsetx>
				</control>
				<control type="togglebutton" id="4"><!-- Sort direction -->
					<width>564</width>
					<height>69</height>
					<label>$LOCALIZE[21429]: $LOCALIZE[21430]</label>
					<altlabel>$LOCALIZE[21429]: $LOCALIZE[21431]</altlabel>
					<font>apptv22</font>
					<textoffsetx>15</textoffsetx>
				</control>
				<control type="edit" id="19"><!-- Filter -->
					<width>564</width>
					<height>69</height>
					<font>apptv22</font>
					<label>$LOCALIZE[587]</label>
					<disabledcolor>disabled-text</disabledcolor>
					<textwidth>510</textwidth>
					<textoffsetx>15</textoffsetx>
				</control>
				<control type="button" id="1200"><!-- Player controls -->
					<width>564</width>
					<height>69</height>
					<font>apptv22</font>
					<textoffsetx>15</textoffsetx>
					<label>$LOCALIZE[16003] $LOCALIZE[478]</label>
					<onclick>SetFocus(50)</onclick>
					<onclick condition="String.IsEqual(Window(home).Property(ShowScreenSettings),show)">ClearProperty(ShowScreenSettings,home)</onclick>
					<onclick>ActivateWindow(playercontrols)</onclick>
					<visible>Player.HasMedia</visible>
				</control>
			</control>
		</control>
		<!-- Show a iOS style page indicator to show which focus group has the current focus -->
		<!-- Focus group can be hidden or shown but is potentially focusable, that is it has not be disabled -->
		<control type="group">
			<visible>Control.IsVisible(50) | Control.IsVisible(52) | Control.IsVisible(58)</visible>
			<include content="page-indicator">
				<param name="indicatorleft" value="864" />
				<param name="indicatortop" value="0" />
				<param name="indicatorwidth" value="192" />
				<param name="indicatorheight" value="48" />
				<param name="indicatororientation" value="horizontal" />
				<param name="grp1indicate" value="[ControlGroup(9000).HasFocus()|String.IsEqual(Window(home).Property(ShowScreenSettings),show)]" />
				<param name="grp1visible" value="[!Skin.HasSetting(lock-screensettings)]" />
				<param name="grp2indicate" value="[Control.HasFocus(50)|Control.HasFocus(52)|Control.HasFocus(58)]" />
				<param name="grp2visible" value="[Control.IsVisible(50)|Control.IsVisible(52)|Control.IsVisible(58)]+[!Skin.HasSetting(lock-screensettings)|$EXP[isEnabledScrollbar]]" />
				<param name="grp3indicate" value="[Control.HasFocus(1250)|Control.HasFocus(1252)|Control.HasFocus(1253)|Control.HasFocus(1258)]" />
				<param name="grp3visible" value="[$EXP[isEnabledScrollbar]]" />
			</include>
		</control>
		<control type="group">
			<visible>Control.IsVisible(54) | Control.IsVisible(57)</visible>
			<include content="page-indicator">
				<param name="indicatorleft" value="0" />
				<param name="indicatortop" value="225" />
				<param name="indicatorwidth" value="48" />
				<param name="indicatorheight" value="192" />
				<param name="indicatororientation" value="vertical" />
				<param name="grp1indicate" value="[ControlGroup(9000).HasFocus()|String.IsEqual(Window(home).Property(ShowScreenSettings),show)]" />
				<param name="grp1visible" value="[!Skin.HasSetting(lock-screensettings)]" />
				<param name="grp2indicate" value="[Control.HasFocus(54)|Control.HasFocus(57)]" />
				<param name="grp2visible" value="[Control.IsVisible(54)|Control.IsVisible(57)]+[!Skin.HasSetting(lock-screensettings)|$EXP[isEnabledScrollbar]]" />
				<param name="grp3indicate" value="[Control.HasFocus(1254)|Control.HasFocus(1257)]" />
				<param name="grp3visible" value="[$EXP[isEnabledScrollbar]]" />
			</include>
		</control>
	</controls>
</window>