<?xml version="1.0" encoding="UTF-8"?>
<window>
	<controls>
		<control type="group">
			<control type="label" id="200">
				<visible>false</visible>
			</control>

			<include condition="Skin.HasSetting(lyrics-simple)" file="Includes_Lyrics.xml">SimpleLyrics</include>
			<include condition="!Skin.HasSetting(lyrics-simple)" file="Includes_Lyrics.xml">FancyLyrics</include>

			<control type="spincontrol" id="111">
				<!-- Next page button -->
				<left>1792</left>
				<top>870</top>
				<subtype>page</subtype>
				<font>apptv23</font>
				<onleft>110</onleft>
				<onright>110</onright>
				<ondown>110</ondown>
				<onup>110</onup>
				<showonepage>true</showonepage>
				<visible>false</visible>
			</control>
		</control>
	</controls>
</window>