<?xml version="1.0" encoding="UTF-8"?>
<window>
	<defaultcontrol always="true">3012</defaultcontrol>
	<onload>Dialog.Close(fullscreeninfo,true)</onload>
	<onload>Dialog.Close(videoosd,true)</onload>
	<controls>
		<control type="group">
			<include>window-openclose</include>
			<control type="group">
				<height>130</height>
				<control type="image">
					<top>0</top>
					<width>100%</width>
					<height>130</height>
					<texture colordiffuse="mask-background">background-mask.png</texture>
				</control>
				<control type="label"><!-- Up Next -->
					<top>12</top>
					<left>20</left>
					<width>1440</width>
					<height>38</height>
					<label>[CAPITALIZE]$ADDON[service.upnext 30008][/CAPITALIZE]</label>
				</control>
				<control type="group">
					<top>62</top>
					<left>20</left>
					<width>75%</width>
					<control type="grouplist">
						<orientation>horizontal</orientation>
						<height>56</height>
						<itemgap>10</itemgap>
						<align>left</align>
						<control type="button" id="3012">
							<label>    $LOCALIZE[31684] [COLOR FF7070FF]$INFO[Player.TimeRemaining(ss),,][/COLOR] $LOCALIZE[31812]</label>
							<height>56</height>
							<width min="50">auto</width>
							<font>apptv23</font>
							<aligny>center</aligny>
							<align>center</align>
						</control>
						<control type="button" id="3013">
							<label>$ADDON[service.upnext 30034]</label>
							<height>56</height>
							<width min="50">auto</width>
							<font>apptv23</font>
							<aligny>center</aligny>
							<align>center</align>
						</control>
					</control>
					<control type="image">
						<width>46</width>
						<height>46</height>
						<aspectratio>keep</aspectratio>
						<texture colordiffuse="button-text">$VAR[UpNextRemaining]</texture>
						<animation effect="slide" end="13,5" time="0" condition="true">Conditional</animation>
					</control>
				</control>
			</control>
		</control>
		<control type="progress" id="3014">
			<visible>false</visible>
		</control>
	</controls>
</window>