<?xml version="1.0" encoding="UTF-8"?>
<window>
	<defaultcontrol>3</defaultcontrol>
	<controls>
		<include>backgroundsimple</include>
		<include>fake-overlay</include>
		<control type="label" id="2"><!-- Settings screen heading -->
			<left>1400</left>
			<top>30</top>
			<width>465</width>
			<height>48</height>
			<font>apptv30</font>
		</control>
		<control type="label"><!-- Settings subscreen heading -->
			<left>1400</left>
			<top>85</top>
			<width>465</width>
			<height>48</height>
			<label>$LOCALIZE[5]</label>
			<font>apptv30</font>
		</control>
		<control type="grouplist" id="3"><!-- Subheadings area -->
			<left>1410</left>
			<top>159</top>
			<width>480</width>
			<height>675</height>
			<itemgap>0</itemgap>
			<onup>4503</onup>
			<ondown>20</ondown>
			<onleft>5</onleft>
			<onright>4503</onright>
		</control>
		<control type="button" id="20"><!-- Setting level button -->
			<left>1410</left>
			<top>834</top>
			<width>480</width>
			<height>75</height>
			<font>apptv22</font>
			<textcolor>listselected-text</textcolor>
			<label>$LOCALIZE[10037]</label>
			<align>right</align>
			<onleft>5</onleft>
			<onright>4520</onright>
			<onup>3</onup>
			<ondown>4520</ondown>
			<onclick>SettingsLevelChange</onclick>
		</control>
		<control type="label"><!-- Settings level heading -->
			<left>1437</left>
			<top>834</top>
			<width>480</width>
			<height>75</height>
			<label>$LOCALIZE[10004]:</label>
			<font>apptv22</font>
		</control>
		<!-- Markers for control area items -->
		<include content="page-offscreen-vertical">
			<param name="indicator1left" value="726"/>
			<param name="indicator1top" value="138"/>
			<param name="indicator2left" value="726"/>
			<param name="indicator2top" value="914"/>
			<param name="indicatorsize" value="24"/>
			<param name="indicatorcontainer" value="5"/>
		</include>
		<control type="grouplist" id="5"><!-- Controls area -->
			<left>80</left>
			<top>159</top>
			<width>1328</width>
			<height>750</height>
			<itemgap>0</itemgap>
			<onup>4505</onup>
			<ondown>4505</ondown>
			<onleft condition="![$EXP[isEnabledScrollbar]]">4505</onleft>
			<onleft condition="$EXP[isEnabledScrollbar]">23</onleft>
			<onright>3</onright>
			<pagecontrol>23</pagecontrol>
		</control>
		<control type="scrollbar" id="23">
			<left>20</left>
			<top>159</top>
			<width>18</width>
			<height>750</height>
			<onleft>4523</onleft>
			<onright>5</onright>
			<onup>4523</onup>
			<ondown>4523</ondown>
			<animation condition="!Control.HasFocus(23) + $EXP[isnotAlwaysScrollbar]" effect="fade" start="100" end="0" time="200" reversible="true">Conditional</animation>
			<visible>$EXP[isEnabledScrollbar]</visible>
		</control>
		<control type="textbox" id="6"><!-- Settings description area -->
			<left>15</left>
			<top>936</top>
			<width>1890</width>
			<height>108</height>
			<font>apptv20</font>
			<align>center</align>
		</control>
		<control type="button" id="7"><!-- Default button -->
			<height>75</height>
			<font>apptv22</font>
		</control>
		<control type="radiobutton" id="8"><!-- Default radiobutton -->
			<height>75</height>
			<font>apptv22</font>
			<radioposx>1266</radioposx>
		</control>
		<control type="spincontrolex" id="9"><!-- Default spincontrolex -->
			<height>75</height>
			<font>apptv22</font>
		</control>
		<control type="button" id="10"><!-- Default category button -->
			<width>480</width>
			<height>75</height>
			<font>apptv22</font>
		</control>
		<control type="sliderex" id="13"><!-- Default slider button -->
			<height>75</height>
			<font>apptv22</font>
		</control>
		<control type="label" id="14"><!-- Default label -->
			<height>75</height>
			<font>apptv22</font>
		</control>
		<!-- Play bump sound if user tries to leave sub headings by undefined direction -->
		<include content="illegal-action">
			<param name="controlid" value="4503" />
			<param name="returnid" value="3" />
		</include>
		<!-- Play bump sound if user tries to leave controls by undefined direction -->
		<include content="illegal-action">
			<param name="controlid" value="4505" />
			<param name="returnid" value="5" />
		</include>
		<!-- Play bump sound if user tries to leave settings level control by undefined direction -->
		<include content="illegal-action">
			<param name="controlid" value="4520" />
			<param name="returnid" value="20" />
		</include>
		<!-- Play bump sound if user tries to leave scrollbar by undefined direction -->
		<include content="illegal-action">
			<param name="controlid" value="4523" />
			<param name="returnid" value="23" />
		</include>
	</controls>
</window>