<?xml version="1.0" encoding="UTF-8"?>
<window>
	<defaultcontrol always="true">999</defaultcontrol>
	<visible>!System.ScreenSaverActive + Window.IsTopMost(skinsettings)</visible>
	<controls>
		<include>backgroundsimple</include>
		<include>fake-overlay</include>
		<control type="label"><!-- Settings Label -->
			<left>1419</left>
			<top>38</top>
			<width>465</width>
			<height>48</height>
			<label>$LOCALIZE[31556]</label>
			<font>apptv30</font>
		</control>
		<control type="label"><!-- Settings Label -->
			<left>1419</left>
			<top>93</top>
			<width>465</width>
			<height>48</height>
			<label>$LOCALIZE[5]</label>
			<font>apptv30</font>
		</control>
		<control type="list" id="999"><!-- Settings categories -->
			<left>1410</left>
			<top>168</top>
			<width>480</width>
			<height>750</height>
			<onleft>998</onleft>
			<onup>noop</onup>
			<ondown>noop</ondown>
			<scrolltime tween="cubic" easing="out">500</scrolltime>
			<itemlayout height="75">
				<control type="image">
					<left>0</left>
					<top>0</top>
					<width>480</width>
					<height>75</height>
					<texture border="9">button-default.png</texture>
				</control>
				<control type="label">
					<include>settings-category-common</include>
				</control>
			</itemlayout>
			<focusedlayout height="75">
				<control type="image">
					<left>0</left>
					<top>0</top>
					<width>480</width>
					<height>75</height>
					<texture border="9">button-default-focus.png</texture>
					<animation effect="fade" start="100" end="60" condition="!Control.HasFocus(999)">conditional</animation>
				</control>
				<control type="label">
					<include>settings-category-common</include>
				</control>
			</focusedlayout>
			<content>
				<item id="981"><!-- Startup Settings -->
					<label>$LOCALIZE[31801]</label>
					<property name="SkinSettingMenu">startup</property>
				</item>
				<item id="982"><!-- General Settings -->
					<label>$LOCALIZE[31802]</label>
					<property name="SkinSettingMenu">general</property>
				</item>
				<item id="983"><!-- Widget Settings -->
					<label>$LOCALIZE[31808]</label>
					<property name="SkinSettingMenu">widget</property>
				</item>
				<item id="984"><!-- Home menu Settings -->
					<label>$LOCALIZE[31806]</label>
					<property name="SkinSettingMenu">custom</property>
					<onclick>ActivateWindow(1152)</onclick>
				</item>
				<item id="985"><!-- Background Settings -->
					<label>$LOCALIZE[31804]</label>
					<property name="SkinSettingMenu">background</property>
				</item>
				<item id="986"><!-- Media sources settings -->
					<label>$LOCALIZE[31805]</label>
					<property name="SkinSettingMenu">sources</property>
				</item>
				<item id="987"><!-- Supported Addons Settings -->
					<label>$LOCALIZE[31556] $LOCALIZE[24001]</label>
					<property name="SkinSettingMenu">addons</property>
				</item>
				<item id="988"><!-- Support Settings -->
					<label>$LOCALIZE[31807]</label>
					<property name="SkinSettingMenu">support</property>
				</item>
			</content>
		</control>
		<control type="group" id="998"><!-- Settings -->
			<control type="group" id="100"><!-- Startup Settings -->
				<visible>String.IsEqual(Container(999).ListItem.Property(SkinSettingMenu),startup)</visible>
				<control type="grouplist" id="101">
					<include>skinsettings-list</include>
					<control type="button" id="102"><!-- Startup screen type -->
						<include>settings-submenu-common</include>
						<label>$LOCALIZE[31854]</label>
						<label2>$INFO[Skin.String(startup-screentype)]</label2>
						<onclick>SetProperty(Dialog.1.Label,$LOCALIZE[31856])</onclick>
						<onclick>SetProperty(Dialog.1.BuiltIn,Skin.SetString(startup-screentype,$LOCALIZE[31856]))</onclick>
						<onclick>SetProperty(Dialog.2.Label,$LOCALIZE[31857])</onclick>
						<onclick>SetProperty(Dialog.2.BuiltIn,Skin.SetString(startup-screentype,$LOCALIZE[31857]))</onclick>
						<onclick>SetProperty(Dialog.3.Label,$LOCALIZE[31858])</onclick>
						<onclick>SetProperty(Dialog.3.BuiltIn,Skin.SetString(startup-screentype,$LOCALIZE[31858]))</onclick>
						<onclick>SetProperty(Dialog.4.Label,$LOCALIZE[31855])</onclick>
						<onclick>SetProperty(Dialog.4.BuiltIn,Skin.SetString(startup-screentype,$LOCALIZE[31855]))</onclick>
						<onclick>RunScript(script.embuary.helper,action=createselect,header=$LOCALIZE[31854])</onclick>
					</control>
					<control type="button" id="105"><!-- Startup Screen Path -->
						<include>settings-submenu-common</include>
						<enable>String.IsEqual(Skin.String(startup-screentype),$LOCALIZE[31858]) | String.IsEqual(Skin.String(startup-screentype),$LOCALIZE[31857])</enable>
						<label>- $LOCALIZE[31851] </label>
						<label2>$INFO[Skin.String(startup-screenpath)]</label2>
						<onclick condition="String.IsEqual(Skin.String(startup-screentype),$LOCALIZE[31857])">Skin.SetImage(startup-screenpath)</onclick>
						<onclick condition="String.IsEqual(Skin.String(startup-screentype),$LOCALIZE[31858])">Skin.SetFile(startup-screenpath)</onclick>
					</control>
					<control type="radiobutton" id="106"><!-- Startup Playlist toggle -->
						<include>settings-submenu-radio</include>
						<label>$LOCALIZE[31852]</label>
						<onclick>Skin.ToggleSetting(startup-playlist)</onclick>
						<onclick condition="Skin.HasSetting(startup-playlist)">Skin.Reset(startup-playlistpath)</onclick>
						<onclick condition="!Skin.HasSetting(startup-playlist)">Skin.SetFile(startup-playlistpath,,special://musicplaylists)</onclick>
						<selected>Skin.HasSetting(startup-playlist)</selected>
					</control>
					<control type="button" id="107"><!-- Choose Playlist button -->
						<include>settings-submenu-common</include>
						<label>- $LOCALIZE[559] </label>
						<label2>$INFO[Skin.String(startup-playlistpath)]</label2>
						<enable>Skin.HasSetting(startup-playlist)</enable>
						<onclick>Skin.SetFile(startup-playlistpath,,special://musicplaylists)</onclick>
					</control>
					<control type="button" id="108"><!-- Reset Above Settings button -->
						<include>settings-submenu-common</include>
						<label>$LOCALIZE[10041]</label>
						<onclick>Skin.Reset(startup-screentype)</onclick>
						<onclick>Skin.Reset(startup-screenpath)</onclick>
						<onclick>Skin.Reset(startup-playlist)</onclick>
						<onclick>Skin.Reset(startup-playlistpath)</onclick>
					</control>
				</control>
				<!-- Markers for control area items -->
				<include content="page-offscreen-vertical">
					<param name="indicator1left" value="726"/>
					<param name="indicator1top" value="144"/>
					<param name="indicator2left" value="726"/>
					<param name="indicator2top" value="978"/>
					<param name="indicatorsize" value="24"/>
					<param name="indicatorcontainer" value="101"/>
				</include>
			</control>
			<control type="group"><!-- General Settings -->
				<visible>String.IsEqual(Container(999).ListItem.Property(SkinSettingMenu),general)</visible>
				<control type="grouplist" id="200">
					<include>skinsettings-list</include>
					<control type="radiobutton" id="201"><!-- Lock Screen Settings Toggle -->
						<include>settings-submenu-radio</include>
						<label>$LOCALIZE[31880]</label>
						<onclick>Skin.ToggleSetting(lock-screensettings)</onclick>
						<selected>Skin.HasSetting(lock-screensettings)</selected>
					</control>
					<control type="radiobutton" id="202"><!-- LetterBar Toggle -->
						<include>settings-submenu-radio</include>
						<label>$LOCALIZE[31884]</label>
						<onclick>Skin.ToggleSetting(show-letterbar)</onclick>
						<selected>Skin.HasSetting(show-letterbar)</selected>
					</control>
					<control type="button" id="203"><!-- Show Scrollbar -->
						<include>settings-submenu-common</include>
						<label>$LOCALIZE[31881]</label>
						<label2>$INFO[Skin.String(show-scrollbar)]</label2>
						<onclick>SetProperty(Dialog.1.Label,$LOCALIZE[31876])</onclick>
						<onclick>SetProperty(Dialog.1.BuiltIn,Skin.SetString(show-scrollbar,$LOCALIZE[31876]))</onclick>
						<onclick>SetProperty(Dialog.2.Label,$LOCALIZE[31875])</onclick>
						<onclick>SetProperty(Dialog.2.BuiltIn,Skin.SetString(show-scrollbar,$LOCALIZE[31875]))</onclick>
						<onclick>SetProperty(Dialog.3.Label,$LOCALIZE[31877])</onclick>
						<onclick>SetProperty(Dialog.3.BuiltIn,Skin.SetString(show-scrollbar,$LOCALIZE[31877]))</onclick>
						<onclick>RunScript(script.embuary.helper,action=createselect,header=$LOCALIZE[31881])</onclick>
					</control>
					<control type="radiobutton" id="205"><!-- Autoscroll Toggle -->
						<include>settings-submenu-radio</include>
						<label>$LOCALIZE[31882]</label>
						<onclick>Skin.ToggleSetting(text-autoscroll)</onclick>
						<selected>Skin.HasSetting(text-autoscroll)</selected>
					</control>
					<control type="radiobutton" id="206"><!-- Media Overlay Toggle -->
						<include>settings-submenu-radio</include>
						<label>$LOCALIZE[31883]</label>
						<onclick>Skin.ToggleSetting(media-overlay)</onclick>
						<selected>Skin.HasSetting(media-overlay)</selected>
					</control>
					<control type="radiobutton" id="209"><!-- Use Mouse/touch controls Toggle -->
						<include>settings-submenu-radio</include>
						<label>$LOCALIZE[31890]</label>
						<onclick>Skin.ToggleSetting(show-touchcontrols)</onclick>
						<selected>$EXP[isEnabledTouch]</selected>
						<enable>System.GetBool(input.enablemouse)</enable>
					</control>
					<control type="radiobutton" id="210"><!-- Use Simple Lyrics -->
						<include>settings-submenu-radio</include>
						<label>$LOCALIZE[31898] </label>
						<onclick>Skin.ToggleSetting(lyrics-simple)</onclick>
						<selected>Skin.HasSetting(lyrics-simple)</selected>
					</control>
					<control type="group" id="211"><!-- Use default mpaa local toggle -->
						<include>settings-submenu-size</include>
						<control type="togglebutton" id="212">
							<onup>209</onup>
							<ondown>213</ondown>
							<onright>999</onright>
							<include>settings-submenu-common</include>
							<label>$LOCALIZE[571]</label>
							<altlabel>$INFO[Window(home).property(locale.country)]</altlabel>
							<align>right</align>
							<onclick>Skin.ToggleSetting(defaultmpaa-locale)</onclick>
							<usealttexture>!Skin.HasSetting(defaultmpaa-locale)</usealttexture>
						</control>
						<control type="label">
							<include>settings-submenu-common</include>
							<label>$LOCALIZE[31896]</label>
							<textoffsetx>27</textoffsetx>
						</control>
					</control>
					<control type="button" id="213"><!-- Reset Above Settings button -->
						<include>settings-submenu-common</include>
						<label>$LOCALIZE[10041]</label>
						<onclick>Skin.Reset(lock-screensettings)</onclick>
						<onclick>Skin.Reset(show-letterbar)</onclick>
						<onclick>Skin.Reset(show-scrollbar)</onclick>
						<onclick>Skin.Reset(text-autoscroll)</onclick>
						<onclick>Skin.Reset(media-overlay)</onclick>
						<onclick>Skin.Reset(show-touchcontrols)</onclick>
						<onclick>Skin.Reset(lyrics-simple)</onclick>
						<onclick>Skin.Reset(defaultmpaa-locale)</onclick>
					</control>
				</control>
				<!-- Markers for control area items -->
				<include content="page-offscreen-vertical">
					<param name="indicator1left" value="726"/>
					<param name="indicator1top" value="144"/>
					<param name="indicator2left" value="726"/>
					<param name="indicator2top" value="978"/>
					<param name="indicatorsize" value="24"/>
					<param name="indicatorcontainer" value="200"/>
				</include>
			</control>
			<control type="group" id="300"><!-- Widget Settings -->
				<visible>String.IsEqual(Container(999).ListItem.Property(SkinSettingMenu),widget)</visible>
				<control type="grouplist" id="301">
					<include>skinsettings-list</include>
					<control type="button" id="307"><!-- Movie Widget type -->
						<include>settings-submenu-common</include>
						<label>$LOCALIZE[31026]</label>
						<label2>$INFO[Skin.String(widget-movie)]</label2>
						<onclick>SetProperty(Dialog.1.Label,$LOCALIZE[231])</onclick>
						<onclick>SetProperty(Dialog.1.BuiltIn,Skin.Reset(widget-movie))</onclick>
						<onclick>SetProperty(Dialog.2.Label,$LOCALIZE[31964])</onclick>
						<onclick>SetProperty(Dialog.2.BuiltIn,Skin.SetString(widget-movie,$LOCALIZE[31964]))</onclick>
						<onclick>SetProperty(Dialog.3.Label,$LOCALIZE[31960])</onclick>
						<onclick>SetProperty(Dialog.3.BuiltIn,Skin.SetString(widget-movie,$LOCALIZE[31960]))</onclick>
						<onclick>SetProperty(Dialog.4.Label,$LOCALIZE[31971])</onclick>
						<onclick>SetProperty(Dialog.4.BuiltIn,Skin.SetString(widget-movie,$LOCALIZE[31971]))</onclick>
						<onclick>SetProperty(Dialog.5.Label,$LOCALIZE[31972])</onclick>
						<onclick>SetProperty(Dialog.5.BuiltIn,Skin.SetString(widget-movie,$LOCALIZE[31972]))</onclick>
						<onclick>SetProperty(Dialog.6.Label,$LOCALIZE[31974])</onclick>
						<onclick>SetProperty(Dialog.6.BuiltIn,Skin.SetString(widget-movie,$LOCALIZE[31974]))</onclick>
						<onclick>SetProperty(Dialog.7.Label,$LOCALIZE[31661])</onclick>
						<onclick>SetProperty(Dialog.7.BuiltIn,Skin.SetString(widget-movie,$LOCALIZE[31661])
						||Skin.SetString(widget-movie.Type,$LOCALIZE[31661])
						||Skin.Reset(widget-movie.List)||Skin.Reset(widget-movie.Path)||Skin.Reset(widget-movie.Icon)
						||Skin.Reset(widget-movie.Label)||Skin.Reset(widget-movie.Type)||SetProperty(ListCustomBase,widget-movie,settings)
						||SetProperty(SelectDialogType,selectskinplaylist,home)||Skin.SetString(widget-movie.Label)||ActivateWindow(1154))</onclick>
						<onclick>SetProperty(Dialog.8.Label,$LOCALIZE[31660])</onclick>
						<onclick>SetProperty(Dialog.8.BuiltIn,Skin.SetString(widget-movie,$LOCALIZE[31660])
						||Skin.SetString(widget-movie.Type,$LOCALIZE[31660])
						||Skin.Reset(widget-movie.List)||Skin.Reset(widget-movie.Path)||Skin.Reset(widget-movie.Icon)
						||Skin.Reset(widget-movie.Label)||Skin.Reset(widget-movie.Type)||SetProperty(ListCustomBase,widget-movie,settings)
						||SetProperty(SelectDialogType,selectuserplaylist,home)||Skin.SetString(widget-movie.Label)||ActivateWindow(1154))</onclick>
						<onclick>SetProperty(Dialog.9.Label,$LOCALIZE[31652])</onclick>
						<onclick condition="System.HasAddon(script.favourites)">SetProperty(Dialog.9.BuiltIn,Skin.SetString(widget-movie,$LOCALIZE[31652])
						||Skin.Reset(widget-movie.List)||Skin.Reset(widget-movie.Path)
						||Skin.Reset(widget-movie.Icon)||Skin.Reset(widget-movie.Label)||Skin.Reset(widget-movie.Type)
						||RunScript(script.favourites,changetitle=true&amp;property=widget-movie))</onclick>
						<onclick condition="!System.HasAddon(script.favourites)">SetProperty(Dialog.9.BuiltIn,Skin.SetString(widget-movie,$LOCALIZE[31652])
						||Skin.Reset(widget-movie.List)||Skin.Reset(widget-movie.Path)
						||Skin.Reset(widget-movie.Icon)||Skin.Reset(widget-movie.Label)||Skin.Reset(widget-movie.Type)
						||InstallAddon(script.favourites)||RunScript(script.favourites,changetitle=true&amp;property=widget-movie))</onclick>
						<onclick>RunScript(script.embuary.helper,action=createselect,header=$LOCALIZE[31808] - $LOCALIZE[31026])</onclick>
						<visible>!$EXP[isVerticalHome]</visible>
					</control>
					<control type="button" id="308"><!-- TVShow Widget type -->
						<include>settings-submenu-common</include>
						<label>$LOCALIZE[31027]</label>
						<label2>$INFO[Skin.String(widget-tvshow)]</label2>
						<onclick>SetProperty(Dialog.1.Label,$LOCALIZE[231])</onclick>
						<onclick>SetProperty(Dialog.1.BuiltIn,Skin.Reset(widget-tvshow))</onclick>
						<onclick>SetProperty(Dialog.2.Label,$LOCALIZE[31954])</onclick>
						<onclick>SetProperty(Dialog.2.BuiltIn,Skin.SetString(widget-tvshow,$LOCALIZE[31954]))</onclick>
						<onclick>SetProperty(Dialog.3.Label,$LOCALIZE[31962])</onclick>
						<onclick>SetProperty(Dialog.3.BuiltIn,Skin.SetString(widget-tvshow,$LOCALIZE[31962]))</onclick>
						<onclick>SetProperty(Dialog.4.Label,$LOCALIZE[31975])</onclick>
						<onclick>SetProperty(Dialog.4.BuiltIn,Skin.SetString(widget-tvshow,$LOCALIZE[31975]))</onclick>
						<onclick>SetProperty(Dialog.5.Label,$LOCALIZE[31976])</onclick>
						<onclick>SetProperty(Dialog.5.BuiltIn,Skin.SetString(widget-tvshow,$LOCALIZE[31976]))</onclick>
						<onclick>SetProperty(Dialog.6.Label,$LOCALIZE[31977])</onclick>
						<onclick>SetProperty(Dialog.6.BuiltIn,Skin.SetString(widget-tvshow,$LOCALIZE[31977]))</onclick>
						<onclick>SetProperty(Dialog.7.Label,$LOCALIZE[31661])</onclick>
						<onclick>SetProperty(Dialog.7.BuiltIn,Skin.SetString(widget-tvshow,$LOCALIZE[31661])
						||Skin.SetString(widget-tvshow.Type,$LOCALIZE[31661])
						||Skin.Reset(widget-tvshow.List)||Skin.Reset(widget-tvshow.Path)||Skin.Reset(widget-tvshow.Icon)
						||Skin.Reset(widget-tvshow.Label)||Skin.Reset(widget-tvshow.Type)||SetProperty(ListCustomBase,widget-tvshow,settings)
						||SetProperty(SelectDialogType,selectskinplaylist,home)||Skin.SetString(widget-tvshow.Label)||ActivateWindow(1154))</onclick>
						<onclick>SetProperty(Dialog.8.Label,$LOCALIZE[31660])</onclick>
						<onclick>SetProperty(Dialog.8.BuiltIn,Skin.SetString(widget-tvshow,$LOCALIZE[31660])
						||Skin.SetString(widget-tvshow.Type,$LOCALIZE[31660])
						||Skin.Reset(widget-tvshow.List)||Skin.Reset(widget-tvshow.Path)||Skin.Reset(widget-tvshow.Icon)
						||Skin.Reset(widget-tvshow.Label)||Skin.Reset(widget-tvshow.Type)||SetProperty(ListCustomBase,widget-tvshow,settings)
						||SetProperty(SelectDialogType,selectuserplaylist,home)||Skin.SetString(widget-tvshow.Label)||ActivateWindow(1154))</onclick>
						<onclick>SetProperty(Dialog.9.Label,$LOCALIZE[31652])</onclick>
						<onclick condition="System.HasAddon(script.favourites)">SetProperty(Dialog.9.BuiltIn,Skin.SetString(widget-tvshow,$LOCALIZE[31652])
						||Skin.Reset(widget-tvshow.List)||Skin.Reset(widget-tvshow.Path)
						||Skin.Reset(widget-tvshow.Icon)||Skin.Reset(widget-tvshow.Label)||Skin.Reset(widget-tvshow.Type)
						||RunScript(script.favourites,changetitle=true&amp;property=widget-tvshow))</onclick>
						<onclick condition="!System.HasAddon(script.favourites)">SetProperty(Dialog.9.BuiltIn,Skin.SetString(widget-tvshow,$LOCALIZE[31652])
						||Skin.Reset(widget-tvshow.List)||Skin.Reset(widget-tvshow.Path)
						||Skin.Reset(widget-tvshow.Icon)||Skin.Reset(widget-tvshow.Label)||Skin.Reset(widget-tvshow.Type)
						||InstallAddon(script.favourites)||RunScript(script.favourites,changetitle=true&amp;property=widget-tvshow))</onclick>
						<onclick>RunScript(script.embuary.helper,action=createselect,header=$LOCALIZE[31808] - $LOCALIZE[31027])</onclick>
						<visible>!$EXP[isVerticalHome]</visible>
					</control>

					<control type="button" id="309"><!-- TVShow Widget image type -->
						<include>settings-submenu-common</include>
						<label> - $LOCALIZE[31940]</label>
						<label2>$INFO[Skin.String(widget-tvshowimgtyp)]</label2>
						<onclick>SetProperty(Dialog.1.Label,$LOCALIZE[31950])</onclick>
						<onclick>SetProperty(Dialog.1.BuiltIn,Skin.SetString(widget-tvshowimgtyp,$LOCALIZE[31950]))</onclick>
						<onclick>SetProperty(Dialog.2.Label,$LOCALIZE[31949])</onclick>
						<onclick>SetProperty(Dialog.2.BuiltIn,Skin.SetString(widget-tvshowimgtyp,$LOCALIZE[31949]))</onclick>
						<onclick>SetProperty(Dialog.3.Label,$LOCALIZE[31670])</onclick>
						<onclick>SetProperty(Dialog.3.BuiltIn,Skin.SetString(widget-tvshowimgtyp,$LOCALIZE[31670]))</onclick>
						<onclick>RunScript(script.embuary.helper,action=createselect,header=$LOCALIZE[31027] $LOCALIZE[31940])</onclick>
						<visible>!$EXP[isVerticalHome]</visible>
					</control>
					<control type="button" id="312"><!-- Music Widget type -->
						<include>settings-submenu-common</include>
						<label>$LOCALIZE[2]</label>
						<label2>$INFO[Skin.String(widget-music)]</label2>
						<onclick>SetProperty(Dialog.1.Label,$LOCALIZE[231])</onclick>
						<onclick>SetProperty(Dialog.1.BuiltIn,Skin.Reset(widget-music))</onclick>
						<onclick>SetProperty(Dialog.2.Label,$LOCALIZE[31954])</onclick>
						<onclick>SetProperty(Dialog.2.BuiltIn,Skin.SetString(widget-music,$LOCALIZE[31954]))</onclick>
						<onclick>SetProperty(Dialog.3.Label,$LOCALIZE[31955])</onclick>
						<onclick>SetProperty(Dialog.3.BuiltIn,Skin.SetString(widget-music,$LOCALIZE[31955]))</onclick>
						<onclick>SetProperty(Dialog.4.Label,$LOCALIZE[31978])</onclick>
						<onclick>SetProperty(Dialog.4.BuiltIn,Skin.SetString(widget-music,$LOCALIZE[31978]))</onclick>
						<onclick>SetProperty(Dialog.5.Label,$LOCALIZE[31979])</onclick>
						<onclick>SetProperty(Dialog.5.BuiltIn,Skin.SetString(widget-music,$LOCALIZE[31979]))</onclick>
						<onclick>SetProperty(Dialog.6.Label,$LOCALIZE[31980])</onclick>
						<onclick>SetProperty(Dialog.6.BuiltIn,Skin.SetString(widget-music,$LOCALIZE[31980]))</onclick>
						<onclick>SetProperty(Dialog.7.Label,$LOCALIZE[31981])</onclick>
						<onclick>SetProperty(Dialog.7.BuiltIn,Skin.SetString(widget-music,$LOCALIZE[31981]))</onclick>
						<onclick>SetProperty(Dialog.8.Label,$LOCALIZE[31661])</onclick>
						<onclick>SetProperty(Dialog.8.BuiltIn,Skin.SetString(widget-music,$LOCALIZE[31661])
						||Skin.SetString(widget-music.Type,$LOCALIZE[31661])
						||Skin.Reset(widget-music.List)||Skin.Reset(widget-music.Path)||Skin.Reset(widget-music.Icon)
						||Skin.Reset(widget-music.Label)||Skin.Reset(widget-music.Type)||SetProperty(ListCustomBase,widget-music,settings)
						||SetProperty(SelectDialogType,selectskinplaylist,home)||Skin.SetString(widget-music.Label)||ActivateWindow(1154))</onclick>
						<onclick>SetProperty(Dialog.9.Label,$LOCALIZE[31660])</onclick>
						<onclick>SetProperty(Dialog.9.BuiltIn,Skin.SetString(widget-music,$LOCALIZE[31660])
						||Skin.SetString(widget-music.Type,$LOCALIZE[31660])
						||Skin.Reset(widget-music.List)||Skin.Reset(widget-music.Path)||Skin.Reset(widget-music.Icon)
						||Skin.Reset(widget-music.Label)||Skin.Reset(widget-music.Type)||SetProperty(ListCustomBase,widget-music,settings)
						||SetProperty(SelectDialogType,selectuserplaylist,home)||Skin.SetString(widget-music.Label)||ActivateWindow(1154))</onclick>
						<onclick>SetProperty(Dialog.10.Label,$LOCALIZE[31652])</onclick>
						<onclick condition="System.HasAddon(script.favourites)">SetProperty(Dialog.10.BuiltIn,Skin.SetString(widget-music,$LOCALIZE[31652])
						||Skin.Reset(widget-music.List)||Skin.Reset(widget-music.Path)
						||Skin.Reset(widget-music.Icon)||Skin.Reset(widget-music.Label)||Skin.Reset(widget-music.Type)
						||RunScript(script.favourites,changetitle=true&amp;property=widget-music))</onclick>
						<onclick condition="!System.HasAddon(script.favourites)">SetProperty(Dialog.10.BuiltIn,Skin.SetString(widget-music,$LOCALIZE[31652])
						||Skin.Reset(widget-music.List)||Skin.Reset(widget-music.Path)
						||Skin.Reset(widget-music.Icon)||Skin.Reset(widget-music.Label)||Skin.Reset(widget-music.Type)
						||InstallAddon(script.favourites)||RunScript(script.favourites,changetitle=true&amp;property=widget-music))</onclick>
						<onclick>RunScript(script.embuary.helper,action=createselect,header=$LOCALIZE[31808] - $LOCALIZE[2])</onclick>
						<visible>!$EXP[isVerticalHome]</visible>
					</control>
					<control type="button" id="313"><!-- Broadcast Widget type -->
						<include>settings-submenu-common</include>
						<label>$LOCALIZE[31031]</label>
						<label2>$INFO[Skin.String(widget-broadcast)]</label2>
						<onclick>SetProperty(Dialog.1.Label,$LOCALIZE[231])</onclick>
						<onclick>SetProperty(Dialog.1.BuiltIn,Skin.Reset(widget-broadcast))</onclick>
						<onclick>SetProperty(Dialog.2.Label,$LOCALIZE[31956])</onclick>
						<onclick>SetProperty(Dialog.2.BuiltIn,Skin.SetString(widget-broadcast,$LOCALIZE[31956]))</onclick>
						<onclick>SetProperty(Dialog.3.Label,$LOCALIZE[31957])</onclick>
						<onclick>SetProperty(Dialog.3.BuiltIn,Skin.SetString(widget-broadcast,$LOCALIZE[31957]))</onclick>
						<onclick>SetProperty(Dialog.4.Label,$LOCALIZE[31958])</onclick>
						<onclick>SetProperty(Dialog.4.BuiltIn,Skin.SetString(widget-broadcast,$LOCALIZE[31958]))</onclick>
						<onclick>SetProperty(Dialog.5.Label,$LOCALIZE[31652])</onclick>
						<onclick condition="System.HasAddon(script.favourites)">SetProperty(Dialog.5.BuiltIn,Skin.SetString(widget-broadcast,$LOCALIZE[31652])
						||Skin.Reset(widget-broadcast.List)||Skin.Reset(widget-broadcast.Path)
						||Skin.Reset(widget-broadcast.Icon)||Skin.Reset(widget-broadcast.Label)||Skin.Reset(widget-broadcast.Type)
						||RunScript(script.favourites,changetitle=true&amp;property=widget-broadcast))</onclick>
						<onclick condition="!System.HasAddon(script.favourites)">SetProperty(Dialog.5.BuiltIn,Skin.SetString(widget-broadcast,$LOCALIZE[31652])
						||Skin.Reset(widget-broadcast.List)||Skin.Reset(widget-broadcast.Path)
						||Skin.Reset(widget-broadcast.Icon)||Skin.Reset(widget-broadcast.Label)||Skin.Reset(widget-broadcast.Type)
						||InstallAddon(script.favourites)||RunScript(script.favourites,changetitle=true&amp;property=widget-broadcast))</onclick>	
						<onclick>RunScript(script.embuary.helper,action=createselect,header=$LOCALIZE[31808] - $LOCALIZE[31031])</onclick>
						<enable>System.HasPVRAddon</enable>
						<visible>$EXP[isHorizontalHome]</visible>
					</control>
					<control type="button" id="314"><!-- Addon Widget type -->
						<include>settings-submenu-common</include>
						<label>$LOCALIZE[24001]</label>
						<label2>$INFO[Skin.String(widget-addon)]</label2>
						<onclick>SetProperty(Dialog.1.Label,$LOCALIZE[231])</onclick>
						<onclick>SetProperty(Dialog.1.BuiltIn,Skin.Reset(widget-addon))</onclick>
						<onclick>SetProperty(Dialog.2.Label,$LOCALIZE[31954])</onclick>
						<onclick>SetProperty(Dialog.2.BuiltIn,Skin.SetString(widget-addon,$LOCALIZE[31954]))</onclick>
						<onclick>SetProperty(Dialog.3.Label,$LOCALIZE[31959])</onclick>
						<onclick>SetProperty(Dialog.3.BuiltIn,Skin.SetString(widget-addon,$LOCALIZE[31959]))</onclick>
						<onclick>SetProperty(Dialog.4.Label,$LOCALIZE[31652])</onclick>
						<onclick condition="System.HasAddon(script.favourites)">SetProperty(Dialog.4.BuiltIn,Skin.SetString(widget-addon,$LOCALIZE[31652])
						||Skin.Reset(widget-addon.List)||Skin.Reset(widget-addon.Path)
						||Skin.Reset(widget-addon.Icon)||Skin.Reset(widget-addon.Label)||Skin.Reset(widget-addon.Type)
						||RunScript(script.favourites,changetitle=true&amp;property=widget-addon))</onclick>
						<onclick condition="!System.HasAddon(script.favourites)">SetProperty(Dialog.4.BuiltIn,Skin.SetString(widget-addon,$LOCALIZE[31652])
						||Skin.Reset(widget-addon.List)||Skin.Reset(widget-addon.Path)
						||Skin.Reset(widget-addon.Icon)||Skin.Reset(widget-addon.Label)||Skin.Reset(widget-addon.Type)
						||InstallAddon(script.favourites)||RunScript(script.favourites,changetitle=true&amp;property=widget-addon))</onclick>
						<onclick>RunScript(script.embuary.helper,action=createselect,header=$LOCALIZE[31808] - $LOCALIZE[24001])</onclick>
						<visible>$EXP[isHorizontalHome]</visible>
					</control>
					<control type="button" id="315"><!-- Favourites Widget type -->
						<include>settings-submenu-common</include>
						<label>$LOCALIZE[1036]</label>
						<label2>$INFO[Skin.String(widget-favourite)]</label2>
						<onclick>SetProperty(Dialog.1.Label,$LOCALIZE[231])</onclick>
						<onclick>SetProperty(Dialog.1.BuiltIn,Skin.Reset(widget-favourite))</onclick>
						<onclick>SetProperty(Dialog.2.Label,$LOCALIZE[593] $LOCALIZE[1036])</onclick>
						<onclick>SetProperty(Dialog.2.BuiltIn,Skin.SetString(widget-favourite,$LOCALIZE[593]$LOCALIZE[1036]))</onclick>
						<onclick>SetProperty(Dialog.3.Label,$LOCALIZE[14211] $LOCALIZE[1036])</onclick>
						<onclick>SetProperty(Dialog.3.BuiltIn,Skin.SetString(widget-favourite,$LOCALIZE[14211]$LOCALIZE[1036]))</onclick>
						<onclick>SetProperty(Dialog.4.Label,$LOCALIZE[31652])</onclick>
						<onclick condition="System.HasAddon(script.favourites)">SetProperty(Dialog.4.BuiltIn,Skin.SetString(widget-favourite,$LOCALIZE[31652])
						||Skin.Reset(widget-favourite.List)||Skin.Reset(widget-favourite.Path)
						||Skin.Reset(widget-favourite.Icon)||Skin.Reset(widget-favourite.Label)||Skin.Reset(widget-favourite.Type)
						||RunScript(script.favourites,changetitle=true&amp;property=widget-favourite))</onclick>
						<onclick condition="!System.HasAddon(script.favourites)">SetProperty(Dialog.4.BuiltIn,Skin.SetString(widget-favourite,$LOCALIZE[31652])
						||Skin.Reset(widget-favourite.List)||Skin.Reset(widget-favourite.Path)
						||Skin.Reset(widget-favourite.Icon)||Skin.Reset(widget-favourite.Label)||Skin.Reset(widget-favourite.Type)
						||InstallAddon(script.favourites)||RunScript(script.favourites,changetitle=true&amp;property=widget-favourite))</onclick>
						<onclick>RunScript(script.embuary.helper,action=createselect,header=$LOCALIZE[31808] - $LOCALIZE[1036])</onclick>
						<visible>$EXP[isHorizontalHome]</visible>
					</control>
					<control type="button" id="316"><!-- VideoInfo Movie Widget type -->
						<include>settings-submenu-common</include>
						<label>$LOCALIZE[31026] $LOCALIZE[31588]</label>
						<label2>$INFO[Skin.String(widget-movie)]</label2>
						<onclick>SetProperty(Dialog.1.Label,$LOCALIZE[31953])</onclick>
						<onclick>SetProperty(Dialog.1.BuiltIn,Skin.SetString(widget-infomovie,$LOCALIZE[31953]))</onclick>
						<onclick>SetProperty(Dialog.2.Label,$LOCALIZE[31964])</onclick>
						<onclick>SetProperty(Dialog.2.BuiltIn,Skin.SetString(widget-infomovie,$LOCALIZE[31964]))</onclick>
						<onclick>SetProperty(Dialog.3.Label,$LOCALIZE[31960])</onclick>
						<onclick>SetProperty(Dialog.3.BuiltIn,Skin.SetString(widget-infomovie,$LOCALIZE[31960]))</onclick>
						<onclick>SetProperty(Dialog.4.Label,$LOCALIZE[31971])</onclick>
						<onclick>SetProperty(Dialog.4.BuiltIn,Skin.SetString(widget-infomovie,$LOCALIZE[31971]))</onclick>
						<onclick>SetProperty(Dialog.5.Label,$LOCALIZE[31972])</onclick>
						<onclick>SetProperty(Dialog.5.BuiltIn,Skin.SetString(widget-infomovie,$LOCALIZE[31972]))</onclick>
						<onclick>SetProperty(Dialog.6.Label,$LOCALIZE[31974])</onclick>
						<onclick>SetProperty(Dialog.6.BuiltIn,Skin.SetString(widget-infomovie,$LOCALIZE[31974]))</onclick>
						<onclick>SetProperty(Dialog.7.Label,$LOCALIZE[31661])</onclick>
						<onclick>SetProperty(Dialog.7.BuiltIn,Skin.SetString(widget-infomovie,$LOCALIZE[31661])
						||Skin.SetString(widget-infomovie.Type,$LOCALIZE[31661])
						||Skin.Reset(widget-infomovie.List)||Skin.Reset(widget-infomovie.Path)||Skin.Reset(widget-infomovie.Icon)
						||Skin.Reset(widget-infomovie.Label)||Skin.Reset(widget-infomovie.Type)||SetProperty(ListCustomBase,widget-infomovie,settings)
						||SetProperty(SelectDialogType,selectskinplaylist,home)||Skin.SetString(widget-infomovie.Label)||ActivateWindow(1154))</onclick>
						<onclick>SetProperty(Dialog.8.Label,$LOCALIZE[31660])</onclick>
						<onclick>SetProperty(Dialog.8.BuiltIn,Skin.SetString(widget-infomovie,$LOCALIZE[31660])
						||Skin.SetString(widget-infomovie.Type,$LOCALIZE[31660])
						||Skin.Reset(widget-infomovie.List)||Skin.Reset(widget-infomovie.Path)||Skin.Reset(widget-infomovie.Icon)
						||Skin.Reset(widget-infomovie.Label)||Skin.Reset(widget-infomovie.Type)||SetProperty(ListCustomBase,widget-infomovie,settings)
						||SetProperty(SelectDialogType,selectuserplaylist,home)||Skin.SetString(widget-infomovie.Label)||ActivateWindow(1154))</onclick>
						<onclick>SetProperty(Dialog.9.Label,$LOCALIZE[31652])</onclick>
						<onclick condition="System.HasAddon(script.favourites)">SetProperty(Dialog.9.BuiltIn,Skin.SetString(widget-infomovie,$LOCALIZE[31652])
						||Skin.Reset(widget-infomovie.List)||Skin.Reset(widget-infomovie.Path)
						||Skin.Reset(widget-infomovie.Icon)||Skin.Reset(widget-infomovie.Label)||Skin.Reset(widget-infomovie.Type)
						||RunScript(script.favourites,changetitle=true&amp;property=widget-infomovie))</onclick>
						<onclick condition="!System.HasAddon(script.favourites)">SetProperty(Dialog.9.BuiltIn,Skin.SetString(widget-infomovie,$LOCALIZE[31652])
						||Skin.Reset(widget-infomovie.List)||Skin.Reset(widget-infomovie.Path)
						||Skin.Reset(widget-infomovie.Icon)||Skin.Reset(widget-infomovie.Label)||Skin.Reset(widget-infomovie.Type)
						||InstallAddon(script.favourites)||RunScript(script.favourites,changetitle=true&amp;property=widget-infomovie))</onclick>
						<onclick>RunScript(script.embuary.helper,action=createselect,header=$LOCALIZE[31808] - $LOCALIZE[31026] $LOCALIZE[31588])</onclick>
						<visible>!$EXP[isVerticalHome]</visible>
					</control>
					<control type="button" id="317"><!-- VideoInfo TVShow Widget type -->
						<include>settings-submenu-common</include>
						<label>$LOCALIZE[31027] $LOCALIZE[31588]</label>
						<label2>$INFO[Skin.String(widget-infotvshow)]</label2>
						<onclick>SetProperty(Dialog.1.Label,$LOCALIZE[31953])</onclick>
						<onclick>SetProperty(Dialog.1.BuiltIn,Skin.SetString(widget-infotvshow,$LOCALIZE[31953]))</onclick>
						<onclick>SetProperty(Dialog.2.Label,$LOCALIZE[31954])</onclick>
						<onclick>SetProperty(Dialog.2.BuiltIn,Skin.SetString(widget-infotvshow,$LOCALIZE[31954]))</onclick>
						<onclick>SetProperty(Dialog.3.Label,$LOCALIZE[31955])</onclick>
						<onclick>SetProperty(Dialog.3.BuiltIn,Skin.SetString(widget-infotvshow,$LOCALIZE[31955]))</onclick>
						<onclick>SetProperty(Dialog.4.Label,$LOCALIZE[31975])</onclick>
						<onclick>SetProperty(Dialog.4.BuiltIn,Skin.SetString(widget-infotvshow,$LOCALIZE[31975]))</onclick>
						<onclick>SetProperty(Dialog.5.Label,$LOCALIZE[31976])</onclick>
						<onclick>SetProperty(Dialog.5.BuiltIn,Skin.SetString(widget-infotvshow,$LOCALIZE[31976]))</onclick>
						<onclick>SetProperty(Dialog.6.Label,$LOCALIZE[31977])</onclick>
						<onclick>SetProperty(Dialog.6.BuiltIn,Skin.SetString(widget-infotvshow,$LOCALIZE[31977]))</onclick>
						<onclick>SetProperty(Dialog.7.Label,$LOCALIZE[31661])</onclick>
						<onclick>SetProperty(Dialog.7.BuiltIn,Skin.SetString(widget-infotvshow,$LOCALIZE[31661])
						||Skin.SetString(widget-infotvshow.Type,$LOCALIZE[31661])
						||Skin.Reset(widget-infotvshow.List)||Skin.Reset(widget-infotvshow.Path)||Skin.Reset(widget-infotvshow.Icon)
						||Skin.Reset(widget-infotvshow.Label)||Skin.Reset(widget-infotvshow.Type)||SetProperty(ListCustomBase,widget-infotvshow,settings)
						||SetProperty(SelectDialogType,selectskinplaylist,home)||Skin.SetString(widget-infotvshow.Label)||ActivateWindow(1154))</onclick>
						<onclick>SetProperty(Dialog.8.Label,$LOCALIZE[31660])</onclick>
						<onclick>SetProperty(Dialog.8.BuiltIn,Skin.SetString(widget-infotvshow,$LOCALIZE[31660])
						||Skin.SetString(widget-infotvshow.Type,$LOCALIZE[31660])
						||Skin.Reset(widget-infotvshow.List)||Skin.Reset(widget-infotvshow.Path)||Skin.Reset(widget-infotvshow.Icon)
						||Skin.Reset(widget-infotvshow.Label)||Skin.Reset(widget-infotvshow.Type)||SetProperty(ListCustomBase,widget-infotvshow,settings)
						||SetProperty(SelectDialogType,selectuserplaylist,home)||Skin.SetString(widget-infotvshow.Label)||ActivateWindow(1154))</onclick>
						<onclick>SetProperty(Dialog.9.Label,$LOCALIZE[31652])</onclick>
						<onclick condition="System.HasAddon(script.favourites)">SetProperty(Dialog.9.BuiltIn,Skin.SetString(widget-tvshow,$LOCALIZE[31652])
						||Skin.Reset(widget-infotvshow.List)||Skin.Reset(widget-infotvshow.Path)
						||Skin.Reset(widget-infotvshow.Icon)||Skin.Reset(widget-infotvshow.Label)||Skin.Reset(widget-infotvshow.Type)
						||RunScript(script.favourites,changetitle=true&amp;property=widget-infotvshow))</onclick>
						<onclick condition="!System.HasAddon(script.favourites)">SetProperty(Dialog.9.BuiltIn,Skin.SetString(widget-infotvshow,$LOCALIZE[31652])
						||Skin.Reset(widget-infotvshow.List)||Skin.Reset(widget-infotvshow.Path)
						||Skin.Reset(widget-infotvshow.Icon)||Skin.Reset(widget-infotvshow.Label)||Skin.Reset(widget-infotvshow.Type)
						||InstallAddon(script.favourites)||RunScript(script.favourites,changetitle=true&amp;property=widget-infotvshow))</onclick>
						<onclick>RunScript(script.embuary.helper,action=createselect,header=$LOCALIZE[31808] - $LOCALIZE[31027] $LOCALIZE[31588])</onclick>
						<visible>!$EXP[isVerticalHome]</visible>
					</control>
					<control type="button" id="325"><!-- Reset Above Settings button -->
						<include>settings-submenu-common</include>
						<label>$LOCALIZE[10041]</label>
						<onclick>Skin.Reset(widget-movie)</onclick>
						<onclick>Skin.Reset(widget-tvshow)</onclick>
						<onclick>Skin.Reset(widget-tvshowimgtyp)</onclick>
						<onclick>Skin.Reset(widget-music)</onclick>
						<onclick>Skin.Reset(widget-addon)</onclick>
						<onclick>Skin.Reset(widget-broadcast)</onclick>
						<onclick>Skin.Reset(widget-addon)</onclick>
						<onclick>Skin.Reset(widget-favourite)</onclick>
						<onclick>Skin.Reset(widget-infomovie)</onclick>
						<onclick>Skin.Reset(widget-infotvshow)</onclick>
					</control>
				</control>
				<!-- Markers for control area items -->
				<include content="page-offscreen-vertical">
					<param name="indicator1left" value="726"/>
					<param name="indicator1top" value="144"/>
					<param name="indicator2left" value="726"/>
					<param name="indicator2top" value="978"/>
					<param name="indicatorsize" value="24"/>
					<param name="indicatorcontainer" value="301"/>
				</include>
			</control>
			<control type="group" id="400"><!-- Home Menu Settings -->
				<visible>String.IsEqual(Container(999).ListItem.Property(SkinSettingMenu),custom)</visible>
				<control type="image"><!-- Skin Logo -->
					<left>225</left>
					<top>225</top>
					<width>768</width>
					<height>384</height>
					<aspectratio>keep</aspectratio>
					<texture>skin-logo-big.png</texture>
				</control>
			</control>
			<control type="group" id="500"><!-- Background Settings -->
				<visible>String.IsEqual(Container(999).ListItem.Property(SkinSettingMenu),background)</visible>
				<control type="grouplist" id="501">
					<include>skinsettings-list</include>
					<control type="button" id="502"><!-- Custom Background Button -->
						<include>settings-submenu-common</include>
						<label>$LOCALIZE[31860]</label>
						<onclick>Skin.SetImage(background-custom)</onclick>
						<visible>!Skin.String(background-custom)</visible>
					</control>
					<control type="button" id="503"><!-- Reset Custom Background Button -->
						<include>settings-submenu-common</include>
						<label>$LOCALIZE[31861]</label>
						<onclick>Skin.Reset(background-custom)</onclick>
						<visible>Skin.String(background-custom)</visible>
					</control>
					<control type="radiobutton" id="504"><!-- Background Fanart Toggle -->
						<include>settings-submenu-radio</include>
						<label>$LOCALIZE[31863]</label>
						<onclick>Skin.ToggleSetting(background-fanarts)</onclick>
						<selected>!Skin.HasSetting(background-fanarts)</selected>
					</control>
					<control type="radiobutton" id="506"><!-- Media In Background Toggle -->
						<include>settings-submenu-radio</include>
						<label>$LOCALIZE[31862]</label>
						<onclick>Skin.ToggleSetting(background-playingmedia)</onclick>
						<selected>Skin.HasSetting(background-playingmedia)</selected>
					</control>
					<control type="radiobutton" id="507"><!-- Background Artistslideshow Toggle -->
						<include>settings-submenu-radio</include>
						<label>$LOCALIZE[31865]</label>
						<onclick>Skin.ToggleSetting(background-slideshow)</onclick>
						<selected>Skin.HasSetting(background-slideshow)</selected>
						<enable>System.HasAddon(script.artistslideshow)</enable>
					</control>
					<control type="button" id="510"><!-- Background Visibilty -->
						<include>settings-submenu-common</include>
						<label>$LOCALIZE[31868]</label>
						<label2>$VAR[BackgroundVisibilty]</label2>
						<onclick>SetProperty(Dialog.1.Label,$LOCALIZE[391])</onclick>
						<onclick>SetProperty(Dialog.1.BuiltIn,Skin.Reset(background-visibiltyhigh)||Skin.Reset(background-visibiltymed))</onclick>
						<onclick>SetProperty(Dialog.2.Label,$LOCALIZE[392])</onclick>
						<onclick>SetProperty(Dialog.2.BuiltIn,Skin.SetBool(background-visibiltymed)||Skin.Reset(background-visibiltyhigh))</onclick>
						<onclick>SetProperty(Dialog.3.Label,$LOCALIZE[393])</onclick>
						<onclick>SetProperty(Dialog.3.BuiltIn,Skin.SetBool(background-visibiltyhigh)||Skin.Reset(background-visibiltymed))</onclick>
						<onclick>RunScript(script.embuary.helper,action=createselect,header=$LOCALIZE[31868])</onclick>
					</control>
					<control type="button" id="514"><!-- Reset Above Settings button -->
						<include>settings-submenu-common</include>
						<label>$LOCALIZE[10041]</label>
						<onclick>Skin.Reset(background-custom)</onclick>
						<onclick>Skin.Reset(background-fanarts)</onclick>
						<onclick>Skin.Reset(background-playingmedia)</onclick>
						<onclick>Skin.Reset(background-slideshow)</onclick>
						<onclick>Skin.Reset(background-visibiltymed)</onclick>
						<onclick>Skin.Reset(background-visibiltyhigh)</onclick>
					</control>
				</control>
				<!-- Markers for control area items -->
				<include content="page-offscreen-vertical">
					<param name="indicator1left" value="726"/>
					<param name="indicator1top" value="144"/>
					<param name="indicator2left" value="726"/>
					<param name="indicator2top" value="978"/>
					<param name="indicatorsize" value="24"/>
					<param name="indicatorcontainer" value="501"/>
				</include>
			</control>
			<control type="group" id="600"><!-- Media Entry Points Settings -->
				<visible>String.IsEqual(Container(999).ListItem.Property(SkinSettingMenu),sources)</visible>
				<control type="grouplist" id="601">
					<include>skinsettings-list</include>
					<control type="button" id="602"><!-- Set Movie library entry point -->
						<include>settings-submenu-common</include>
						<label>$LOCALIZE[31920]</label>
						<label2>$INFO[Skin.String(libraryentry-movie)]</label2>
						<onclick>SetProperty(Dialog.1.Label,$LOCALIZE[369])</onclick>
						<onclick>SetProperty(Dialog.1.BuiltIn,Skin.SetString(libraryentry-movie,$LOCALIZE[369]))</onclick>
						<onclick>SetProperty(Dialog.2.Label,$LOCALIZE[20108])</onclick>
						<onclick>SetProperty(Dialog.2.BuiltIn,Skin.SetString(libraryentry-movie,$LOCALIZE[20108]))</onclick>
						<onclick>SetProperty(Dialog.3.Label,$LOCALIZE[20386])</onclick>
						<onclick>SetProperty(Dialog.3.BuiltIn,Skin.SetString(libraryentry-movie,$LOCALIZE[20386]))</onclick>
						<onclick>SetProperty(Dialog.4.Label,$LOCALIZE[135])</onclick>
						<onclick>SetProperty(Dialog.4.BuiltIn,Skin.SetString(libraryentry-movie,$LOCALIZE[135]))</onclick>
						<onclick>SetProperty(Dialog.5.Label,$LOCALIZE[652])</onclick>
						<onclick>SetProperty(Dialog.5.BuiltIn,Skin.SetString(libraryentry-movie,$LOCALIZE[652]))</onclick>
						<onclick>SetProperty(Dialog.6.Label,$LOCALIZE[344])</onclick>
						<onclick>SetProperty(Dialog.6.BuiltIn,Skin.SetString(libraryentry-movie,$LOCALIZE[344]))</onclick>
						<onclick>SetProperty(Dialog.7.Label,$LOCALIZE[20348])</onclick>
						<onclick>SetProperty(Dialog.7.BuiltIn,Skin.SetString(libraryentry-movie,$LOCALIZE[20348]))</onclick>
						<onclick>SetProperty(Dialog.8.Label,$LOCALIZE[20388])</onclick>
						<onclick>SetProperty(Dialog.8.BuiltIn,Skin.SetString(libraryentry-movie,$LOCALIZE[20388]))</onclick>
						<onclick>SetProperty(Dialog.9.Label,$LOCALIZE[20434])</onclick>
						<onclick>SetProperty(Dialog.9.BuiltIn,Skin.SetString(libraryentry-movie,$LOCALIZE[20434]))</onclick>
						<onclick>SetProperty(Dialog.10.Label,$LOCALIZE[20451])</onclick>
						<onclick>SetProperty(Dialog.10.BuiltIn,Skin.SetString(libraryentry-movie,$LOCALIZE[20451]))</onclick>
						<onclick>SetProperty(Dialog.11.Label,$LOCALIZE[20459])</onclick>
						<onclick>SetProperty(Dialog.11.BuiltIn,Skin.SetString(libraryentry-movie,$LOCALIZE[20459]))</onclick>
						<onclick>SetProperty(Dialog.12.Label,$LOCALIZE[744])</onclick>
						<onclick>SetProperty(Dialog.12.BuiltIn,Skin.SetString(libraryentry-movie,$LOCALIZE[744]))</onclick>
						<onclick>SetProperty(Dialog.13.Label,$LOCALIZE[31661])</onclick>
						<onclick>SetProperty(Dialog.13.BuiltIn,Skin.SetString(libraryentry-movie,$LOCALIZE[31661])
						||Skin.SetString(libraryentry-movie.Type,$LOCALIZE[31661])
						||Skin.Reset(libraryentry-movie.List)||Skin.Reset(libraryentry-movie.Path)||Skin.Reset(libraryentry-movie.Icon)
						||Skin.Reset(libraryentry-movie.Label)||Skin.Reset(libraryentry-movie.Type)||SetProperty(ListCustomBase,libraryentry-movie,settings)
						||SetProperty(SelectDialogType,selectskinplaylist,home)||ActivateWindow(1154))</onclick>
						<onclick>SetProperty(Dialog.14.Label,$LOCALIZE[31660])</onclick>
						<onclick>SetProperty(Dialog.14.BuiltIn,Skin.SetString(libraryentry-movie,$LOCALIZE[31660])
						||Skin.SetString(libraryentry-movie.Type,$LOCALIZE[31660])
						||Skin.Reset(libraryentry-movie.List)||Skin.Reset(libraryentry-movie.Path)||Skin.Reset(libraryentry-movie.Icon)
						||Skin.Reset(libraryentry-movie.Label)||Skin.Reset(libraryentry-movie.Type)||SetProperty(ListCustomBase,libraryentry-movie,settings)
						||SetProperty(SelectDialogType,selectuserplaylist,home)||ActivateWindow(1154))</onclick>
						<onclick condition="System.HasAddon(script.favourites)">SetProperty(Dialog.15.Label,$LOCALIZE[31652])</onclick>
						<onclick condition="System.HasAddon(script.favourites)">SetProperty(Dialog.15.BuiltIn,Skin.SetString(libraryentry-movie,$LOCALIZE[31652])||RunScript(script.favourites,changetitle=false&amp;property=CustomMovieEntry))</onclick>
						<onclick>RunScript(script.embuary.helper,action=createselect,header=$LOCALIZE[31920])</onclick>
					</control>
					<control type="button" id="603"><!-- Set TVShow library entry point -->
						<include>settings-submenu-common</include>
						<label>$LOCALIZE[31921]</label>
						<label2>$INFO[Skin.String(libraryentry-tvshow)]</label2>
						<onclick>SetProperty(Dialog.1.Label,$LOCALIZE[369])</onclick>
						<onclick>SetProperty(Dialog.1.BuiltIn,Skin.SetString(libraryentry-tvshow,$LOCALIZE[369]))</onclick>
						<onclick>SetProperty(Dialog.2.Label,$LOCALIZE[20108])</onclick>
						<onclick>SetProperty(Dialog.2.BuiltIn,Skin.SetString(libraryentry-tvshow,$LOCALIZE[20108]))</onclick>
						<onclick>SetProperty(Dialog.3.Label,$LOCALIZE[20387])</onclick>
						<onclick>SetProperty(Dialog.3.BuiltIn,Skin.SetString(libraryentry-tvshow,$LOCALIZE[20387]))</onclick>
						<onclick>SetProperty(Dialog.4.Label,$LOCALIZE[135])</onclick>
						<onclick>SetProperty(Dialog.4.BuiltIn,Skin.SetString(libraryentry-tvshow,$LOCALIZE[135]))</onclick>
						<onclick>SetProperty(Dialog.5.Label,$LOCALIZE[652])</onclick>
						<onclick>SetProperty(Dialog.5.BuiltIn,Skin.SetString(libraryentry-tvshow,$LOCALIZE[652]))</onclick>
						<onclick>SetProperty(Dialog.6.Label,$LOCALIZE[344])</onclick>
						<onclick>SetProperty(Dialog.6.BuiltIn,Skin.SetString(libraryentry-tvshow,$LOCALIZE[344]))</onclick>
						<onclick>SetProperty(Dialog.7.Label,$LOCALIZE[20388])</onclick>
						<onclick>SetProperty(Dialog.7.BuiltIn,Skin.SetString(libraryentry-tvshow,$LOCALIZE[20388]))</onclick>
						<onclick>SetProperty(Dialog.8.Label,$LOCALIZE[744])</onclick>
						<onclick>SetProperty(Dialog.8.BuiltIn,Skin.SetString(libraryentry-tvshow,$LOCALIZE[744]))</onclick>
						<onclick>SetProperty(Dialog.9.Label,$LOCALIZE[31661])</onclick>
						<onclick>SetProperty(Dialog.9.BuiltIn,Skin.SetString(libraryentry-tvshow,$LOCALIZE[31661])
						||Skin.SetString(libraryentry-tvshow.Type,$LOCALIZE[31661])
						||Skin.Reset(libraryentry-tvshow.List)||Skin.Reset(libraryentry-tvshow.Path)||Skin.Reset(libraryentry-tvshow.Icon)
						||Skin.Reset(libraryentry-tvshow.Label)||Skin.Reset(libraryentry-tvshow.Type)||SetProperty(ListCustomBase,libraryentry-tvshow,settings)
						||SetProperty(SelectDialogType,selectskinplaylist,home)||ActivateWindow(1154))</onclick>
						<onclick>SetProperty(Dialog.10.Label,$LOCALIZE[31660])</onclick>
						<onclick>SetProperty(Dialog.10.BuiltIn,Skin.SetString(libraryentry-tvshow,$LOCALIZE[31660])
						||Skin.SetString(libraryentry-tvshow.Type,$LOCALIZE[31660])
						||Skin.Reset(libraryentry-tvshow.List)||Skin.Reset(libraryentry-tvshow.Path)||Skin.Reset(libraryentry-tvshow.Icon)
						||Skin.Reset(libraryentry-tvshow.Label)||Skin.Reset(libraryentry-tvshow.Type)||SetProperty(ListCustomBase,libraryentry-tvshow,settings)
						||SetProperty(SelectDialogType,selectuserplaylist,home)||ActivateWindow(1154))</onclick>
						<onclick condition="System.HasAddon(script.favourites)">SetProperty(Dialog.11.Label,$LOCALIZE[31652])</onclick>
						<onclick condition="System.HasAddon(script.favourites)">SetProperty(Dialog.11.BuiltIn,Skin.SetString(libraryentry-tvshow,$LOCALIZE[31652])||RunScript(script.favourites,changetitle=false&amp;property=CustomTVShowEntry))</onclick>
						<onclick>RunScript(script.embuary.helper,action=createselect,header=$LOCALIZE[31921])</onclick>
					</control>
					<control type="button" id="604"><!-- Set Music Video library entry point -->
						<include>settings-submenu-common</include>
						<label>$LOCALIZE[31922]</label>
						<label2>$INFO[Skin.String(libraryentry-musicvideo)]</label2>
						<onclick>SetProperty(Dialog.1.Label,$LOCALIZE[369])</onclick>
						<onclick>SetProperty(Dialog.1.BuiltIn,Skin.SetString(libraryentry-musicvideo,$LOCALIZE[369]))</onclick>
						<onclick>SetProperty(Dialog.2.Label,$LOCALIZE[20108])</onclick>
						<onclick>SetProperty(Dialog.2.BuiltIn,Skin.SetString(libraryentry-musicvideo,$LOCALIZE[20108]))</onclick>
						<onclick>SetProperty(Dialog.3.Label,$LOCALIZE[20390])</onclick>
						<onclick>SetProperty(Dialog.3.BuiltIn,Skin.SetString(libraryentry-musicvideo,$LOCALIZE[20390]))</onclick>
						<onclick>SetProperty(Dialog.4.Label,$LOCALIZE[135])</onclick>
						<onclick>SetProperty(Dialog.4.BuiltIn,Skin.SetString(libraryentry-musicvideo,$LOCALIZE[135]))</onclick>
						<onclick>SetProperty(Dialog.5.Label,$LOCALIZE[652])</onclick>
						<onclick>SetProperty(Dialog.5.BuiltIn,Skin.SetString(libraryentry-musicvideo,$LOCALIZE[652]))</onclick>
						<onclick>SetProperty(Dialog.6.Label,$LOCALIZE[133])</onclick>
						<onclick>SetProperty(Dialog.6.BuiltIn,Skin.SetString(libraryentry-musicvideo,$LOCALIZE[133]))</onclick>
						<onclick>SetProperty(Dialog.7.Label,$LOCALIZE[132])</onclick>
						<onclick>SetProperty(Dialog.7.BuiltIn,Skin.SetString(libraryentry-musicvideo,$LOCALIZE[132]))</onclick>
						<onclick>SetProperty(Dialog.8.Label,$LOCALIZE[20348])</onclick>
						<onclick>SetProperty(Dialog.8.BuiltIn,Skin.SetString(libraryentry-musicvideo,$LOCALIZE[20348]))</onclick>
						<onclick>SetProperty(Dialog.9.Label,$LOCALIZE[20388])</onclick>
						<onclick>SetProperty(Dialog.9.BuiltIn,Skin.SetString(libraryentry-musicvideo,$LOCALIZE[20388]))</onclick>
						<onclick>SetProperty(Dialog.10.Label,$LOCALIZE[744])</onclick>
						<onclick>SetProperty(Dialog.10.BuiltIn,Skin.SetString(libraryentry-musicvideo,$LOCALIZE[744]))</onclick>
						<onclick>SetProperty(Dialog.11.Label,$LOCALIZE[31661])</onclick>
						<onclick>SetProperty(Dialog.11.BuiltIn,Skin.SetString(libraryentry-musicvideo,$LOCALIZE[31661])
						||Skin.SetString(libraryentry-musicvideo.Type,$LOCALIZE[31661])
						||Skin.Reset(libraryentry-musicvideo.List)||Skin.Reset(libraryentry-musicvideo.Path)||Skin.Reset(libraryentry-musicvideo.Icon)
						||Skin.Reset(libraryentry-musicvideo.Label)||Skin.Reset(libraryentry-musicvideo.Type)||SetProperty(ListCustomBase,libraryentry-musicvideo,settings)
						||SetProperty(SelectDialogType,selectskinplaylist,home)||ActivateWindow(1154))</onclick>
						<onclick>SetProperty(Dialog.12.Label,$LOCALIZE[31660])</onclick>
						<onclick>SetProperty(Dialog.12.BuiltIn,Skin.SetString(libraryentry-musicvideo,$LOCALIZE[31660])
						||Skin.SetString(libraryentry-musicvideo.Type,$LOCALIZE[31660])
						||Skin.Reset(libraryentry-musicvideo.List)||Skin.Reset(libraryentry-musicvideo.Path)||Skin.Reset(libraryentry-musicvideo.Icon)
						||Skin.Reset(libraryentry-musicvideo.Label)||Skin.Reset(libraryentry-musicvideo.Type)||SetProperty(ListCustomBase,libraryentry-musicvideo,settings)
						||SetProperty(SelectDialogType,selectuserplaylist,home)||ActivateWindow(1154))</onclick>
						<onclick condition="System.HasAddon(script.favourites)">SetProperty(Dialog.13.Label,$LOCALIZE[31652])</onclick>
						<onclick condition="System.HasAddon(script.favourites)">SetProperty(Dialog.13.BuiltIn,Skin.SetString(libraryentry-musicvideo,$LOCALIZE[31652])||RunScript(script.favourites,changetitle=false&amp;property=CustomMusicVideoEntry))</onclick>
						<onclick>RunScript(script.embuary.helper,action=createselect,header=$LOCALIZE[31922])</onclick>
					</control>
					<control type="button" id="605"><!-- Set Music library entry point -->
						<include>settings-submenu-common</include>
						<label>$LOCALIZE[31923]</label>
						<label2>$INFO[Skin.String(libraryentry-music)]</label2>
						<onclick>SetProperty(Dialog.1.Label,$LOCALIZE[132])</onclick>
						<onclick>SetProperty(Dialog.1.BuiltIn,Skin.SetString(libraryentry-music,$LOCALIZE[132]))</onclick>
						<onclick>SetProperty(Dialog.2.Label,$LOCALIZE[20108])</onclick>
						<onclick>SetProperty(Dialog.2.BuiltIn,Skin.SetString(libraryentry-music,$LOCALIZE[20108]))</onclick>
						<onclick>SetProperty(Dialog.3.Label,$LOCALIZE[135])</onclick>
						<onclick>SetProperty(Dialog.3.BuiltIn,Skin.SetString(libraryentry-music,$LOCALIZE[135]))</onclick>
						<onclick>SetProperty(Dialog.4.Label,$LOCALIZE[133])</onclick>
						<onclick>SetProperty(Dialog.4.BuiltIn,Skin.SetString(libraryentry-music,$LOCALIZE[133]))</onclick>
						<onclick>SetProperty(Dialog.5.Label,$LOCALIZE[134])</onclick>
						<onclick>SetProperty(Dialog.5.BuiltIn,Skin.SetString(libraryentry-music,$LOCALIZE[134]))</onclick>
						<onclick>SetProperty(Dialog.6.Label,$LOCALIZE[10504])</onclick>
						<onclick>SetProperty(Dialog.6.BuiltIn,Skin.SetString(libraryentry-music,$LOCALIZE[10504]))</onclick>
						<onclick>SetProperty(Dialog.7.Label,$LOCALIZE[10505])</onclick>
						<onclick>SetProperty(Dialog.7.BuiltIn,Skin.SetString(libraryentry-music,$LOCALIZE[10505]))</onclick>
						<onclick>SetProperty(Dialog.8.Label,$LOCALIZE[359])</onclick>
						<onclick>SetProperty(Dialog.8.BuiltIn,Skin.SetString(libraryentry-music,$LOCALIZE[359]))</onclick>
						<onclick>SetProperty(Dialog.9.Label,$LOCALIZE[517])</onclick>
						<onclick>SetProperty(Dialog.9.BuiltIn,Skin.SetString(libraryentry-music,$LOCALIZE[517]))</onclick>
						<onclick>SetProperty(Dialog.10.Label,$LOCALIZE[521])</onclick>
						<onclick>SetProperty(Dialog.10.BuiltIn,Skin.SetString(libraryentry-music,$LOCALIZE[521]))</onclick>
						<onclick>SetProperty(Dialog.11.Label,$LOCALIZE[652])</onclick>
						<onclick>SetProperty(Dialog.11.BuiltIn,Skin.SetString(libraryentry-music,$LOCALIZE[652]))</onclick>
						<onclick>SetProperty(Dialog.12.Label,$LOCALIZE[1050])</onclick>
						<onclick>SetProperty(Dialog.12.BuiltIn,Skin.SetString(libraryentry-music,$LOCALIZE[1050]))</onclick>
						<onclick>SetProperty(Dialog.13.Label,$LOCALIZE[744])</onclick>
						<onclick>SetProperty(Dialog.13.BuiltIn,Skin.SetString(libraryentry-music,$LOCALIZE[744]))</onclick>
						<onclick>SetProperty(Dialog.14.Label,$LOCALIZE[31661])</onclick>
						<onclick>SetProperty(Dialog.14.BuiltIn,Skin.SetString(libraryentry-music,$LOCALIZE[31661])
						||Skin.SetString(libraryentry-music.Type,$LOCALIZE[31661])
						||Skin.Reset(libraryentry-music.List)||Skin.Reset(libraryentry-music.Path)||Skin.Reset(libraryentry-music.Icon)
						||Skin.Reset(libraryentry-music.Label)||Skin.Reset(libraryentry-music.Type)||SetProperty(ListCustomBase,libraryentry-music,settings)
						||SetProperty(SelectDialogType,selectskinplaylist,home)||ActivateWindow(1154))</onclick>
						<onclick>SetProperty(Dialog.15.Label,$LOCALIZE[31660])</onclick>
						<onclick>SetProperty(Dialog.15.BuiltIn,Skin.SetString(libraryentry-music,$LOCALIZE[31660])
						||Skin.SetString(libraryentry-music.Type,$LOCALIZE[31660])
						||Skin.Reset(libraryentry-music.List)||Skin.Reset(libraryentry-music.Path)||Skin.Reset(libraryentry-music.Icon)
						||Skin.Reset(libraryentry-music.Label)||Skin.Reset(libraryentry-music.Type)||SetProperty(ListCustomBase,libraryentry-music,settings)
						||SetProperty(SelectDialogType,selectuserplaylist,home)||ActivateWindow(1154))</onclick>
						<onclick condition="System.HasAddon(script.favourites)">SetProperty(Dialog.16.Label,$LOCALIZE[31652])</onclick>
						<onclick condition="System.HasAddon(script.favourites)">SetProperty(Dialog.16.BuiltIn,Skin.SetString(libraryentry-music,$LOCALIZE[31652])||RunScript(script.favourites,changetitle=false&amp;property=CustomMusicEntry))</onclick>
						<onclick>RunScript(script.embuary.helper,action=createselect,header=$LOCALIZE[31923])</onclick>
					</control>
					<control type="button" id="606"><!-- Set TV library entry point -->
						<include>settings-submenu-common</include>
						<label>$LOCALIZE[31924]</label>
						<label2>$INFO[Skin.String(libraryentry-tv)]</label2>
						<onclick>SetProperty(Dialog.1.Label,$LOCALIZE[20108])</onclick>
						<onclick>SetProperty(Dialog.1.BuiltIn,Skin.SetString(libraryentry-tv,$LOCALIZE[20108]))</onclick>
						<onclick>SetProperty(Dialog.2.Label,$LOCALIZE[31703])</onclick>
						<onclick>SetProperty(Dialog.2.BuiltIn,Skin.SetString(libraryentry-tv,$LOCALIZE[31703]))</onclick>
						<onclick>SetProperty(Dialog.3.Label,$LOCALIZE[19023])</onclick>
						<onclick>SetProperty(Dialog.3.BuiltIn,Skin.SetString(libraryentry-tv,$LOCALIZE[19023]))</onclick>
						<onclick>SetProperty(Dialog.4.Label,$LOCALIZE[19069])</onclick>
						<onclick>SetProperty(Dialog.4.BuiltIn,Skin.SetString(libraryentry-tv,$LOCALIZE[19069]))</onclick>
						<onclick>SetProperty(Dialog.5.Label,$LOCALIZE[19163])</onclick>
						<onclick>SetProperty(Dialog.5.BuiltIn,Skin.SetString(libraryentry-tv,$LOCALIZE[19163]))</onclick>
						<onclick>SetProperty(Dialog.6.Label,$LOCALIZE[19040])</onclick>
						<onclick>SetProperty(Dialog.6.BuiltIn,Skin.SetString(libraryentry-tv,$LOCALIZE[19040]))</onclick>
						<onclick>SetProperty(Dialog.7.Label,$LOCALIZE[137])</onclick>
						<onclick>SetProperty(Dialog.7.BuiltIn,Skin.SetString(libraryentry-tv,$LOCALIZE[137]))</onclick>
						<onclick condition="System.HasAddon(script.favourites)">SetProperty(Dialog.8.Label,$LOCALIZE[31652])</onclick>
						<onclick condition="System.HasAddon(script.favourites)">SetProperty(Dialog.8.BuiltIn,Skin.SetString(libraryentry-tv,$LOCALIZE[31652])||RunScript(script.favourites,changetitle=false&amp;property=CustomTVEntry))</onclick>
						<onclick>RunScript(script.embuary.helper,action=createselect,header=$LOCALIZE[31924])</onclick>
						<enable>Pvr.HasTVChannels</enable>
					</control>
					<control type="button" id="607"><!-- Set Radio library entry point -->
						<include>settings-submenu-common</include>
						<label>$LOCALIZE[31925]</label>
						<label2>$INFO[Skin.String(libraryentry-radio)]</label2>
						<onclick>SetProperty(Dialog.1.Label,$LOCALIZE[20108])</onclick>
						<onclick>SetProperty(Dialog.1.BuiltIn,Skin.SetString(libraryentry-radio,$LOCALIZE[20108]))</onclick>
						<onclick>SetProperty(Dialog.2.Label,$LOCALIZE[31703])</onclick>
						<onclick>SetProperty(Dialog.2.BuiltIn,Skin.SetString(libraryentry-radio,$LOCALIZE[31703]))</onclick>
						<onclick>SetProperty(Dialog.3.Label,$LOCALIZE[19024])</onclick>
						<onclick>SetProperty(Dialog.3.BuiltIn,Skin.SetString(libraryentry-radio,$LOCALIZE[19024]))</onclick>
						<onclick>SetProperty(Dialog.4.Label,$LOCALIZE[19069])</onclick>
						<onclick>SetProperty(Dialog.4.BuiltIn,Skin.SetString(libraryentry-radio,$LOCALIZE[19069]))</onclick>
						<onclick>SetProperty(Dialog.5.Label,$LOCALIZE[19163])</onclick>
						<onclick>SetProperty(Dialog.5.BuiltIn,Skin.SetString(libraryentry-radio,$LOCALIZE[19163]))</onclick>
						<onclick>SetProperty(Dialog.6.Label,$LOCALIZE[19040])</onclick>
						<onclick>SetProperty(Dialog.6.BuiltIn,Skin.SetString(libraryentry-radio,$LOCALIZE[19040]))</onclick>
						<onclick>SetProperty(Dialog.7.Label,$LOCALIZE[137])</onclick>
						<onclick>SetProperty(Dialog.7.BuiltIn,Skin.SetString(libraryentry-radio,$LOCALIZE[137]))</onclick>
						<onclick condition="System.HasAddon(script.favourites)">SetProperty(Dialog.8.Label,$LOCALIZE[31652])</onclick>
						<onclick condition="System.HasAddon(script.favourites)">SetProperty(Dialog.8.BuiltIn,Skin.SetString(libraryentry-radio,$LOCALIZE[31652])||RunScript(script.favourites,changetitle=false&amp;property=CustomRadioEntry))</onclick>
						<onclick>RunScript(script.embuary.helper,action=createselect,header=$LOCALIZE[31925])</onclick>
						<enable>Pvr.HasRadioChannels</enable>
					</control>
					<control type="button" id="608"><!-- Reset Above Settings button -->
						<include>settings-submenu-common</include>
						<label>$LOCALIZE[10041]</label>
						<onclick>Skin.Reset(libraryentry-movie)</onclick>
						<onclick>Skin.Reset(libraryentry-tvshow)</onclick>
						<onclick>Skin.Reset(libraryentry-musicvideo)</onclick>
						<onclick>Skin.Reset(libraryentry-music)</onclick>
						<onclick>Skin.Reset(libraryentry-tv)</onclick>
						<onclick>Skin.Reset(libraryentry-radio)</onclick>
					</control>
				</control>
				<!-- Markers for control area items -->
				<include content="page-offscreen-vertical">
					<param name="indicator1left" value="726"/>
					<param name="indicator1top" value="144"/>
					<param name="indicator2left" value="726"/>
					<param name="indicator2top" value="978"/>
					<param name="indicatorsize" value="24"/>
					<param name="indicatorcontainer" value="601"/>
				</include>
			</control>
			<control type="group" id="700"><!-- Supported Addons Settings -->
				<visible>String.IsEqual(Container(999).ListItem.Property(SkinSettingMenu),addons)</visible>
				<control type="grouplist" id="701">
					<include>skinsettings-list</include>
					<control type="group" id="702"><!-- Artist slideshow script install/config -->
						<include>settings-submenu-size</include>
						<control type="togglebutton" id="703">
							<onup>718</onup>
							<ondown>705</ondown>
							<onright>999</onright>
							<include>settings-submenu-common</include>
							<label>$LOCALIZE[24020]</label>
							<altlabel>$LOCALIZE[24038]</altlabel>
							<align>right</align>
							<onclick>Addon.OpenSettings(script.artistslideshow)</onclick>
							<altclick>RunScript(script.embuary.helper,action=toggleaddons,addonid=script.artistslideshow,enable=true)</altclick>
							<altclick condition="!System.HasAddon(script.artistslideshow)">InstallAddon(script.artistslideshow)</altclick>
							<usealttexture>!System.HasAddon(script.artistslideshow)</usealttexture>
						</control>
						<control type="label">
							<include>settings-submenu-common</include>
							<label>$LOCALIZE[31590]</label>
							<textoffsetx>27</textoffsetx>
						</control>
					</control>
					<control type="group" id="704"><!-- TV Tunes script install/config -->
						<include>settings-submenu-size</include>
						<control type="togglebutton" id="705">
							<onup>702</onup>
							<ondown>707</ondown>
							<onright>999</onright>
							<include>settings-submenu-common</include>
							<label>$LOCALIZE[24020]</label>
							<altlabel>$LOCALIZE[24038]</altlabel>
							<align>right</align>
							<onclick>Addon.OpenSettings(service.tvtunes)</onclick>
							<altclick>RunScript(script.embuary.helper,action=toggleaddons,addonid=service.tvtunes,enable=true)</altclick>
							<altclick condition="!System.HasAddon(service.tvtunes)">InstallAddon(service.tvtunes)</altclick>
							<usealttexture>!System.HasAddon(service.tvtunes)</usealttexture>
						</control>
						<control type="label">
							<include>settings-submenu-common</include>
							<label>$LOCALIZE[31596]</label>
							<textoffsetx>27</textoffsetx>
						</control>
					</control>
					<control type="group" id="706"><!-- Autocompletion text script install/config -->
						<include>settings-submenu-size</include>
						<control type="togglebutton" id="707">
							<onup>705</onup>
							<ondown>709</ondown>
							<onright>999</onright>
							<include>settings-submenu-common</include>
							<label>$LOCALIZE[24020]</label>
							<altlabel>$LOCALIZE[24038]</altlabel>
							<align>right</align>
							<onclick>Addon.OpenSettings(plugin.program.autocompletion)</onclick>
							<altclick>RunScript(script.embuary.helper,action=toggleaddons,addonid=plugin.program.autocompletion,enable=true)</altclick>
							<altclick condition="!System.HasAddon(plugin.program.autocompletion)">InstallAddon(plugin.program.autocompletion)</altclick>
							<usealttexture>!System.HasAddon(plugin.program.autocompletion)</usealttexture>
						</control>
						<control type="label">
							<include>settings-submenu-common</include>
							<label>$LOCALIZE[31592]</label>
							<textoffsetx>27</textoffsetx>
						</control>
					</control>
					<control type="group" id="708"><!-- CU lrclyrics script install/config -->
						<include>settings-submenu-size</include>
						<control type="togglebutton" id="709">
							<onup>707</onup>
							<ondown>711</ondown>
							<onright>999</onright>
							<include>settings-submenu-common</include>
							<label>$LOCALIZE[24020]</label>
							<altlabel>$LOCALIZE[24038]</altlabel>
							<align>right</align>
							<onclick>Addon.OpenSettings(script.cu.lrclyrics)</onclick>
							<altclick>RunScript(script.embuary.helper,action=toggleaddons,addonid=script.cu.lrclyrics,enable=true)</altclick>
							<altclick condition="!System.HasAddon(script.cu.lrclyrics)">InstallAddon(script.cu.lrclyrics)</altclick>
							<usealttexture>!System.HasAddon(script.cu.lrclyrics)</usealttexture>
						</control>
						<control type="label">
							<include>settings-submenu-common</include>
							<label>$LOCALIZE[31591]</label>
							<textoffsetx>27</textoffsetx>
						</control>
					</control>
					<control type="group" id="710"><!-- Global search script install/config -->
						<include>settings-submenu-size</include>
						<control type="togglebutton" id="711">
							<onup>709</onup>
							<ondown>713</ondown>
							<onright>999</onright>
							<include>settings-submenu-common</include>
							<label>$LOCALIZE[24020]</label>
							<altlabel>$LOCALIZE[24038]</altlabel>
							<align>right</align>
							<onclick>Addon.OpenSettings(script.globalsearch)</onclick>
							<altclick>RunScript(script.embuary.helper,action=toggleaddons,addonid=script.globalsearch,enable=true)</altclick>
							<altclick condition="!System.HasAddon(script.globalsearch)">InstallAddon(script.globalsearch)</altclick>
							<usealttexture>!System.HasAddon(script.globalsearch)</usealttexture>
						</control>
						<control type="label">
							<include>settings-submenu-common</include>
							<label>$LOCALIZE[31594]</label>
							<textoffsetx>27</textoffsetx>
						</control>
					</control>
					<control type="group" id="712"><!-- Resource downloader script install/config -->
						<include>settings-submenu-size</include>
						<control type="togglebutton" id="713">
							<onup>711</onup>
							<ondown>715</ondown>
							<onright>999</onright>
							<include>settings-submenu-common</include>
							<label>$LOCALIZE[24084]</label>
							<altlabel>$LOCALIZE[24038]</altlabel>
							<align>right</align>
							<onclick>noop</onclick>
							<altclick>RunScript(script.embuary.helper,action=toggleaddons,addonid=script.image.resource.select,enable=true)</altclick>
							<altclick condition="!System.HasAddon(script.image.resource.select)">InstallAddon(script.image.resource.select)</altclick>
							<usealttexture>!System.HasAddon(script.image.resource.select)</usealttexture>
						</control>
						<control type="label">
							<include>settings-submenu-common</include>
							<label>$LOCALIZE[31595]</label>
							<textoffsetx>27</textoffsetx>
						</control>
					</control>
					<control type="group" id="714"><!-- Upnext service script install/config -->
						<include>settings-submenu-size</include>
						<control type="togglebutton" id="715">
							<onup>713</onup>
							<ondown>717</ondown>
							<onright>999</onright>
							<include>settings-submenu-common</include>
							<label>$LOCALIZE[24020]</label>
							<altlabel>$LOCALIZE[24038]</altlabel>
							<align>right</align>
							<onclick>Addon.OpenSettings(service.upnext)</onclick>
							<altclick>RunScript(script.embuary.helper,action=toggleaddons,addonid=service.upnext,enable=true)</altclick>
							<altclick condition="!System.HasAddon(service.upnext)">InstallAddon(service.upnext)</altclick>
							<usealttexture>!System.HasAddon(service.upnext)</usealttexture>
						</control>
						<control type="label">
							<include>settings-submenu-common</include>
							<label>$LOCALIZE[31593]</label>
							<textoffsetx>27</textoffsetx>
						</control>
					</control>
					<control type="group" id="716"><!-- Next aired TVShows script install/config -->
						<include>settings-submenu-size</include>
						<control type="togglebutton" id="717">
							<onup>715</onup>
							<ondown>718</ondown>
							<onright>999</onright>
							<include>settings-submenu-common</include>
							<label>$LOCALIZE[24020]</label>
							<altlabel>$LOCALIZE[24038]</altlabel>
							<align>right</align>
							<onclick>Addon.OpenSettings(script.tv.show.next.aired)</onclick>
							<altclick>RunScript(script.embuary.helper,action=toggleaddons,addonid=script.tv.show.next.aired,enable=true)</altclick>
							<altclick condition="!System.HasAddon(script.tv.show.next.aired)">InstallAddon(script.tv.show.next.aired)</altclick>
							<usealttexture>!System.HasAddon(script.tv.show.next.aired)</usealttexture>
						</control>
						<control type="label">
							<include>settings-submenu-common</include>
							<label>$LOCALIZE[31597]</label>
							<textoffsetx>27</textoffsetx>
						</control>
					</control>
				</control>
				<!-- Markers for control area items -->
				<include content="page-offscreen-vertical">
					<param name="indicator1left" value="726"/>
					<param name="indicator1top" value="144"/>
					<param name="indicator2left" value="726"/>
					<param name="indicator2top" value="978"/>
					<param name="indicatorsize" value="24"/>
					<param name="indicatorcontainer" value="701"/>
				</include>
			</control>
			<control type="group" id="800"><!-- Support Settings -->
				<visible>String.IsEqual(Container(999).ListItem.Property(SkinSettingMenu),support)</visible>
				<control type="grouplist" id="801">
					<include>skinsettings-list</include>
					<control type="radiobutton" id="802"><!-- System Debug toggle -->
						<include>settings-submenu-radio</include>
						<label>$LOCALIZE[20191]</label>
						<onclick>ToggleDebug</onclick>
						<selected>System.GetBool(debug.showloginfo)</selected>
					</control>
					<control type="button" id="803"><!-- Kodi Log Uploader Script -->
						<include>settings-submenu-common</include>
						<label>$LOCALIZE[31930]</label>
						<onclick condition="!System.HasAddon(script.kodi.loguploader)">InstallAddon(script.kodi.loguploader)</onclick>
						<onclick condition="System.HasAddon(script.kodi.loguploader)">RunScript(script.kodi.loguploader)</onclick>
						<enable>System.GetBool(debug.showloginfo)</enable>
					</control>
					<control type="radiobutton" id="805"><!-- Show skin debug grid toggle -->
						<include>settings-submenu-radio</include>
						<label>$LOCALIZE[31933]</label>
						<onclick>Skin.ToggleSetting(debug-grid)</onclick>
						<selected>Skin.HasSetting(debug-grid)</selected>
					</control>
					<control type="radiobutton" id="806"><!-- Show Skin Debug Info toggle -->
						<include>settings-submenu-radio</include>
						<label>$LOCALIZE[31934]</label>
						<onclick>Skin.ToggleSetting(debug-info)</onclick>
						<selected>Skin.HasSetting(debug-info)</selected>
					</control>
					<control type="button" id="810"><!-- Reset skin settings to defaults -->
						<include>settings-submenu-common</include>
						<label>$LOCALIZE[31935]</label>
						<onclick>Skin.ResetSettings</onclick>
						<onclick>ReplaceWindow(skinsettings)</onclick>
					</control>
				</control>
				<!-- Markers for control area items -->
				<include content="page-offscreen-vertical">
					<param name="indicator1left" value="726"/>
					<param name="indicator1top" value="144"/>
					<param name="indicator2left" value="726"/>
					<param name="indicator2top" value="978"/>
					<param name="indicatorsize" value="24"/>
					<param name="indicatorcontainer" value="801"/>
				</include>
			</control>
		</control>
		<control type="scrollbar" id="1223">
			<left>20</left>
			<top>168</top>
			<width>18</width>
			<height>813</height>
			<onright>998</onright>
			<animation condition="!Control.HasFocus(1223) + !Container.Scrolling + $EXP[isnotAlwaysScrollbar]" effect="fade" start="100" end="0" time="200" reversible="true">Conditional</animation>
			<visible>$EXP[isEnabledScrollbar] + !String.IsEqual(Container(999).ListItem.Property(SkinSettingMenu),custom)</visible>
		</control>
		<control type="textbox"><!-- Settings description area -->
			<left>15</left>
			<top>999</top>
			<width>1890</width>
			<height>75</height>
			<font>apptv20</font>
			<align>center</align>
			<label>$VAR[SkinSettingHelp]</label>
		</control>
	</controls>
</window>