<?xml version="1.0" encoding="UTF-8"?>
<window>
	<defaultcontrol always="true">22</defaultcontrol>
	<controls>
		<include>fadebackground</include>
		<control type="group">
			<animation effect="fade" start="100" end="0" time="300" condition="Window.IsVisible(selectdialog)|Window.IsVisible(smartplaylistrule)">Conditional</animation>
			<control type="image" id="0">
				<left>261</left>
				<top>45</top>
				<width>1380</width>
				<height>990</height>
				<texture border="14">button-menu-background.png</texture>
			</control>
			<control type="label" id="2"><!-- Heading -->
				<left>288</left>
				<top>45</top>
				<width>1326</width>
				<height>69</height>
				<align>center</align>
			</control>
			<control type="image">
				<left>288</left>
				<top>108</top>
				<width>1326</width>
				<height>6</height>
				<texture>separator.png</texture>
			</control>
			<control type="button" id="22"><!-- Set playlist type -->
				<left>300</left>
				<top>123</top>
				<width>1302</width>
				<height>69</height>
				<label>$LOCALIZE[467]</label>
				<font>apptv23</font>
				<ondown>12</ondown>
			</control>
			<control type="label"><!-- Playlist name heading -->
				<left>326</left>
				<top>192</top>
				<width>1114</width>
				<height>69</height>
				<font>apptv23</font>
				<label>$LOCALIZE[21433]</label>
			</control>
			<control type="button" id="12"><!-- Playlist name -->
				<left>300</left>
				<top>261</top>
				<width>1302</width>
				<height>69</height>
				<font>apptv23</font>
				<textoffsetx>27</textoffsetx>
				<textwidth>1245</textwidth>
				<onup>22</onup>
				<ondown>10</ondown>
			</control>
			<control type="label"><!-- Rules -->
				<left>326</left>
				<top>330</top>
				<width>1114</width>
				<height>69</height>
				<font>apptv23</font>
				<label>$LOCALIZE[21434]</label>
			</control>
			<control type="list" id="10"><!-- Rules list -->
				<left>300</left>
				<top>399</top>
				<width>990</width>
				<height>207</height>
				<onup>12</onup>
				<onright>9000</onright>
				<ondown>16</ondown>
				<itemlayout height="69">
					<control type="label">
						<left>26</left>
						<top>0</top>
						<width>928</width>
						<height>69</height>
						<label>$INFO[ListItem.Label]</label>
						<selectedcolor>listselected-text</selectedcolor>
						<font>apptv23</font>
					</control>
				</itemlayout>
				<focusedlayout height="69">
					<control type="image">
						<left>0</left>
						<top>0</top>
						<width>990</width>
						<height>69</height>
						<texture border="9">button-default-focus.png</texture>
						<visible>Control.HasFocus(10)</visible>
					</control>
					<control type="label">
						<left>26</left>
						<top>0</top>
						<width>928</width>
						<height>69</height>
						<label>$INFO[ListItem.Label]</label>
						<selectedcolor>listselected-text</selectedcolor>
						<font>apptv23</font>
					</control>
				</focusedlayout>
			</control>
			<control type="group" id="9000">
				<control type="button" id="13"><!-- Add rule -->
					<left>1335</left>
					<top>399</top>
					<height>69</height>
					<width>266</width>
					<font>apptv23</font>
					<label>$LOCALIZE[15019]</label>
					<align>center</align>
					<onup>17</onup>
					<onleft>10</onleft>
					<ondown>14</ondown>
				</control>
				<control type="button" id="14"><!-- Remove rule -->
					<left>1335</left>
					<top>468</top>
					<height>69</height>
					<width>266</width>
					<font>apptv23</font>
					<label>$LOCALIZE[1210]</label>
					<align>center</align>
					<onup>13</onup>
					<onleft>10</onleft>
					<ondown>15</ondown>
				</control>
				<control type="button" id="15"><!-- Edit rule -->
					<left>1335</left>
					<top>537</top>
					<height>69</height>
					<width>266</width>
					<font>apptv23</font>
					<label>$LOCALIZE[21435]</label>
					<align>center</align>
					<onup>14</onup>
					<onleft>10</onleft>
					<ondown>16</ondown>
				</control>
			</control>
			<control type="button" id="16">
				<left>300</left>
				<top>606</top>
				<width>1302</width>
				<height>69</height>
				<label>$LOCALIZE[21424]</label>
				<font>apptv23</font>
				<onup>10</onup>
				<ondown>17</ondown>
			</control>
			<control type="button" id="17">
				<left>300</left>
				<top>675</top>
				<width>1302</width>
				<height>69</height>
				<label>$LOCALIZE[21427]</label>
				<font>apptv23</font>
				<onup>16</onup>
				<ondown>18</ondown>
			</control>
			<control type="button" id="18">
				<left>300</left>
				<top>744</top>
				<width>810</width>
				<height>69</height>
				<label>$LOCALIZE[21429]</label>
				<font>apptv23</font>
				<onright>19</onright>
				<onup>17</onup>
				<ondown>23</ondown>
			</control>
			<control type="button" id="19">
				<left>1131</left>
				<top>744</top>
				<width>468</width>
				<height>69</height>
				<font>apptv23</font>
				<textoffsetx>12</textoffsetx>
				<label>$LOCALIZE[580]</label>
				<onleft>18</onleft>
				<onup>17</onup>
				<ondown>23</ondown>
			</control>
			<control type="button" id="23">
				<left>300</left>
				<top>813</top>
				<width>1302</width>
				<height>69</height>
				<label>$LOCALIZE[21458]</label>
				<font>apptv23</font>
				<onup>19</onup>
				<ondown>24</ondown>
			</control>
			<control type="radiobutton" id="24">
				<left>300</left>
				<top>882</top>
				<width>1302</width>
				<height>69</height>
				<label>$LOCALIZE[21459]</label>
				<font>apptv23</font>
				<radioposx>1245</radioposx>
				<onup>23</onup>
				<ondown>9001</ondown>
			</control>
			<control type="group" id="9001">
				<control type="button" id="20"><!-- OK -->
					<left>477</left>
					<top>951</top>
					<width>375</width>
					<height>69</height>
					<font>apptv23</font>
					<textoffsetx>18</textoffsetx>
					<align>center</align>
					<label>$LOCALIZE[186]</label>
					<onup>24</onup>
					<onright>21</onright>
				</control>
				<control type="button" id="21"><!-- Cancel -->
					<left>1044</left>
					<top>951</top>
					<width>375</width>
					<height>69</height>
					<font>apptv23</font>
					<textoffsetx>18</textoffsetx>
					<align>center</align>
					<label>$LOCALIZE[222]</label>
					<onup>24</onup>
					<onleft>20</onleft>
				</control>
			</control>
		</control>
	</controls>
</window>