<?xml version="1.0" encoding="UTF-8"?>
<window>
	<defaultcontrol>15</defaultcontrol>
	<controls>
		<include>fadebackground</include>
		<control type="group">
			<animation effect="fade" start="100" end="0" time="300" condition="Window.IsVisible(selectdialog)">Conditional</animation>
			<control type="image"><!-- Dialog background -->
				<left>270</left>
				<top>330</top>
				<width>1362</width>
				<height>396</height>
				<texture border="14">button-menu-background.png</texture>
			</control>
			<control type="label"><!-- Dialog heading -->
				<left>282</left>
				<top>348</top>
				<width>1300</width>
				<height>39</height>
				<align>center</align>
				<label>$LOCALIZE[21421]</label>
			</control>
			<control type="image">
				<left>318</left>
				<top>394</top>
				<width>1260</width>
				<height>6</height>
				<texture>separator.png</texture>
			</control>
			<control type="label"><!-- Rule heading -->
				<left>318</left>
				<top>420</top>
				<width>1260</width>
				<height>36</height>
				<font>apptv23</font>
				<label>$LOCALIZE[21422]</label>
			</control>
			<control type="group" id="9001">
				<control type="button" id="15"><!-- Rule -->
					<left>318</left>
					<top>470</top>
					<width>610</width>
					<height>69</height>
					<font>apptv23</font>
					<textoffsetx>8</textoffsetx>
					<onright>16</onright>
					<onup>9000</onup>
					<ondown>17</ondown>
				</control>
				<control type="button" id="16"><!-- Rule operator -->
					<left>970</left>
					<top>470</top>
					<width>610</width>
					<height>69</height>
					<font>apptv23</font>
					<textoffsetx>8</textoffsetx>
					<onleft>15</onleft>
					<onup>9000</onup>
					<ondown>17</ondown>
				</control>
			</control>
			<control type="edit" id="17"><!-- Value -->
				<left>318</left>
				<top>544</top>
				<width>1260</width>
				<height>69</height>
				<font>apptv23</font>
				<textoffsetx>15</textoffsetx>
				<textwidth>510</textwidth>
				<onup>9001</onup>
				<ondown>9000</ondown>
			</control>
			<control type="grouplist" id="9000"><!-- Buttons -->
				<left>354</left>
				<top>630</top>
				<width>1197</width>
				<height>70</height>
				<itemgap>15</itemgap>
				<orientation>horizontal</orientation>
				<align>center</align>
				<onup>17</onup>
				<control type="button" id="18"><!-- OK -->
					<width>384</width>
					<height>70</height>
					<font>apptv23</font>
					<textoffsetx>18</textoffsetx>
					<align>center</align>
					<label>$LOCALIZE[186]</label>
				</control>
				<control type="button" id="20"><!-- Browse -->
					<width>384</width>
					<height>70</height>
					<font>apptv23</font>
					<textoffsetx>18</textoffsetx>
					<align>center</align>
					<label>$LOCALIZE[1024]</label>
				</control>
				<control type="button" id="19"><!-- Cancel -->
					<width>384</width>
					<height>70</height>
					<font>apptv23</font>
					<textoffsetx>18</textoffsetx>
					<align>center</align>
					<label>$LOCALIZE[222]</label>
				</control>
			</control>
		</control>
	</controls>
</window>