<?xml version="1.0" encoding="UTF-8" standalone="yes"?>
<addon id="script.module.bingie" name="bingie common" provider-name="jurialmunkey,matke" version="1.0.0">
  <requires>
    <import addon="xbmc.python" version="3.0.1"/>
    <import addon="script.module.requests" version="2.9.1"/>
    <import addon="script.module.infotagger" version="0.0.5" />
  </requires>
  <extension point="xbmc.python.module" library="resources/modules" />
  <extension point="xbmc.addon.metadata">
    <description lang="en_GB">Common code required by TMDb Bingie Helper.</description>
    <license>GPL-3.0-or-later</license>
    <website>https://github.com/matke-84/script.module.bingie</website>
    <assets>
      <icon>icon.png</icon>
    </assets>
  </extension>
</addon>
