<shortcuts>
	<shortcut>
		<defaultID>20382</defaultID>
		<label>My Movies</label>
		<label2>Custom item</label2>
		<icon>DefaultShortcut.png</icon>
		<thumb />
		<action>ActivateWindow(Videos,"plugin://plugin.video.seren/?action=moviesMyCollection",return)</action>
		</shortcut>
	<shortcut>
		<defaultID />
		<label>Recent Movies</label>
		<label2>Video Add-On</label2>
		<icon>DefaultShortcut.png</icon>
		<thumb>image://%2fhome%2fhelpmefixitdave%2f.kodi%2faddons%2fplugin.video.seren%2f%2fresources%2fimages%2ficons%2fmovies_recent.png/</thumb>
		<action>ActivateWindow(Videos,"plugin://plugin.video.seren/?action=movieTrendingRecent",return)</action>
		</shortcut>
	<shortcut>
		<defaultID />
		<label>Genres</label>
		<label2>Custom item</label2>
		<icon>DefaultShortcut.png</icon>
		<thumb />
		<action>ActivateWindow(Videos,"plugin://plugin.video.seren/?action=movieGenres",return)</action>
		</shortcut>
	</shortcuts>
