<shortcuts>
	<shortcut>
		<defaultID />
		<label>My TvShows</label>
		<label2>Video Add-On</label2>
		<icon>DefaultShortcut.png</icon>
		<thumb>image://%2fhome%2fhelpmefixitdave%2f.kodi%2faddons%2fplugin.video.seren%2f%2fresources%2fimages%2ficons%2fshows_collected.png/</thumb>
		<action>ActivateWindow(Videos,"plugin://plugin.video.seren/?action=showsMyCollection",return)</action>
		</shortcut>
	<shortcut>
		<defaultID />
		<label>New Tv Shows</label>
		<label2>Custom item</label2>
		<icon>DefaultShortcut.png</icon>
		<thumb>image://%2fhome%2fhelpmefixitdave%2f.kodi%2faddons%2fplugin.video.seren%2f%2fresources%2fimages%2ficons%2fshows_recent.png/</thumb>
		<action>ActivateWindow(Videos,"plugin://plugin.video.seren/?action=showsNew",return)</action>
		</shortcut>
	<shortcut>
		<defaultID />
		<label>Trending Tv Shows</label>
		<label2>Video Add-On</label2>
		<icon>DefaultShortcut.png</icon>
		<thumb>image://%2fhome%2fhelpmefixitdave%2f.kodi%2faddons%2fplugin.video.seren%2f%2fresources%2fimages%2ficons%2fshows_trending.png/</thumb>
		<action>ActivateWindow(Videos,"plugin://plugin.video.seren/?action=genericEndpoint&amp;endpoint=trending&amp;mediatype=shows",return)</action>
		</shortcut>
	<shortcut>
		<defaultID />
		<label>Genres</label>
		<label2>Video Add-On</label2>
		<icon>DefaultShortcut.png</icon>
		<thumb>image://%2fhome%2fhelpmefixitdave%2f.kodi%2faddons%2fplugin.video.seren%2f%2fresources%2fimages%2ficons%2fshows_genres.png/</thumb>
		<action>ActivateWindow(Videos,"plugin://plugin.video.seren/?action=tvGenres",return)</action>
		</shortcut>
	</shortcuts>
