<?xml version="1.0" encoding="UTF-8" standalone="yes"?>
<addon id="plugin.video.Rising.Tides" name="[COLOR red][B]R[/B][/COLOR][COLOR white][B]ising[/B][/COLOR] [COLOR pink][B]T[/B][/COLOR][COLOR white][B]ides[/B][/COLOR]" version="3.1.2" provider-name="[COLOR turquoise][B]mullafabz[/B][/COLOR]">
  <requires>
  <import addon="xbmc.python" version="3.0.0"/>
  <import addon="script.module.beautifulsoup4"/>
  <import addon="script.module.requests"/>
  <import addon="script.module.httplib2"/>
  <import addon="inputstream.adaptive"/>
  <import addon="script.module.resolveurl" optional="false"/>
  </requires>
  <extension point="xbmc.python.pluginsource" library="default.py">
    <provides>video</provides>
  </extension>
  <extension point="xbmc.addon.metadata">
    <summary lang="en">Watch many sports and events from the world</summary>
    <description lang="en">I don't have any affiliation with the content provider nor KODI.Content freely available on the internet.More info [COLOR lime][B]@mullafabz[/B][/COLOR] on Twitter</description>
    <platform>all</platform>
    <assets>
      <icon>icon.png</icon>
      <fanart>fanart.jpg</fanart>
    </assets>
  </extension>
</addon>
