<favourites>
    <favourite name="Live Football" thumb="http://mullafabz.xyz/HOST/Icons/live_football_logo.jpg">ActivateWindow(10025,"plugin://plugin.video.Rising.Tides/?fanart=http%3a%2f%2fmullafabz.xyz%2fHOST%2fIcons%2fmatchdays.jpg&amp;iconimage=http%3a%2f%2fmullafabz.xyz%2fHOST%2fIcons%2flive_football_logo.jpg&amp;mode=1&amp;name=%5bCOLOR%20pink%5d%5bB%5dK%5b%2fB%5d%5b%2fCOLOR%5d%5bCOLOR%20white%5d%5bB%5dodi%5b%2fB%5d%5b%2fCOLOR%5d%20%5bCOLOR%20gold%5d%5bB%5d21%5b%2fB%5d%5b%2fCOLOR%5d&amp;url=https%3a%2f%2fmullafabz.xyz%2fHOST%2fLiveTV%2fk21.xml",return)</favourite>
    <favourite name="LIVE TV">ActivateWindow(10025,"plugin://plugin.video.daddylive/?mode=menu&amp;serv_type=live_tv",return)</favourite>
    <favourite name="[B][COLOR white]LIVE EVENTS[/COLOR][/B]" thumb="/home/ecr/.var/app/tv.kodi.Kodi/data/addons/plugin.video.sporthdme/icon.png">ActivateWindow(10025,"plugin://plugin.video.sporthdme/?description=%2fhome%2fecr%2f.var%2fapp%2ftv.kodi.Kodi%2fdata%2faddons%2fplugin.video.sporthdme%2ffanart.jpg&amp;iconimage=%2fhome%2fecr%2f.var%2fapp%2ftv.kodi.Kodi%2fdata%2faddons%2fplugin.video.sporthdme%2ficon.png&amp;mode=events&amp;name=%5bB%5d%5bCOLOR%20white%5dLIVE%20EVENTS%5b%2fCOLOR%5d%5b%2fB%5d&amp;url=https%3a%2f%2fsporthd.me%2f",return)</favourite>
    <favourite name="[COLORyellow][B]Todays Football[/COLOR][/B][COLORwhite][B] (Multiple LIVE Events)[/COLOR][/B]" thumb="/home/ecr/.var/app/tv.kodi.Kodi/data/addons/plugin.video.the-loop/icon.png">ActivateWindow(10025,"plugin://plugin.video.the-loop/get_list/https://loopaddon.uk/files/k19/xmls/ScoreZone/soccertoday4.json",return)</favourite>
    <favourite name="The Loop" thumb="/home/ecr/.var/app/tv.kodi.Kodi/data/addons/plugin.video.the-loop/icon.png">ActivateWindow(10025,"plugin://plugin.video.the-loop",return)</favourite>
    <favourite name="SportHD" thumb="/home/ecr/.var/app/tv.kodi.Kodi/data/addons/plugin.video.sporthdme/icon.png">ActivateWindow(10025,"plugin://plugin.video.sporthdme",return)</favourite>
    <favourite name="[COLOR red][B]R[/B][/COLOR][COLOR white][B]ising[/B][/COLOR] [COLOR pink][B]T[/B][/COLOR][COLOR white][B]ides[/B][/COLOR]" thumb="/home/ecr/.var/app/tv.kodi.Kodi/data/addons/plugin.video.Rising.Tides/icon.png">ActivateWindow(10025,"plugin://plugin.video.Rising.Tides",return)</favourite>
    <favourite name="Daddylive" thumb="/home/ecr/.var/app/tv.kodi.Kodi/data/addons/plugin.video.daddylive/icon.png">ActivateWindow(10025,"plugin://plugin.video.daddylive",return)</favourite>
</favourites>
