{
    "access_manager": {
        "current_user": 0,
        "developers": {},
        "last_origin": "plugin.video.youtube",
        "users": {
            "0": {
                "access_token": "",
                "id": "df750c19676842909c6de8806a266e50",
                "last_key_hash": "47ed6f78edcfe3d718d32b91c3096fec",
                "name": "Default",
                "refresh_token": "",
                "token_expires": 1754607331.4957254,
                "watch_history": "HL",
                "watch_later": "WL"
            }
        }
    }
}