<?xml version="1.0" encoding="UTF-8" standalone="yes"?>
<addon id="repository.terrytibbs" name="Terrys 20 repo" version="1.1" provider-name="Terry Tibbs">
    <extension point="xbmc.addon.repository" name="Terrys 20 Repository">
        <dir>
            <info compressed="false">https://githubraw.com/terrytibbs2023/build/main/repo2/zips/addons.xml</info>
          

<checksum>https://githubraw.com/terrytibbs2023/build/main/repo2/zips/addons.xml.md5</checksum>
            <datadir zip="true">https://githubraw.com/terrytibbs2023/build/main/repo2/zips/</datadir>
        </dir>
<dir>
			<info compressed="false">https://loopaddon.uk/zips19/addons.xml</info>
	<checksum>https://loopaddon.uk/zips19/addons.xml.md5</checksum>
			<datadir zip="true">https://loopaddon.uk/zips19/</datadir>
		</dir>
		<dir>
      <info compressed="false">https://raw.githubusercontent.com/Gujal00/smrzips/master/addons.xml</info>
      <checksum>https://raw.githubusercontent.com/Gujal00/smrzips/master/addons.xml.md5</checksum>
      <datadir zip="true">https://raw.githubusercontent.com/Gujal00/smrzips/master/zips/</datadir>
    </dir>

    </extension>
    <extension point="xbmc.addon.metadata">
        <summary>Terry Tibbs Repo</summary>
        <description></description>
        <disclaimer></disclaimer>
        <platform>all</platform>
        <assets>
            <icon>icon.png</icon>
            <fanart>fanart.jpg</fanart>
        </assets>
    </extension>
</addon>
