<?xml version="1.0" encoding="utf-8"?>
<!-- BINGIE -->
<shortcuts>
    <shortcut>
        <label>$VAR[DefMovieHubName]</label>
        <label2 />
        <icon />
        <thumb />
        <action>$VAR[DefMovieHubContent]</action>
    </shortcut>
    <shortcut>
        <label>$VAR[DefMovieHub1Name]</label>
        <label2 />
        <icon />
        <thumb />
        <action>$VAR[DefMovieHub1Content]</action>
    </shortcut>
    <shortcut>
        <label>$VAR[DefMovieHub2Name]</label>
        <label2 />
        <icon />
        <thumb />
        <action>$VAR[DefMovieHub2Content]</action>
    </shortcut>
    
</shortcuts>
