<?xml version='1.0' encoding='UTF-8'?>
<shortcuts>
	<shortcut>
		<label>$LOCALIZE[2]</label>
		<label2 />
		<defaultID>2</defaultID>
		<icon />
		<thumb />
		<action>ActivateWindow(10502,return)</action>
		<visible>Library.HasContent(music)</visible>
	</shortcut>
	<shortcut>
		<label>$LOCALIZE[19021]</label>
		<label2 />
		<defaultID>19021</defaultID>
		<icon />
		<thumb />
		<action>ActivateWindow(radiochannels,return)</action>
	</shortcut>
	<shortcut>
		<label>$LOCALIZE[359]</label>
		<label2 />
		<defaultID>359</defaultID>
		<icon />
		<thumb />
		<action>ActivateWindow(10502,musicdb://recentlyaddedalbums/,return)</action>
		<visible>Library.HasContent(music)</visible>
	</shortcut>
	<shortcut>
		<label>$LOCALIZE[517]</label>
		<label2 />
		<defaultID>517</defaultID>
		<icon />
		<thumb />
		<action>ActivateWindow(10502,musicdb://recentlyplayedalbums/,return)</action>
		<visible>Library.HasContent(music)</visible>
	</shortcut>
	<shortcut>
		<label>$LOCALIZE[20389]</label>
		<label2 />
		<icon />
		<thumb />
		<action>ActivateWindow(Videos,videodb://musicvideos/titles/,return)</action>
	</shortcut>
	<shortcut>
		<defaultID>1038</defaultID>
		<label>$LOCALIZE[1038]</label>
		<label2 />
		<icon />
		<thumb />
		<action>ActivateWindow(10502,addons://sources/audio/,return)</action>
	</shortcut>
</shortcuts>
