<?xml version="1.0" encoding="UTF-8"?>
<includes>
    <include name="MovieWidgets">
        <include content="WidgetListBigEpisodes">
            <param name="content_path" value="plugin://plugin.video.coalition/?mode=trakt.list.build_trakt_list&amp;user=garycrawfordgc&amp;slug=latest-releases&amp;list_type=user_lists"/>
            <param name="widget_header" value="Latest Movies"/>
            <param name="widget_target" value="videos"/>
            <param name="list_id" value="19011"/>
        </include>
        <include content="WidgetListBigEpisodes">
            <param name="content_path" value="plugin://plugin.video.coalition/?mode=build_movie_list&amp;action=trakt_collection&amp;iconImage=%2Fhome%2Fecr%2F.var%2Fapp%2Ftv.kodi.Kodi%2Fdata%2Faddons%2Fplugin.video.coalition%2Fresources%2Fmedia%2Ftrakt.png"/>
            <param name="widget_header" value="My Movies"/>
            <param name="widget_target" value="videos"/>
            <param name="list_id" value="19012"/>
        </include>
        <include content="WidgetListBigPoster">
            <param name="content_path" value="plugin://plugin.video.coalition/?mode=build_movie_list&amp;action=tmdb_movies_genres&amp;genre_id=28&amp;list_name=MOVIES%3A+Action+Genres&amp;iconImage=%2Fhome%2Fecr%2F.var%2Fapp%2Ftv.kodi.Kodi%2Fdata%2Faddons%2Fplugin.video.coalition%2Fresources%2Fmedia%2Fgenres.png"/>
            <param name="widget_header" value="Action Movies"/>
            <param name="widget_target" value="videos"/>
            <param name="list_id" value="19013"/>
        </include>
        <include content="WidgetListBigPoster">
            <param name="content_path" value="plugin://plugin.video.coalition/?mode=build_movie_list&amp;action=tmdb_movies_genres&amp;genre_id=16&amp;list_name=MOVIES%3A+Animation+Genres&amp;iconImage=%2Fhome%2Fecr%2F.var%2Fapp%2Ftv.kodi.Kodi%2Fdata%2Faddons%2Fplugin.video.coalition%2Fresources%2Fmedia%2Fgenres.png"/>
            <param name="widget_header" value="Animation Movies"/>
            <param name="widget_target" value="videos"/>
            <param name="list_id" value="19014"/>
        </include>
        <include content="WidgetListBigPoster">
            <param name="content_path" value="plugin://plugin.video.coalition/?mode=build_movie_list&amp;action=tmdb_movies_genres&amp;genre_id=35&amp;list_name=MOVIES%3A+Comedy+Genres&amp;iconImage=%2Fhome%2Fecr%2F.var%2Fapp%2Ftv.kodi.Kodi%2Fdata%2Faddons%2Fplugin.video.coalition%2Fresources%2Fmedia%2Fgenres.png"/>
            <param name="widget_header" value="Comedy Movies"/>
            <param name="widget_target" value="videos"/>
            <param name="list_id" value="19015"/>
        </include>
        <include content="WidgetListBigPoster">
            <param name="content_path" value="plugin://plugin.video.coalition/?mode=build_movie_list&amp;action=tmdb_movies_genres&amp;genre_id=10751&amp;list_name=MOVIES%3A+Family+Genres&amp;iconImage=%2Fhome%2Fecr%2F.var%2Fapp%2Ftv.kodi.Kodi%2Fdata%2Faddons%2Fplugin.video.coalition%2Fresources%2Fmedia%2Fgenres.png"/>
            <param name="widget_header" value="Family Movies"/>
            <param name="widget_target" value="videos"/>
            <param name="list_id" value="19016"/>
        </include>
        <include content="WidgetListBigPoster">
            <param name="content_path" value="plugin://plugin.video.coalition/?mode=build_movie_list&amp;action=tmdb_movies_genres&amp;genre_id=27&amp;list_name=MOVIES%3A+Horror+Genres&amp;iconImage=%2Fhome%2Fecr%2F.var%2Fapp%2Ftv.kodi.Kodi%2Fdata%2Faddons%2Fplugin.video.coalition%2Fresources%2Fmedia%2Fgenres.png"/>
            <param name="widget_header" value="Horror Movies"/>
            <param name="widget_target" value="videos"/>
            <param name="list_id" value="19017"/>
        </include>
        <include content="WidgetListBigPoster">
            <param name="content_path" value="plugin://plugin.video.coalition/?mode=build_movie_list&amp;action=tmdb_movies_genres&amp;genre_id=10402&amp;list_name=MOVIES%3A+Music+Genres&amp;iconImage=%2Fhome%2Fecr%2F.var%2Fapp%2Ftv.kodi.Kodi%2Fdata%2Faddons%2Fplugin.video.coalition%2Fresources%2Fmedia%2Fgenres.png"/>
            <param name="widget_header" value="Music Movies"/>
            <param name="widget_target" value="videos"/>
            <param name="list_id" value="19018"/>
        </include>
    </include>
</includes>