<?xml version="1.0" encoding="UTF-8"?>
<logicaltopology>
  <port type="controller" id="1">
    <accepts controller="game.controller.atari.2600"/>
    <accepts controller="game.controller.atari.xges.xg1"/>
    <accepts controller="game.controller.default"/>
  </port>
  <port type="controller" id="2">
    <accepts controller="game.controller.atari.2600"/>
    <accepts controller="game.controller.default"/>
  </port>
  <port type="controller" id="3">
    <accepts controller="game.controller.atari.2600"/>
    <accepts controller="game.controller.default"/>
  </port>
  <port type="controller" id="4">
    <accepts controller="game.controller.atari.2600"/>
    <accepts controller="game.controller.default"/>
  </port>
</logicaltopology>
