<shortcuts>
	<shortcut>
		<defaultID>137</defaultID>
		<label>137</label>
		<label2>Custom item</label2>
		<icon>shortcuts/search.png</icon>
		<thumb />
		<action>ActivateWindow(Videos,"plugin://plugin.video.fen/?name=32450&amp;iconImage=search&amp;mode=navigator.search",return)</action>
		</shortcut>
	<shortcut>
		<defaultID>10000</defaultID>
		<label>10000</label>
		<label2>Custom item</label2>
		<icon>shortcuts/home.png</icon>
		<thumb />
		<action>submenu</action>
		</shortcut>
	<shortcut>
		<defaultID>31069</defaultID>
		<label>Live Tv</label>
		<label2>Custom item</label2>
		<icon>shortcuts/antenna.png</icon>
		<thumb />
		<action>ActivateWindow(TVGuide)</action>
		</shortcut>
	<shortcut>
		<defaultID>movies</defaultID>
		<label>342</label>
		<label2>Custom item</label2>
		<icon>shortcuts/clapperboard.png</icon>
		<thumb />
		<action>ActivateWindow(Videos,"plugin://plugin.video.fen/?name=32028&amp;iconImage=movies&amp;mode=navigator.main&amp;action=MovieList",return)</action>
		</shortcut>
	<shortcut>
		<defaultID>shows</defaultID>
		<label>$SKIN[31590|skin.bingie|None]</label>
		<label2>Custom item</label2>
		<icon>shortcuts/tv.png</icon>
		<thumb />
		<action>ActivateWindow(Videos,"plugin://plugin.video.fen/?name=32029&amp;iconImage=tv&amp;mode=navigator.main&amp;action=TVShowList",return)</action>
		</shortcut>
	<shortcut>
		<defaultID>music</defaultID>
		<label>2</label>
		<label2>Custom item</label2>
		<icon>shortcuts/music.png</icon>
		<thumb />
		<action>ActivateWindow(Music,"plugin://plugin.audio.mp3streams",return)</action>
		</shortcut>
	</shortcuts>
