<shortcuts>
	<shortcut>
		<defaultID>1037</defaultID>
		<label>1037</label>
		<label2 />
		<icon>defaultaddonvideo.png</icon>
		<thumb />
		<action>ActivateWindow(Videos,addons://sources/video/,return)</action>
		</shortcut>
	<shortcut>
		<defaultID>1038</defaultID>
		<label>1038</label>
		<label2>Music</label2>
		<icon>defaultaddonmusic.png</icon>
		<thumb />
		<action>ActivateWindow(10502,addons://sources/audio/,return)</action>
		</shortcut>
	<shortcut>
		<defaultID>programs</defaultID>
		<label>10001</label>
		<label2>Programs</label2>
		<icon>defaultaddonprogram.png</icon>
		<thumb />
		<action>ActivateWindow(Programs,addons://sources/executable/,return)</action>
		</shortcut>
	<shortcut>
		<defaultID />
		<label>Accounts Manager</label>
		<label2>Video Add-On</label2>
		<icon>DefaultShortcut.png</icon>
		<thumb>image://https%3a%2f%2fi.imgur.com%2f4xBbqSw.png/</thumb>
		<action>ActivateWindow(Videos,"plugin://plugin.video.fen/?mode=navigator.accounts_manager&amp;iconImage=https%3A%2F%2Fi.imgur.com%2F4xBbqSw.png",return)</action>
		</shortcut>
	</shortcuts>
