<shortcuts>
	<shortcut>
		<defaultID />
		<label>New Albums</label>
		<label2>Music Add-On</label2>
		<icon>DefaultShortcut.png</icon>
		<thumb>image://%2fstorage%2femulated%2f0%2fAndroid%2fdata%2forg.xbmc.kodi%2ffiles%2f.kodi%2faddons%2fplugin.audio.mp3streams%2fart%2fallnewalbums.jpg/</thumb>
		<action>ActivateWindow(Music,"plugin://plugin.audio.mp3streams/?url=http%3A%2F%2Fmusicmp3.ru%2Fnew_albums.html%3Fpage%3D1&amp;mode=15&amp;name=New+Albums&amp;iconimage=%2Fstorage%2Femulated%2F0%2FAndroid%2Fdata%2Forg.xbmc.kodi%2Ffiles%2F.kodi%2Faddons%2Fplugin.audio.mp3streams%2Fart%2Fallnewalbums.jpg&amp;list=new albums&lt;&gt;http://musicmp3.ru/new_albums.html?page=1&lt;&gt;/storage/emulated/0/Android/data/org.xbmc.kodi/files/.kodi/addons/plugin.audio.mp3streams/art/allnewalbums.jpg&amp;type=",return)</action>
		</shortcut>
	<shortcut>
		<defaultID />
		<label>Search Albums</label>
		<label2>Music Add-On</label2>
		<icon>DefaultShortcut.png</icon>
		<thumb>image://%2fstorage%2femulated%2f0%2fAndroid%2fdata%2forg.xbmc.kodi%2ffiles%2f.kodi%2faddons%2fplugin.audio.mp3streams%2fart%2fsearchalbums.jpg/</thumb>
		<action>ActivateWindow(Music,"plugin://plugin.audio.mp3streams/?url=url&amp;mode=24&amp;name=Search+Albums&amp;iconimage=%2Fstorage%2Femulated%2F0%2FAndroid%2Fdata%2Forg.xbmc.kodi%2Ffiles%2F.kodi%2Faddons%2Fplugin.audio.mp3streams%2Fart%2Fsearchalbums.jpg&amp;list=search albums&lt;&gt;url&lt;&gt;/storage/emulated/0/Android/data/org.xbmc.kodi/files/.kodi/addons/plugin.audio.mp3streams/art/searchalbums.jpg&amp;type=",return)</action>
		</shortcut>
	<shortcut>
		<defaultID />
		<label>Favourite Albums</label>
		<label2>Music Add-On</label2>
		<icon>DefaultShortcut.png</icon>
		<thumb>image://%2fstorage%2femulated%2f0%2fAndroid%2fdata%2forg.xbmc.kodi%2ffiles%2f.kodi%2faddons%2fplugin.audio.mp3streams%2fart%2ffavouritealbums.jpg/</thumb>
		<action>ActivateWindow(Music,"plugin://plugin.audio.mp3streams/?url=url&amp;mode=66&amp;name=Favourite+Albums&amp;iconimage=%2Fstorage%2Femulated%2F0%2FAndroid%2Fdata%2Forg.xbmc.kodi%2Ffiles%2F.kodi%2Faddons%2Fplugin.audio.mp3streams%2Fart%2Ffavouritealbums.jpg&amp;list=favourite albums&lt;&gt;url&lt;&gt;/storage/emulated/0/Android/data/org.xbmc.kodi/files/.kodi/addons/plugin.audio.mp3streams/art/favouritealbums.jpg&amp;type=",return)</action>
		</shortcut>
	</shortcuts>
