<shortcuts>
	<shortcut>
		<defaultID>10134</defaultID>
		<label>10134</label>
		<label2 />
		<icon>defaultaddonfavourites.png</icon>
		<thumb />
		<action>ActivateWindow(FavouritesBrowser)</action>
		</shortcut>
	<shortcut>
		<defaultID>31629</defaultID>
		<label>Exit Bingie v1.2</label>
		<label2>Kodi Command</label2>
		<icon>common/exit1.png</icon>
		<thumb />
		<action>Quit()</action>
		</shortcut>
	<shortcut>
		<defaultID>5</defaultID>
		<label>5</label>
		<label2>Kodi Command</label2>
		<icon>common/settings1.png</icon>
		<thumb />
		<action>ActivateWindow(Settings)</action>
		</shortcut>
	<shortcut>
		<defaultID>13016</defaultID>
		<label>13016</label>
		<label2>Kodi Command</label2>
		<icon>common/shutdown1.png</icon>
		<thumb />
		<action>Powerdown()</action>
		</shortcut>
	<shortcut>
		<defaultID>20126</defaultID>
		<label>20126</label>
		<label2>Kodi Command</label2>
		<icon>common/lock.png</icon>
		<thumb />
		<action>System.LogOff</action>
		<visible>System.HasLoginScreen</visible>
		</shortcut>
	</shortcuts>
