<shortcuts>
	<shortcut>
		<defaultID>1037</defaultID>
		<label>1037</label>
		<label2 />
		<icon>defaultaddonvideo.png</icon>
		<thumb />
		<action>ActivateWindow(Videos,addons://sources/video/,return)</action>
		</shortcut>
	<shortcut>
		<defaultID>1038</defaultID>
		<label>1038</label>
		<label2>Music</label2>
		<icon>defaultaddonmusic.png</icon>
		<thumb />
		<action>ActivateWindow(10502,addons://sources/audio/,return)</action>
		</shortcut>
	<shortcut>
		<defaultID>programs</defaultID>
		<label>10001</label>
		<label2>Programs</label2>
		<icon>defaultaddonprogram.png</icon>
		<thumb />
		<action>ActivateWindow(Programs,addons://sources/executable/,return)</action>
		</shortcut>
	<shortcut>
		<defaultID />
		<label>Accounts Manager</label>
		<label2>Custom item</label2>
		<icon>DefaultShortcut.png</icon>
		<thumb>image://https%3a%2f%2fi.imgur.com%2f4xBbqSw.png/</thumb>
		<action>PlayMedia("plugin://plugin.video.fenlight/?mode=open_settings&amp;isFolder=false&amp;iconImage=https%3A%2F%2Fi.imgur.com%2FRDNxy36.png")</action>
		</shortcut>
	<shortcut>
		<defaultID>b-signin-b</defaultID>
		<label>Sign Into Youtube</label>
		<label2>Favourite</label2>
		<icon>DefaultFolder.png</icon>
		<thumb>special://home/addons/plugin.video.youtube/resources/media/sign_in.png</thumb>
		<action>PlayMedia("plugin://plugin.video.youtube/sign/in/?category_label=Sign+In")</action>
		</shortcut>
	</shortcuts>
