{
    "dplayer": {
        "ref1": "https://newembedplay.xyz",
        "ref2": "https://newembedplay.xyz",
        "res": "https://ddh2new.iosplayer.ru",
        "d_list": [
            "ddh2new.iosplayer.ru",
            "webhdrunns.mizhls.ru",
            "webhdrus.mizhls.ru",
            "webhdrunns.onlinehdhls.ru",
            "webhdrus.onlinehdhls.ru"
        ],
        "method": "ffmpeg",
        "ua": "Mozilla/5.0+(Macintosh;+Intel+Mac+OS+X+10_15_7)+AppleWebKit/537.36+(KHTML,+like+Gecko)+Chrome/126.0.0.0+Safari/537.36"
    },
    "eplayer": {
        "ref1": "https://newembedplay.xyz",
        "ref2": "https://newembedplay.xyz",
        "res": "https://ddh2new.iosplayer.ru",
        "d_list": [
            "ddh2new.iosplayer.ru",
            "webhdrunns.mizhls.ru",
            "webhdrus.mizhls.ru",
            "webhdrunns.onlinehdhls.ru",
            "webhdrus.onlinehdhls.ru"
        ],
        "method": "ffmpeg",
        "ua": "Mozilla/5.0+(Macintosh;+Intel+Mac+OS+X+10_15_7)+AppleWebKit/537.36+(KHTML,+like+Gecko)+Chrome/126.0.0.0+Safari/537.36"
    },
    "mplayer": {
        "ref1": "https://newembedplay.xyz",
        "ref2": "https://newembedplay.xyz",
        "res": "https://ddh2new.iosplayer.ru",
        "d_list": [
            "ddh2new.iosplayer.ru",
            "webhdrunns.mizhls.ru",
            "webhdrus.mizhls.ru",
            "webhdrunns.onlinehdhls.ru",
            "webhdrus.onlinehdhls.ru"
        ],
        "method": "ffmpeg",
        "ua": "Mozilla/5.0+(Macintosh;+Intel+Mac+OS+X+10_15_7)+AppleWebKit/537.36+(KHTML,+like+Gecko)+Chrome/126.0.0.0+Safari/537.36"
    },
    "tplayer": {
        "ref1": "https://caq21harderv991gpluralplay.xyz",
        "ref_old": "https://webxzplay.cfd",
        "d_list": [
            "nfsnew.newkso.ru",
            "ddh2new.newkso.ru",
            "zekonew.newkso.ru",
            "dokko1new.newkso.ru",
            "windnew.newkso.ru",
            "ddh1new.newkso.ru",
            "ddy6new.newkso.ru",
            "nfsnew.koskoros.ru",
            "ddh2new.koskoros.ru",
            "zekonew.koskoros.ru",
            "dokko1new.koskoros.ru",
            "windnew.koskoros.ru",
            "ddh1new.koskoros.ru",
            "ddy6new.koskoros.ru"
        ],
        "method": "ffmpeg",
        "selector": "3",
        "log_level": "0",
        "ua": "Mozilla/5.0+(Macintosh;+Intel+Mac+OS+X+10_15_7)+AppleWebKit/537.36+(KHTML,+like+Gecko)+Chrome/126.0.0.0+Safari/537.36"
    },
    "updated": 1753876186
}