<?xml version='1.0' encoding='UTF-8'?>
<shortcuts>
 <shortcut>
	<label>31286</label>
	<label2 />
	<defaultID>31286</defaultID>
	<icon>icons/big/media.png</icon>
	<thumb />
	<action>ActivateWindow(1170,return)</action>
	<action>SetProperty(MediaHub,addons_hub,home)</action>
	<visible>!String.Contains(Container(20).ListItem.Property(path),1170)</visible>
 </shortcut>
 <shortcut>
  <label>3</label>
  <label2 />
  <defaultID>3</defaultID>
  <icon>DefaultVideo.png</icon>
  <thumb />
  <action>ActivateWindow(Videos,Addons,return)</action>
 </shortcut>
 <shortcut>
  <label>2</label>
  <label2 />
  <defaultID>2</defaultID>
  <icon>DefaultAudio.png</icon>
  <thumb />
  <action>ActivateWindow(Music,Addons,return)</action>
 </shortcut>
 <shortcut>
  <label>0</label>
  <label2 />
  <defaultID>0</defaultID>
  <icon>DefaultProgram.png</icon>
  <thumb />
  <action>ActivateWindow(Programs,Addons,return)</action>
 </shortcut>
 <shortcut>
  <label>1</label>
  <label2 />
  <defaultID>1</defaultID>
  <icon>DefaultPicture.png</icon>
  <thumb />
  <action>ActivateWindow(Pictures,Addons,return)</action>
 </shortcut>
 <shortcut>
  <label>24998</label>
  <label2 />
  <defaultID>24998</defaultID>
  <icon>DefaultHardDisk.png</icon>
  <thumb />
  <action>ActivateWindow(AddonBrowser,addons://user/)</action>
 </shortcut>
 <shortcut>
  <label>33003</label>
  <label2 />
  <defaultID>33003</defaultID>
  <icon>DefaultHardDisk.png</icon>
  <thumb />
  <action>ActivateWindow(AddonBrowser,addons://all/)</action>
 </shortcut>
 <shortcut>
  <label>24004</label>
  <label2 />
  <defaultID>24004</defaultID>
  <icon>DefaultHardDisk.png</icon>
  <thumb />
  <action>ActivateWindow(AddonBrowser,addons://recently_updated/)</action>
 </shortcut>
 <shortcut>
  <label>137</label>
  <label2 />
  <defaultID>13000</defaultID>
  <icon>DefaultHardDisk.png</icon>
  <thumb />
  <action>ActivateWindow(AddonBrowser,addons://search/)</action>
 </shortcut>
</shortcuts>
