<?xml version='1.0' encoding='UTF-8'?>
<shortcuts>
 <shortcut>
	<label>31286</label>
	<label2 />
	<defaultID>31286</defaultID>
	<icon>icons/big/media.png</icon>
	<thumb />
	<action>ActivateWindow(1160,return)</action>
	<action>SetProperty(MediaHub,music_hub,home)</action>
	<visible>Library.HasContent(Music) + !String.Contains(Container(20).ListItem.Property(path),1160)</visible>
 </shortcut>
 <shortcut>
  <label>31210</label>
  <label2 />
  <defaultID>31210</defaultID>
  <icon>DefaultMusicRecentlyAdded.png</icon>
  <thumb />
  <action>Library.HasContent(Music) + ActivateWindow(Music,RecentlyAddedAlbums,return)</action>
 </shortcut>
 <shortcut>
  <label>132</label>
  <label2 />
  <defaultID>132</defaultID>
  <icon>DefaultMusicAlbums.png</icon>
  <thumb />
  <action>ActivateWindow(Music,Albums,return)</action>
  <visible>Library.HasContent(Music)</visible>
 </shortcut>
 <shortcut>
  <label>133</label>
  <label2 />
  <defaultID>133</defaultID>
  <icon>DefaultMusicArtists.png</icon>
  <thumb />
  <action>ActivateWindow(Music,Artists,return)</action>
  <visible>Library.HasContent(Music)</visible>
 </shortcut>
 <shortcut>
  <label>134</label>
  <label2 />
  <defaultID>134</defaultID>
  <icon>DefaultMusicSongs.png</icon>
  <thumb />
  <action>ActivateWindow(Music,Songs,return)</action>
  <visible>Library.HasContent(Music)</visible>
 </shortcut>
 <shortcut>
  <label>135</label>
  <label2 />
  <defaultID>135</defaultID>
  <icon>DefaultMusicGenres.png</icon>
  <thumb />
  <action>ActivateWindow(Music,Genres,return)</action>
  <visible>Library.HasContent(Music)</visible>
 </shortcut>
 <shortcut>
  <label>652</label>
  <label2 />
  <defaultID>652</defaultID>
  <icon>DefaultMusicYears.png</icon>
  <thumb />
  <action>ActivateWindow(Music,Years,return)</action>
  <visible>Library.HasContent(Music)</visible>
 </shortcut>
 <shortcut>
  <label>271</label>
  <label2 />
  <defaultID>271</defaultID>
  <icon>DefaultMusicTop100.png</icon>
  <thumb />
  <action>ActivateWindow(Music,Top100,return)</action>
  <visible>Library.HasContent(Music)</visible>
 </shortcut>
 <shortcut>
  <label>521</label>
  <label2 />
  <defaultID>521</defaultID>
  <icon>DefaultMusicCompilations.png</icon>
  <thumb />
  <action>ActivateWindow(Music,Compilations,return)</action>
  <visible>Library.HasContent(Music)</visible>
 </shortcut>
 <shortcut>
  <label>20389</label>
  <label2 />
  <defaultID>20389</defaultID>
  <icon>DefaultMusicVideoTitle.png</icon>
  <thumb />
  <action>ActivateWindow(Music,library://music/musicvideos/,return)</action>
  <visible>Library.HasContent(MusicVideos)</visible>
 </shortcut>
 <shortcut>
  <label>136</label>
  <label2 />
  <defaultID>136</defaultID>
  <icon>DefaultMusicPlaylists.png</icon>
  <thumb />
  <action>ActivateWindow(Music,Playlists,return)</action>
 </shortcut>
 <shortcut>
  <label>14022</label>
  <label2 />
  <defaultID>14022</defaultID>
  <icon>icons/big/Media.png</icon>
  <thumb />
  <action>ActivateWindow(Music,root,return)</action>
  <visible>Library.HasContent(music)</visible>
 </shortcut>
 <shortcut>
  <label>744</label>
  <label2 />
  <defaultID>744</defaultID>
  <icon>DefaultFolder.png</icon>
  <thumb />
  <action>ActivateWindow(Music,Files,return)</action>
 </shortcut>
 <shortcut>
  <label>24001</label>
  <label2 />
  <defaultID>24001</defaultID>
  <icon>DefaultMusicPlugins.png</icon>
  <thumb />
  <action>ActivateWindow(Music,Addons,return)</action>
 </shortcut>
</shortcuts>
