<?xml version='1.0' encoding='UTF-8'?>
<shortcuts>
 <shortcut>
	<label>31286</label>
	<label2 />
	<defaultID>31286</defaultID>
	<icon>icons/big/media.png</icon>
	<thumb />
	<action>ActivateWindow(1150,return)</action>
	<action>SetProperty(MediaHub,tvshows_hub,home)</action>
	<visible>Library.HasContent(TVShows) + !String.Contains(Container(20).ListItem.Property(path),1150)</visible>
 </shortcut>
 <shortcut>
	<label>10024</label>
	<label2 />
	<defaultID>10024</defaultID>
	<icon>DefaultTVShows.png</icon>
	<thumb />
	<action>ActivateWindow(Videos,videodb://tvshows/titles/,return)</action>
	<visible>Library.HasContent(TVShows) + String.Contains(Container(20).ListItem.Property(path),1150)</visible>
 </shortcut>
 <shortcut>
	<label>31210</label>
	<label2 />
	<defaultID>31210</defaultID>
	<icon>DefaultRecentlyAddedEpisodes.png</icon>
	<thumb />
	<action>ActivateWindow(Videos,RecentlyAddedEpisodes,return)</action>
  <visible>Library.HasContent(TVShows)</visible>
 </shortcut>
 <shortcut>
	<label>575</label>
	<label2 />
	<defaultID>575</defaultID>
	<icon>DefaultInProgressShows.png</icon>
	<thumb />
	<action>ActivateWindow(Videos,videodb://inprogresstvshows/,return)</action>
  <visible>Library.HasContent(TVShows)</visible>
 </shortcut>
 <shortcut>
	<label>31001</label>
	<label2 />
	<defaultID>31001</defaultID>
	<icon>icons/big/TVGuide.png</icon>
	<thumb />
	<action>RunScript(script.tv.show.next.aired)</action>
	<visible>System.HasAddon(script.tv.show.next.aired) + Skin.HasSetting(NextAiredEnabled)</visible>
  <visible>Library.HasContent(TVShows)</visible>
 </shortcut>
 <shortcut>
	<label>135</label>
	<label2 />
	<defaultID>135</defaultID>
	<icon>DefaultGenre.png</icon>
	<thumb />
	<action>ActivateWindow(Videos,TVShowGenres,return)</action>
  <visible>Library.HasContent(TVShows)</visible>
 </shortcut>
 <shortcut>
	<label>652</label>
	<label2 />
	<defaultID>652</defaultID>
	<icon>DefaultYear.png</icon>
	<thumb />
	<action>ActivateWindow(Videos,TVShowYears,return)</action>
  <visible>Library.HasContent(TVShows)</visible>
 </shortcut>
 <shortcut>
	<label>344</label>
	<label2 />
	<defaultID>344</defaultID>
	<icon>DefaultActor.png</icon>
	<thumb />
	<action>ActivateWindow(Videos,TVShowActors,return)</action>
  <visible>Library.HasContent(TVShows)</visible>
 </shortcut>
 <shortcut>
	<label>20388</label>
	<label2 />
	<defaultID>20388</defaultID>
	<icon>DefaultStudios.png</icon>
	<thumb />
	<action>ActivateWindow(Videos,TVShowStudios,return)</action>
  <visible>Library.HasContent(TVShows)</visible>
 </shortcut>
 <shortcut>
	<label>136</label>
	<label2 />
	<defaultID>136</defaultID>
	<icon>DefaultVideoPlaylists.png</icon>
	<thumb />
	<action>ActivateWindow(Videos,Playlists,return)</action>
 </shortcut>
 <shortcut>
	<label>14022</label>
	<label2 />
	<defaultID>14022</defaultID>
	<icon>icons/big/Media.png</icon>
	<thumb />
	<action>ActivateWindow(Videos,library://video/tvshows/,return)</action>
  <visible>Library.HasContent(TVShows)</visible>
 </shortcut>
 <shortcut>
	<label>744</label>
	<label2 />
	<defaultID>744</defaultID>
	<icon>DefaultFolder.png</icon>
	<thumb />
	<action>ActivateWindow(Videos,Files,return)</action>
 </shortcut>
 <shortcut>
	<label>24001</label>
	<label2 />
	<defaultID>24001</defaultID>
	<icon>DefaultAddon.png.png</icon>
	<thumb />
	<action>ActivateWindow(Videos,Addons,return)</action>
 </shortcut>
</shortcuts>
