<?xml version='1.0' encoding='UTF-8'?>
<shortcuts>
 <shortcut>
  <label>14022</label>
  <label2 />
  <defaultID>14022</defaultID>
  <icon>icons/big/Media.png</icon>
  <thumb />
  <visible>Library.HasContent(Movies) | Library.HasContent(TVShows) | Library.HasContent(MusicVideos)</visible>
  <action>ActivateWindow(Videos,root)</action>
 </shortcut>
 <shortcut>
  <label>20342</label>
  <label2 />
  <defaultID>20342</defaultID>
  <icon>DefaultMovies.png</icon>
  <thumb />
  <action>ActivateWindow(Videos,MovieTitles,return)</action>
  <visible>Library.HasContent(Movies)</visible>
 </shortcut>
 <shortcut>
  <label>31002</label>
  <label2 />
  <defaultID>31002</defaultID>
  <icon>DefaultTVShows.png</icon>
  <thumb />
  <action>ActivateWindow(Videos,TVShowTitles,return)</action>
  <visible>Library.HasContent(TVShows)</visible>
 </shortcut>
 <shortcut>
  <label>20389</label>
  <label2 />
  <defaultID>20389</defaultID>
  <icon>DefaultMusicVideos.png</icon>
  <thumb />
  <action>ActivateWindow(Videos,videodb://musicvideos/,return)</action>
  <visible>Library.HasContent(MusicVideos)</visible>
 </shortcut>
 <shortcut>
  <label>136</label>
  <label2 />
  <defaultID>136</defaultID>
  <icon>DefaultVideoPlaylists.png</icon>
  <thumb />
  <action>ActivateWindow(Videos,Playlists,return)</action>
 </shortcut>
 <shortcut>
  <label>24001</label>
  <label2 />
  <defaultID>24001</defaultID>
  <icon>DefaultVideoPlugins.png</icon>
  <thumb />
  <action>ActivateWindow(Videos,Addons,return)</action>
 </shortcut>
</shortcuts>
