<?xml version="1.0" encoding="UTF-8"?>
<includes>
    <include name="TVShowsMainMenu">
        <item>
            <label>TV Shows</label>
            <onclick>ActivateWindow(Videos,plugin://plugin.video.coalition/?mode=build_tvshow_list&amp;action=trakt_collection&amp;iconImage=%2Fhome%2Fecr%2F.var%2Fapp%2Ftv.kodi.Kodi%2Fdata%2Faddons%2Fplugin.video.coalition%2Fresources%2Fmedia%2Ftrakt.png,return)</onclick>
            <property name="menu_id">$NUMBER[22000]</property>
            <thumb>icons/sidemenu/tv.png</thumb>
            <property name="id">tvshows</property>
            <visible>!Skin.HasSetting(HomeMenuNoTVShowButton)</visible>
        </item>
    </include>
</includes>