<?xml version="1.0" encoding="UTF-8"?>
<window type="window" id="1130">
	<defaultcontrol always="true">9999</defaultcontrol>
	<controls>
		<include>BackgroundContent</include>
		<control type="group">
			<visible>!Container(9999).IsUpdating</visible>
			<visible>Window.IsVisible(DialogVideoInfo.xml)</visible>
			<include>GlobalFanart</include>
			<include>FanartFade</include>
		</control>
		<include>BackgroundDarkness</include>
		<include content="IamBusyAnimation">
			<param name="visible_1" value="Container(9999).IsUpdating"/>
			<param name="visible_2" value="!Window.IsActive(DialogVideoInfo.xml)"/>
			<param name="include" value="FanartFade2"/>
		</include>
		<control type="list" id="9999">
			<include>HiddenListContainer</include>
			<content browse="never" limit="1" target="videos">$INFO[Window(Home).Property(TMDbHelper.Path.Current)]</content>
		</control>
	</controls>
</window>