<?xml version="1.0" encoding="UTF-8"?>
<window type="dialog" id="1102">
	<defaultcontrol always="true">61</defaultcontrol>
	<controls>
		<control type="group">
			<left>45</left>
			<top>70</top>
			<include>CommonDialogsAnimation</include>
			<control type="label">
				<width>1050</width>
				<font>FontSize_40</font>
				<label>$INFO[Window(Home).Property(TextViewerHeader)]</label>
			</control>
			<control type="textbox">
				<left>0</left>
				<top>50</top>
				<width>1190</width>
				<height>530</height>
				<label></label>
				<font>FontSize_24</font>
				<textcolor>viewsinfo</textcolor>
				<pagecontrol>61</pagecontrol>
				<autoscroll	delay="8000" time="2000" repeat="8000"/>
				<label>$INFO[Window(home).Property(TextViewerText)]</label>
			</control>
			<control type="scrollbar"	id="61">
				<left>0</left>
				<top>0</top>
				<width>25</width>
				<height>490</height>
				<texturesliderbackground></texturesliderbackground>
				<texturesliderbar></texturesliderbar>
				<texturesliderbarfocus></texturesliderbarfocus>
				<textureslidernib></textureslidernib>
				<textureslidernibfocus></textureslidernibfocus>
				<onleft>Close</onleft>
				<onright>Close</onright>
				<oninfo>Close</oninfo>
				<ondown>61</ondown>
				<onup>61</onup>
				<showonepage>true</showonepage>
				<orientation>vertical</orientation>
			</control>
		</control>
	</controls>
</window>