<?xml version="1.0" encoding="UTF-8"?>
<window type="dialog" id="1117">
	<defaultcontrol always="true">10</defaultcontrol>
	<controls>
   <control type="group">
		<left>310</left>
		<top>235</top>
	  <include>CommonDialogsAnimation</include>
	  <include>DialogConfirm</include>
    <control type="label">
      <description>header label</description>
      <left>15</left>
      <top>12</top>
      <width>630</width>
	    <include>DialogsHeaderLabel</include>
		  <label>$VAR[CustomDialogOKHeadLabel]</label>
    </control>
		<control type="textbox">
		  <left>15</left>
			<top>65</top>
      <width>630</width>
			<height>95</height>
		  <align>left</align>
			<font>FontSize_22</font>
			<textcolor>viewsinfo</textcolor>
			<autoscroll time="3000" delay="3000" repeat="5000">true</autoscroll>
	    <label>$VAR[CustomDialogOKMessage]</label>
		</control>
		<control type="button" id="11">
			<description>Yes button</description>
			<left>325</left>
			<top>170</top>
	    <include>DialogsButtonsYesNo</include>
			<label>$LOCALIZE[107]</label>
			<onleft>10</onleft>
			<onright>10</onright>
			<onup>10</onup>
			<ondown>10</ondown>
		  <onclick>Action(Close)</onclick>
		  <onclick>SetProperty(resetbusy,show,SkinSettings)</onclick>
			<onclick>Skin.ResetSettings</onclick>
			<onclick>Skin.SetString(LogoThumb,1)</onclick>
			<onclick>Skin.SetBool(Vis-Fanart)</onclick>
			<onclick>Skin.SetBool(QuickNavWidgetItems)</onclick>
			<onclick>Skin.SetBool(QuickNavWidgetMoviesNone)</onclick>
			<onclick>Skin.SetBool(QuickNavWidgetTVShowsNone)</onclick>
			<onclick>Skin.SetBool(QuickNavWidgetMusicNone)</onclick>
			<onclick>Skin.SetString(FullScreenMusicStyle,1)</onclick>
			<onclick>Skin.SetString(FullScreenVideoStyle,1)</onclick>
			<onclick>Skin.SetString(DialogSeekBarStyle,1)</onclick>
			<onclick>Skin.SetString(RSSVideoFeed.Label,Euronews (Default))</onclick>
			<onclick>Skin.SetString(RSSVideoFeed.URL,Euronews)</onclick>
			<onclick>Skin.SetString(AutoplayTrailerDelay,5)</onclick>
      <onclick>AlarmClock(replace,ReplaceWindow(Home),0:03,true)</onclick>
			<onclick>RunScript(script.skinshortcuts,type=resetall&amp;warning=false)</onclick>
		</control>
		<control type="button" id="10">
			<description>No button</description>
			<left>495</left>
			<top>170</top>
	    <include>DialogsButtonsYesNo</include>
			<label>$LOCALIZE[106]</label>
			<onleft>11</onleft>
			<onright>11</onright>
			<onup>11</onup>
			<ondown>11</ondown>
		  <onclick>PreviousMenu</onclick>
		  <onclick>SetFocus(7000)</onclick>
		</control>
	 </control>
	</controls>
</window>