<?xml version="1.0" encoding="UTF-8"?>
<window type="dialog" id="1112">
	<defaultcontrol always="true">100</defaultcontrol>
	<controls>
		<control type="button" id="100">
			<include>HiddenItem</include>
			<onfocus>SetFocus(1000)</onfocus>
			<animation effect="fade" start="0" end="100" time="0" delay="50">Focus</animation>
		</control>
		<control type="group">
			<visible>!Window.IsActive(SelectDialog) + !Window.IsActive(AddonSettings) + !Window.IsActive(VisualisationPresetlist) + !Window.IsActive(FileBrowser) + !Window.IsActive(DialogConfirm.xml)</visible>
			<include>CommonDialogsAnimation</include>
			<visible>Player.HasAudio</visible>
			<include content="DialogsPanel">
				<param name="group_left" value="344"/>
				<param name="group_top" value="138"/>
				<param name="group_width" value="587"/>
				<param name="body_width" value="587"/>
				<param name="body_height" value="396"/>
				<param name="header_line_width" value="583"/>
				<param name="header_label" value="$LOCALIZE[5]"/>
				<param name="header_width" value="555"/>
				<param name="countitems_visible" value="false"/>
			</include>
			<control type="grouplist" id="1000">
				<left>364</left>
				<top>209</top>
				<width>553</width>
				<height>302</height>
				<itemgap>4</itemgap>
				<onleft>Close</onleft>
				<onright>Close</onright>
				<onup>1000</onup>
				<ondown>1000</ondown>
				<scrolltime>250</scrolltime>
				<control type="radiobutton" id="991">
					<description>Enable/Disable Visualisation</description>
					<width>553</width>
					<label>$LOCALIZE[510]</label>
					<include>DialogsRadioButton</include>
					<onclick>Skin.Reset(Vis-Fanart)</onclick>
					<onclick>Skin.Reset(Vis-ArtistSlideshow)</onclick>
					<onclick>Skin.Reset(Vis-MusicSlideshow)</onclick>
					<onclick>Skin.Reset(Vis-Animation)</onclick>
					<onclick>Skin.ToggleSetting(Vis-Visualization)</onclick>
					<selected>Skin.HasSetting(Vis-Visualization)</selected>
				</control>
				<control type="button" id="992">
					<description>Visualization Type</description>
					<width>553</width>
					<label>$LOCALIZE[31308]</label>
					<include>DialogsButton</include>
					<onclick>SendClick(500)</onclick>
					<enable>Skin.HasSetting(Vis-Visualization)</enable>
				</control>
				<control type="button" id="993">
					<description>Visualization Presets</description>
					<width>553</width>
					<label>$LOCALIZE[31309]</label>
					<include>DialogsButton</include>
					<onclick>ActivateWindow(visualisationpresetlist)</onclick>
					<enable>Skin.HasSetting(Vis-Visualization)</enable>
				</control>
				<control type="button" id="994">
					<description>Visualization Settings</description>
					<width>553</width>
					<label>$LOCALIZE[31310]</label>
					<include>DialogsButton</include>
					<onclick>Addon.Default.OpenSettings(xbmc.player.musicviz)</onclick>
					<enable>Skin.HasSetting(Vis-Visualization) + Visualisation.Enabled</enable>
				</control>
				<control type="radiobutton" id="995">
					<description>Enable/Disable Artist Fanart</description>
					<width>553</width>
					<label>$LOCALIZE[31307]</label>
					<include>DialogsRadioButton</include>
					<selected>Skin.HasSetting(Vis-Fanart)</selected>
					<onclick>Skin.Reset(Vis-Visualization)</onclick>
					<onclick>Skin.Reset(Vis-ArtistSlideshow)</onclick>
					<onclick>Skin.Reset(Vis-MusicSlideshow)</onclick>
					<onclick>Skin.ToggleSetting(Vis-Fanart)</onclick>
				</control>
				<control type="radiobutton" id="996">
					<description>Enable/Disable ArtistSlideshow</description>
					<width>553</width>
					<label>$LOCALIZE[31312]</label>
					<include>DialogsRadioButton</include>
					<selected>Skin.HasSetting(Vis-ArtistSlideshow)</selected>
					<onclick>Skin.Reset(Vis-Visualization)</onclick>
					<onclick>Skin.Reset(Vis-Fanart)</onclick>
					<onclick>Skin.Reset(Vis-MusicSlideshow)</onclick>
					<onclick>Skin.ToggleSetting(Vis-ArtistSlideshow)</onclick>
					<enable>System.HasAddon(script.artistslideshow)</enable>
				</control>
				<control type="radiobutton" id="997">
					<description>Enable/Disable Music Fanart Slideshow</description>
					<width>553</width>
					<label>$LOCALIZE[31311]</label>
					<include>DialogsRadioButton</include>
					<selected>Skin.HasSetting(Vis-MusicSlideshow)</selected>
					<onclick>Skin.Reset(Vis-Visualization)</onclick>
					<onclick>Skin.Reset(Vis-Fanart)</onclick>
					<onclick>Skin.Reset(Vis-ArtistSlideshow)</onclick>
					<onclick>Skin.ToggleSetting(Vis-MusicSlideshow)</onclick>
					<enable>System.HasAddon(script.embuary.helper)</enable>
				</control>
				<control type="radiobutton" id="998">
					<description>Enable/Disable Animation</description>
					<width>553</width>
					<label>$LOCALIZE[31313]</label>
					<include>DialogsRadioButton</include>
					<selected>Skin.HasSetting(Vis-Animation)</selected>
					<onclick>Skin.ToggleSetting(Vis-Animation)</onclick>
					<onclick>Dialog.Close(1112)</onclick>
					<onclick>Dialog.Close(MusicOSD)</onclick>
					<onclick>AlarmClock(Reload,ReloadSkin,00:01,silent)</onclick>
					<enable>[Skin.HasSetting(Vis-Fanart) | Skin.HasSetting(Vis-MusicSlideshow) | Skin.HasSetting(Vis-ArtistSlideshow)]</enable>
				</control>
				<control type="radiobutton" id="983">
					<description>Enable/Disable Music Information</description>
					<width>553</width>
					<label>$LOCALIZE[20083]</label>
					<include>DialogsRadioButton</include>
					<onclick>Skin.ToggleSetting(MusicInfoOSD)</onclick>
					<selected>Skin.HasSetting(MusicInfoOSD)</selected>
					<enable>![String.IsEmpty(MusicPlayer.Property(Artist_Description)) + String.IsEmpty(MusicPlayer.Property(Album_Description))]</enable>
				</control>
				<control type="radiobutton" id="981">
					<description>Enable/Disable Diffuse Colors</description>
					<width>553</width>
					<label>$LOCALIZE[31314]</label>
					<include>DialogsRadioButton</include>
					<selected>Skin.HasSetting(HideOSDDiffuseColors)</selected>
					<onclick>Skin.ToggleSetting(HideOSDDiffuseColors)</onclick>
				</control>
				<control type="radiobutton" id="982">
					<description>Enable/Disable Scrolling Titles</description>
					<width>553</width>
					<label>$LOCALIZE[31315]</label>
					<include>DialogsRadioButton</include>
					<selected>Skin.HasSetting(HideOSDScrollingTitles)</selected>
					<onclick>Skin.ToggleSetting(HideOSDScrollingTitles)</onclick>
				</control>
				<control type="button" id="980">
					<description>Lyrics Addon Settings</description>
					<width>553</width>
					<label>$LOCALIZE[31325]</label>
					<include>DialogsButton</include>
					<onclick>Addon.OpenSettings($INFO[Skin.String(LyricScript_Path)])</onclick>
					<enable>!String.IsEmpty(Skin.String(LyricScript_Path))</enable>
				</control>
			</control>
		</control>
	</controls>
</window>
