<?xml version="1.0" encoding="UTF-8"?>
<window>
 <defaultcontrol always="true">6</defaultcontrol>
 <controls>
	<control type="group">
    <include>CommonDialogsAnimation</include>
		<control type="image">
			<left>170</left>
			<top>148</top>
			<width>943</width>
			<height>436</height>
			<texture border="59">views/other/panel.png</texture>
		</control>
		<control type="label">
			<description>header label</description>
			<left>179</left>
			<top>100</top>
			<width>920</width>
			<height>45</height>
			<font>FontSize_34B</font>
			<textcolor>viewsinfo</textcolor>
			<label>$INFO[Control.Getlabel(1)]$INFO[Container(6).ListItem.Label,: ]</label>
		</control>
    <control type="panel" id="6">
      <left>182</left>
      <top>160</top>
      <width>927</width>
      <height>412</height>
      <onleft>10000</onleft>
      <onright>10000</onright>
			<orientation>vertical</orientation>
			<pagecontrol>61</pagecontrol>
      <scrolltime tween="Quadratic" easing="out">300</scrolltime>
			<viewtype label="100">icon</viewtype>
      <itemlayout width="102" height="103">
        <control type="image">
          <width>103</width>
          <height>103</height>
          <texture background="true" border="51">thumbs/thumb_border.png</texture>
        </control>
        <control type="image">
          <width>103</width>
          <height>103</height>
					<colordiffuse>$INFO[ListItem.Label2]</colordiffuse>
          <texture background="true" border="3">windows/bg/white.png</texture>
          <bordersize>9</bordersize>
        </control>
      </itemlayout>
      <focusedlayout width="102" height="103">
        <control type="image">
          <width>103</width>
          <height>103</height>
          <texture background="true" border="51">thumbs/thumb_border.png</texture>
        </control>
        <control type="image">
          <width>103</width>
          <height>103</height>
					<colordiffuse>$INFO[ListItem.Label2]</colordiffuse>
          <texture background="true" border="3">windows/bg/white.png</texture>
          <bordersize>9</bordersize>
        </control>
        <control type="image">
          <width>103</width>
          <height>103</height>
          <colordiffuse>$VAR[Textures.GlobalColor]</colordiffuse>
          <texture background="true" border="31">views/other/focus_panel.png</texture>
          <include>ThumbnailsFocusAnimation</include>
        </control>
      </focusedlayout>
	  </control>

		<!-- Control Buttons -->
		<control type="grouplist" id="10000">
			<left>165</left>
			<top>588</top>
			<width>900</width>
			<itemgap>-20</itemgap>
			<onleft>6</onleft>
			<onright>6</onright>
			<onup>6</onup>
			<ondown>6</ondown>
			<orientation>horizontal</orientation>
			<control type="button" id="7">
				<description>Cancel</description>
				<texturefocus border="39,3,39,39">dialogs/buttons/cancel_focus_two.png</texturefocus>
				<texturenofocus border="39,3,39,39">dialogs/buttons/cancel_nofocus_two.png</texturenofocus>
				<include>DialogsButtonsTextHorizontal</include>
			</control>
		</control>
	</control>

	<control type="label" id="1">
		<visible>false</visible>
	</control>

 </controls>
</window>


