<?xml version="1.0" encoding="UTF-8"?>
<window>
	<defaultcontrol always="true">11</defaultcontrol>
	<controls>
		<control type="group">
			<top>50</top>
			<include content="ChannelsSmallList">
				<param name="container_id" value="11"/>
				<param name="onleft" value="PreviousChannelGroup"/>
				<param name="onright" value="6051"/>
			</include>
			<animation type="Conditional" condition="Window.IsActive(notification) | Window.IsActive(extendedprogressdialog) | Window.IsActive(BusyDialog)">
				<effect type="slide" start="0,0" end="0,-50" time="250" tween="qubic" easing="out"/>
			</animation>
		</control>
		<include>PVROSDContentInfo</include>
	</controls>
</window>
