<?xml version="1.0" encoding="UTF-8"?>
<window>
	<defaultcontrol always="true">9</defaultcontrol>
	<controls>

		<control type="group">
			<animation type="WindowOpen" condition="Window.IsVisible(contentsettings) | Window.IsVisible(okdialog) | Window.IsVisible(progressdialog) | Window.IsVisible(1112) | Window.IsVisible(SubtitleSearch)" reversible="false">
				<effect type="fade" start="0" end="100" time="0" delay="300" />
			</animation>

			<control type="group">
				<visible>!Window.IsActive(virtualkeyboard) + !Window.IsActive(numericinput) + !Window.IsActive(textviewer) + !Window.IsActive(DialogConfirm.xml) + !Window.IsActive(progressdialog) + !Window.IsActive(filebrowser) + !Window.IsActive(sliderdialog) + !Window.IsActive(selectdialog) + !Window.IsActive(DialogSelect.xml)</visible>
				<include>CommonDialogsAnimation</include>
				<include content="AddonSettingsPanel">
					<param name="headlabel_id" value="2"/>
				</include>

				<control type="group" id="9000">
					<top>160</top>
					<control type="group">
						<left>182</left>
						<control type="grouplist" id="3">
							<description>category area</description>
							<left>6</left>
							<top>6</top>
							<width>250</width>
							<height>400</height>
							<itemgap>0</itemgap>
							<onleft>10000</onleft>
							<onright>5</onright>
							<ondown>10000</ondown>
						</control>
						<control type="button" id="10">
							<description>default category button</description>
							<width>250</width>
							<include>SettingsButtonLeft</include>
						</control>
					</control>

					<control type="group">
						<left>444</left>
						<control type="grouplist" id="5">
							<description>control area</description>
							<left>6</left>
							<top>6</top>
							<width>645</width>
							<height>400</height>
							<itemgap>0</itemgap>
							<onup>5</onup>
							<ondown>5</ondown>
							<onleft>3</onleft>
							<onright>10000</onright>
							<pagecontrol>705</pagecontrol>
						</control>
						<control type="button" id="7">
							<description>Default Button</description>
							<include>SettingsButton</include>
						</control>
						<control type="radiobutton" id="8">
							<description>Default RadioButton</description>
							<radioposx>616</radioposx>
							<textwidth>589</textwidth>
							<include>SettingsRadioButton</include>
						</control>
						<control type="spincontrolex" id="9">
							<description>Default spincontrolex</description>
							<textwidth>400</textwidth>
							<include>SettingsSpincontrolex</include>
						</control>
						<control type="edit" id="12">
							<description>Default Edit</description>
							<include>SettingsButton</include>
						</control>
						<control type="sliderex" id="13">
							<description>Default Slider</description>
							<textwidth>400</textwidth>
							<include>SettingsSliderex</include>
						</control>
						<control type="label" id="14">
							<description>Default Label</description>
							<width>645</width>
							<font>FontSize_18B</font>
							<include>SettingsButton</include>
						</control>
						<control type="image" id="11">
							<description>Default Seperator</description>
							<include>HiddenItem</include>
							<visible>false</visible>
						</control>
						<control type="scrollbar" id="705">
							<left>658</left>
							<top>4</top>
							<width>5</width>
							<height>354</height>
							<texturesliderbackground></texturesliderbackground>
							<texturesliderbar colordiffuse="viewsinfo" border="4,2,0,2">views/scrollbar/scrollbar_pvr.png</texturesliderbar>
							<texturesliderbarfocus colordiffuse="viewsinfo" border="4,2,0,2">views/scrollbar/scrollbar_pvr.png</texturesliderbarfocus>
							<textureslidernib></textureslidernib>
							<textureslidernibfocus></textureslidernibfocus>
							<onleft>5</onleft>
							<onright>5</onright>
							<showonepage>false</showonepage>
							<orientation>vertical</orientation>
							<animation effect="fade" start="100" end="0" time="250" condition="!ControlGroup(5).HasFocus()">Conditional</animation>
						</control>
					</control>
				</control>

				<!-- Buttons Area -->
				<control type="grouplist" id="10000">
					<left>165</left>
					<top>588</top>
					<width>900</width>
					<itemgap>-20</itemgap>
					<onleft>10000</onleft>
					<onright>10000</onright>
					<onup>9000</onup>
					<ondown>9000</ondown>
					<orientation>horizontal</orientation>
					<control type="button" id="28">
						<description>Save</description>
						<texturefocus border="39,3,39,39">dialogs/buttons/save_focus_two.png</texturefocus>
						<texturenofocus border="39,3,39,39">dialogs/buttons/save_nofocus_two.png</texturenofocus>
						<include>DialogsButtonsTextHorizontal</include>
					</control>
					<control type="button" id="29">
						<description>Cancel</description>
						<texturefocus border="39,3,39,39">dialogs/buttons/cancel_focus_two.png</texturefocus>
						<texturenofocus border="39,3,39,39">dialogs/buttons/cancel_nofocus_two.png</texturenofocus>
						<include>DialogsButtonsTextHorizontal</include>
					</control>
					<control type="button" id="30">
						<description>Defaults</description>
						<texturefocus border="39,3,39,39">dialogs/buttons/settings_focus_two.png</texturefocus>
						<texturenofocus border="39,3,39,39">dialogs/buttons/settings_nofocus_two.png</texturenofocus>
						<include>DialogsButtonsTextHorizontal</include>
					</control>
				</control>
			</control>
		</control>
	</controls>
</window>
