<?xml version="1.0" encoding="UTF-8"?>
<window>
	<defaultcontrol always="true">11</defaultcontrol>
	<controls>
		<control type="group">
			<visible>Control.IsVisible(11)</visible>
			<include>FullscreenDimensions</include>
			<include>InfoDialogsVisible_ZoomAnimation</include>
			<include>VisibleHiddenSlideAnimation</include>
			<include>HomeMenu_OpenCloseSlideAnimation</include>
			<animation type="Conditional" condition="Window.IsActive(notification) | Window.IsActive(extendedprogressdialog) | Window.IsActive(BusyDialog) | Window.IsActive(MyPVRChannels.xml)">
				<effect type="slide" start="0,0" end="0,-50" time="250" tween="qubic" easing="out"/>
			</animation>
			<control type="group">
				<left>917</left>
				<top>440</top>
				<control type="image">
					<description>Plot panel</description>
					<left>0</left>
					<top>0</top>
					<width>318</width>
					<height>245</height>
					<texture border="4">windows/pvr/seperator.png</texture>
				</control>
				<control type="label">
					<left>10</left>
					<top>5</top>
					<width>295</width>
					<height>35</height>
					<font>FontSize_20B</font>
					<label fallback="..">$INFO[Container(11).ListItem.Title]</label>
					<textcolor>viewsinfo</textcolor>
					<scroll>false</scroll>
					<visible>Container(11).ListItem.HasEpg</visible>
				</control>
				<control type="label">
					<left>10</left>
					<top>32</top>
					<width>295</width>
					<height>25</height>
					<font>FontSize_20</font>
					<label>$INFO[Container(11).ListItem.StartTime,, - ]$INFO[Container(11).ListItem.EndTime]</label>
					<textcolor>viewsinfo</textcolor>
					<scroll>false</scroll>
					<visible>Container(11).ListItem.HasEpg</visible>
				</control>
				<control type="textbox">
					<left>10</left>
					<top>58</top>
					<width>295</width>
					<height>148</height>
					<font>TextboxFont_20</font>
					<textcolor>viewsinfo</textcolor>
					<align>justify</align>
					<autoscroll delay="8000" time="2000" repeat="8000">Skin.HasSetting(AutoScroll)</autoscroll>
					<label>$INFO[Container(11).ListItem.Plot]</label>
				</control>
				<control type="label">
					<left>10</left>
					<top>203</top>
					<width>295</width>
					<height>45</height>
					<font>FontSize_20B</font>
					<textcolor>viewsinfo</textcolor>
					<label>$INFO[Container(11).ListItem.Genre]</label>
					<scroll>false</scroll>
				</control>
			</control>
			<control type="list" id="11">
				<left>35</left>
				<top>440</top>
				<width>1190</width>
				<height>250</height>
				<onleft>130</onleft>
				<onright>6051</onright>
				<onup>11</onup>
				<ondown>11</ondown>
				<preloaditems>2</preloaditems>
				<viewtype label="535">list</viewtype>
				<pagecontrol>6051</pagecontrol>
				<scrolltime tween="cubic" easing="out">300</scrolltime>
				<itemlayout height="50">
					<control type="image">
						<description>Number Sep</description>
						<left>10</left>
						<top>0</top>
						<width>80</width>
						<height>45</height>
						<texture>windows/pvr/seperator.png</texture>
					</control>
					<control type="image">
						<description>Label Sep</description>
						<left>94</left>
						<top>0</top>
						<width>784</width>
						<height>45</height>
						<texture>windows/pvr/seperator.png</texture>
					</control>
					<control type="label">
						<left>10</left>
						<top>0</top>
						<width>80</width>
						<height>45</height>
						<font>FontSize_22</font>
						<textcolor>viewsinfo</textcolor>
						<selectedcolor>$VAR[Text.GlobalColor]</selectedcolor>
						<align>center</align>
						<label>$INFO[ListItem.StartTime]</label>
					</control>
					<control type="label">
						<left>104</left>
						<top>0</top>
						<width>700</width>
						<height>45</height>
						<font>FontSize_22</font>
						<textcolor>viewsinfo</textcolor>
						<selectedcolor>$VAR[Text.GlobalColor]</selectedcolor>
						<label>$INFO[ListItem.Label]</label>
					</control>
					<control type="image">
						<left>840</left>
						<top>10</top>
						<width>30</width>
						<height>28</height>
						<colordiffuse>viewsinfo</colordiffuse>
						<aspectratio>keep</aspectratio>
						<texture>windows/pvr/timer.png</texture>
						<visible>ListItem.HasTimer + !ListItem.IsRecording</visible>
					</control>
					<control type="image">
						<left>843</left>
						<top>12</top>
						<width>24</width>
						<height>24</height>
						<aspectratio>keep</aspectratio>
						<texture>windows/pvr/rec.png</texture>
						<visible>ListItem.IsRecording</visible>
					</control>
				</itemlayout>
				<focusedlayout height="50">
					<control type="group">
						<include>PVRListFocusAnimation</include>
						<control type="image">
							<description>Number Sep</description>
							<left>10</left>
							<top>0</top>
							<width>80</width>
							<height>45</height>
							<colordiffuse>$VAR[Textures.GlobalColor]</colordiffuse>
							<texture>windows/pvr/focus.png</texture>
						</control>
						<control type="image">
							<description>Label Sep</description>
							<left>94</left>
							<top>0</top>
							<width>784</width>
							<height>45</height>
							<colordiffuse>$VAR[Textures.GlobalColor]</colordiffuse>
							<texture>windows/pvr/focus.png</texture>
						</control>
						<control type="label">
							<left>10</left>
							<top>0</top>
							<width>80</width>
							<height>45</height>
							<font>FontSize_22</font>
							<selectedcolor>$VAR[Text.GlobalColor]</selectedcolor>
							<align>center</align>
							<label>$INFO[ListItem.StartTime]</label>
						</control>
						<control type="label">
							<left>104</left>
							<top>0</top>
							<width>700</width>
							<height>45</height>
							<font>FontSize_22</font>
							<selectedcolor>$VAR[Text.GlobalColor]</selectedcolor>
							<label>$INFO[ListItem.Label]</label>
						</control>
						<control type="image">
							<left>840</left>
							<top>10</top>
							<width>30</width>
							<height>28</height>
							<colordiffuse>ccffffff</colordiffuse>
							<aspectratio>keep</aspectratio>
							<texture>windows/pvr/timer.png</texture>
							<visible>ListItem.HasTimer + !ListItem.IsRecording</visible>
						</control>
						<control type="image">
							<left>843</left>
							<top>12</top>
							<width>24</width>
							<height>24</height>
							<aspectratio>keep</aspectratio>
							<texture>windows/pvr/rec.png</texture>
							<visible>ListItem.IsRecording</visible>
						</control>
					</control>
				</focusedlayout>
			</control>
			<control type="button">
				<left>50</left>
				<top>410</top>
				<width>1180</width>
				<height>30</height>
				<font>FontSize_20B</font>
				<textcolor>viewsinfo</textcolor>
				<label>$INFO[Container(11).ListItem.ChannelNumberLabel,,. ]$INFO[Container(11).ListItem.ChannelName]</label>
				<label2>$INFO[Container(11).ListItem.StartDate]</label2>
			</control>
			<include content="PVROScrollbar">
				<param name="id" value="6051"/>
				<param name="top" value="439"/>
				<param name="height" value="247"/>
				<param name="onleft" value="11"/>
				<param name="onright" value="11"/>
			</include>
		</control>

		<include>PVROSDContentInfo</include>
	</controls>
</window>
