<?xml version="1.0" encoding="UTF-8"?>
<window>
	<defaultcontrol always="true">9</defaultcontrol>
	<controls>
	 <control type="group">
    <include>CommonDialogsAnimation</include>
    <visible>!Window.IsActive(VirtualKeyboard) + !Window.IsActive(NumericInput)</visible>
		<include content="DialogsPanel">
			<param name="group_left" value="211"/>
			<param name="group_top" value="109"/>
			<param name="group_width" value="852"/>
			<param name="body_width" value="852"/>
			<param name="body_height" value="520"/>
			<param name="header_line_width" value="848"/>
			<param name="header_label" value="$LOCALIZE[19142]"/>
			<param name="header_width" value="555"/>
			<param name="countitems_visible" value="false"/>
		</include>
		<control type="edit" id="9">
			<description>Search string</description>
			<left>230</left>
			<top>173</top>
			<width>820</width>
			<font>FontSize_36</font>
			<textcolor>viewsinfo</textcolor>
			<texturefocus />
			<texturenofocus />
			<onleft>9</onleft>
			<onright>10000</onright>
			<onup>26</onup>
			<ondown>10010</ondown>
		</control>
		<control type="textbox">
			<description>Search help</description>
			<left>235</left>
			<top>220</top>
			<width>800</width>
			<height>38</height>
			<align>left</align>
			<font>TextboxFont_15B</font>
			<textcolor>disabled</textcolor>
			<label>$LOCALIZE[19001] $LOCALIZE[19002]</label>
		</control>
			
		<control type="group" id="10010">
      <!-- Left Part -->
			<control type="group">
	      <left>231</left>
	      <top>265</top>
				<control type="radiobutton" id="10">
					<description>Include Description</description>
					<width>400</width>
			    <height>40</height>
					<font>FontSize_20</font>
					<texturefocus>buttons/focus.png</texturefocus>
					<texturenofocus border="1">buttons/nofocus.png</texturenofocus>
					<textoffsetx>10</textoffsetx>
					<textoffsety>7</textoffsety>
			    <radioposx>369</radioposx>
					<pulseonselect>true</pulseonselect>
					<label>19134</label>
					<onleft>12</onleft>
					<onright>12</onright>
					<onup>9</onup>
					<ondown>11</ondown>
				</control>
				<control type="radiobutton" id="11">
					<description>Case Sensitive</description>
					<top>44</top>
					<width>400</width>
			    <height>40</height>
					<font>FontSize_20</font>
					<texturefocus>buttons/focus.png</texturefocus>
					<texturenofocus border="1">buttons/nofocus.png</texturenofocus>
					<textoffsetx>10</textoffsetx>
					<textoffsety>7</textoffsety>
			    <radioposx>369</radioposx>
					<pulseonselect>true</pulseonselect>
					<label>19135</label>
					<onleft>13</onleft>
					<onright>13</onright>
					<onup>10</onup>
					<ondown>14</ondown>
				</control>
				<control type="edit" id="14">
					<description>Start Date</description>
					<top>88</top>
					<width>400</width>
			    <height>40</height>
					<font>FontSize_20</font>
					<texturefocus>buttons/focus.png</texturefocus>
					<texturenofocus border="1">buttons/nofocus.png</texturenofocus>
					<textoffsetx>10</textoffsetx>
					<textoffsety>5</textoffsety>
					<pulseonselect>true</pulseonselect>
					<label>19128</label>
					<onright>16</onright>
					<onleft>16</onleft>
					<onup>11</onup>
					<ondown>15</ondown>
				</control>
				<control type="edit" id="15">
					<description>Stop Date</description>
					<top>132</top>
					<width>400</width>
			    <height>40</height>
					<font>FontSize_20</font>
					<texturefocus>buttons/focus.png</texturefocus>
					<texturenofocus border="1">buttons/nofocus.png</texturenofocus>
					<textoffsetx>10</textoffsetx>
					<textoffsety>5</textoffsety>
					<pulseonselect>true</pulseonselect>
					<label>19129</label>
					<onright>17</onright>
					<onleft>17</onleft>
					<onup>14</onup>
					<ondown>18</ondown>
				</control>
				<control type="spincontrolex" id="18">
					<description>Genre</description>
					<top>176</top>
					<width>400</width>
			    <height>40</height>
					<font>FontSize_20</font>
					<texturefocus>buttons/focus.png</texturefocus>
					<texturenofocus border="1">buttons/nofocus.png</texturenofocus>
					<textoffsetx>10</textoffsetx>
					<textoffsety>7</textoffsety>
			    <spinposx>11</spinposx>
					<pulseonselect>true</pulseonselect>
					<label>515</label>
					<onright>19</onright>
					<onleft>19</onleft>
					<onup>15</onup>
					<ondown>20</ondown>
				</control>
				<control type="radiobutton" id="20">
					<description>Include unknown Genres</description>
					<top>220</top>
					<width>400</width>
			    <height>40</height>
					<font>FontSize_20</font>
					<texturefocus>buttons/focus.png</texturefocus>
					<texturenofocus border="1">buttons/nofocus.png</texturenofocus>
					<textoffsetx>10</textoffsetx>
					<textoffsety>7</textoffsety>
			    <radioposx>369</radioposx>
					<pulseonselect>true</pulseonselect>
					<label>19132</label>
					<onleft>21</onleft>
					<onright>21</onright>
					<onup>18</onup>
					<ondown>22</ondown>
				</control>
				<control type="radiobutton" id="22">
					<description>FTA only</description>
					<top>264</top>
					<width>400</width>
			    <height>40</height>
					<font>FontSize_20</font>
					<texturefocus>buttons/focus.png</texturefocus>
					<texturenofocus border="1">buttons/nofocus.png</texturenofocus>
					<textoffsetx>10</textoffsetx>
					<textoffsety>7</textoffsety>
			    <radioposx>369</radioposx>
					<pulseonselect>true</pulseonselect>
					<label>19123</label>
					<onleft>23</onleft>
					<onright>23</onright>
					<onup>20</onup>
					<ondown>24</ondown>
				</control>
				<control type="radiobutton" id="24">
					<description>Ignore Timers</description>
					<top>308</top>
					<width>400</width>
			    <height>40</height>
					<font>FontSize_20</font>
					<texturefocus>buttons/focus.png</texturefocus>
					<texturenofocus border="1">buttons/nofocus.png</texturenofocus>
					<textoffsetx>10</textoffsetx>
					<textoffsety>7</textoffsety>
			    <radioposx>369</radioposx>
					<pulseonselect>true</pulseonselect>
					<label>19124</label>
					<onleft>27</onleft>
					<onright>27</onright>
					<onup>22</onup>
					<ondown>10</ondown>
				</control>
			</control>
      <!-- Right Part -->
			<control type="group">
				<left>649</left>
				<top>265</top>
				<control type="spincontrolex" id="12">
					<description>Min Duration</description>
					<width>400</width>
			    <height>40</height>
					<font>FontSize_20</font>
					<texturefocus>buttons/focus.png</texturefocus>
					<texturenofocus border="1">buttons/nofocus.png</texturenofocus>
					<textoffsetx>10</textoffsetx>
					<textoffsety>7</textoffsety>
			    <spinposx>11</spinposx>
					<pulseonselect>true</pulseonselect>
					<label>19130</label>
					<onright>10000</onright>
					<onleft>10</onleft>
					<onup>9</onup>
					<ondown>13</ondown>
				</control>
				<control type="spincontrolex" id="13">
					<description>Max Duration</description>
					<top>44</top>
					<width>400</width>
			    <height>40</height>
					<font>FontSize_20</font>
					<texturefocus>buttons/focus.png</texturefocus>
					<texturenofocus border="1">buttons/nofocus.png</texturenofocus>
					<textoffsetx>10</textoffsetx>
					<textoffsety>7</textoffsety>
			    <spinposx>11</spinposx>
					<pulseonselect>true</pulseonselect>
					<label>19131</label>
					<onright>10000</onright>
					<onleft>11</onleft>
					<onup>12</onup>
					<ondown>16</ondown>
				</control>
				<control type="edit" id="16">
					<description>Start time</description>
					<top>88</top>
					<width>400</width>
			    <height>40</height>
					<font>FontSize_20</font>
					<texturefocus>buttons/focus.png</texturefocus>
					<texturenofocus border="1">buttons/nofocus.png</texturenofocus>
					<textoffsetx>10</textoffsetx>
					<textoffsety>5</textoffsety>
					<pulseonselect>true</pulseonselect>
					<label>19126</label>
					<onright>10000</onright>
					<onleft>14</onleft>
					<onup>13</onup>
					<ondown>17</ondown>
				</control>
				<control type="edit" id="17">
					<description>Stop time</description>
					<top>132</top>
					<width>400</width>
			    <height>40</height>
					<font>FontSize_20</font>
					<texturefocus>buttons/focus.png</texturefocus>
					<texturenofocus border="1">buttons/nofocus.png</texturenofocus>
					<textoffsetx>10</textoffsetx>
					<textoffsety>5</textoffsety>
					<pulseonselect>true</pulseonselect>
					<label>19127</label>
					<onright>10000</onright>
					<onleft>15</onleft>
					<onup>16</onup>
					<ondown>19</ondown>
				</control>
				<control type="radiobutton" id="19">
					<description>avoid repeats</description>
					<top>176</top>
					<width>400</width>
			    <height>40</height>
					<font>FontSize_20</font>
					<texturefocus>buttons/focus.png</texturefocus>
					<texturenofocus border="1">buttons/nofocus.png</texturenofocus>
					<textoffsetx>10</textoffsetx>
					<textoffsety>7</textoffsety>
			    <radioposx>369</radioposx>
					<pulseonselect>true</pulseonselect>
					<label>19121</label>
					<onright>10000</onright>
					<onleft>18</onleft>
					<onup>17</onup>
					<ondown>21</ondown>
				</control>
				<control type="spincontrolex" id="21">
					<description>Groups</description>
					<top>220</top>
					<width>400</width>
			    <height>40</height>
					<font>FontSize_20</font>
					<texturefocus>buttons/focus.png</texturefocus>
					<texturenofocus border="1">buttons/nofocus.png</texturenofocus>
					<textoffsetx>10</textoffsetx>
					<textoffsety>7</textoffsety>
			    <spinposx>11</spinposx>
					<pulseonselect>true</pulseonselect>
					<label>19141</label>
					<onright>10000</onright>
					<onleft>20</onleft>
					<onup>19</onup>
					<ondown>23</ondown>
				</control>
				<control type="spincontrolex" id="23">
					<description>Channels</description>
					<top>264</top>
					<width>400</width>
			    <height>40</height>
					<font>FontSize_20</font>
					<texturefocus>buttons/focus.png</texturefocus>
					<texturenofocus border="1">buttons/nofocus.png</texturenofocus>
					<align>left</align>
					<aligny>top</aligny>
					<textoffsetx>10</textoffsetx>
					<textoffsety>7</textoffsety>
			    <spinposx>11</spinposx>
					<pulseonselect>true</pulseonselect>
					<label>19148</label>
					<onright>10000</onright>
					<onleft>22</onleft>
					<onup>21</onup>
					<ondown>27</ondown>
				</control>
				<control type="radiobutton" id="27">
					<description>Ignore Recordings</description>
					<top>308</top>
					<width>400</width>
			    <height>40</height>
					<font>FontSize_20</font>
					<texturefocus>buttons/focus.png</texturefocus>
					<texturenofocus border="1">buttons/nofocus.png</texturenofocus>
					<align>left</align>
					<aligny>top</aligny>
					<textoffsetx>10</textoffsetx>
					<textoffsety>7</textoffsety>
			    <radioposx>369</radioposx>
					<pulseonselect>true</pulseonselect>
					<label>19125</label>
					<onright>10000</onright>
					<onleft>24</onleft>
					<onup>23</onup>
					<ondown>12</ondown>
				</control>
			</control>
		</control>

    <!-- Control Buttons -->
	  <control type="grouplist" id="10000">
			<left>1071</left>
			<top>460</top>
			<height>168</height>
			<onleft>10010</onleft>
			<onright>10010</onright>
			<align>right</align>
			<defaultcontrol always="true">26</defaultcontrol>
  		<control type="button" id="28">
				<description>Defaults</description>
	      <include>DialogsButtonsText</include>
    		<texturefocus border="49,0,49,0">dialogs/buttons/settings_focus.png</texturefocus>
    		<texturenofocus border="49,0,49,0">dialogs/buttons/settings_nofocus.png</texturenofocus>
				<label>$LOCALIZE[409]</label>
  		</control>
  		<control type="button" id="25">
			  <description>Cancel</description>
	      <include>DialogsButtonsText</include>
    		<texturefocus border="49,0,49,0">dialogs/buttons/cancel_focus.png</texturefocus>
    		<texturenofocus border="49,0,49,0">dialogs/buttons/cancel_nofocus.png</texturenofocus>
				<label>$LOCALIZE[222]</label>
  		</control>
  		<control type="button" id="26">
				<description>Search</description>
	      <include>DialogsButtonsText</include>
    		<texturefocus border="49,0,49,0">dialogs/buttons/save_focus.png</texturefocus>
    		<texturenofocus border="49,0,49,0">dialogs/buttons/save_nofocus.png</texturenofocus>
				<label>$LOCALIZE[137]</label>
  		</control>
	  </control>
	 </control>
	</controls>
</window>