<?xml version="1.0" encoding="UTF-8"?>
<window>
	<defaultcontrol always="true">50</defaultcontrol>
	<backgroundcolor>bgcolor</backgroundcolor>
	<views>50</views>
	<controls>
		<include>BackgroundItems</include>
		<control type="group">
			<include>OpenCloseSlideAnimationTwo</include>
			<include>InfoDialogsVisible_ZoomAnimation</include>
			<!-- Panels -->
			<control type="image">
				<left>100</left>
				<top>147</top>
				<width>1078</width>
				<height>441</height>
				<texture border="59">views/other/panel.png</texture>
			</control>
			<include content="FileManagerPanel">
				<param name="left" value="105"/>
				<param name="top" value="112"/>
				<param name="align" value="left"/>
				<param name="label_left" value="0"/>
				<param name="label" value="$LOCALIZE[31108]$INFO[Container.FolderName,: ]$INFO[Container(50).NumItems, (,)]"/>
				<param name="hiddenlist_id" value="100"/>
			</include>
			<include content="FileManagerPanel">
				<param name="left" value="632"/>
				<param name="top" value="112"/>
				<param name="align" value="right"/>
				<param name="label_left" value="15"/>
				<param name="label" value="$LOCALIZE[31109]$INFO[Container(100).NumItems,: , $LOCALIZE[182]]"/>
				<param name="hiddenlist_id" value="50"/>
			</include>
			<!-- Left Area -->
			<control type="group">
				<left>118</left>
				<top>163</top>
				<animation effect="fade" start="0" end="100" time="200" condition="![[Window.IsActive(contextmenu) + !String.IsEqual(Window(home).Property(Resume),true)] + !Control.HasFocus(100)]">Conditional</animation>
				<include content="FileManagerList">
					<param name="container_id" value="50"/>
					<param name="scrollbar_id" value="60"/>
					<param name="scrollbar_left" value="-12"/>
					<param name="onleft_scrollbar" value="10000"/>
					<param name="onright_scrollbar" value="50"/>
					<param name="onleft" value="60"/>
					<param name="onright" value="100"/>
				</include>
			</control>
			<!-- Right Area -->
			<control type="group">
				<left>645</left>
				<top>163</top>
				<animation effect="fade" start="0" end="100" time="200" condition="![[Window.IsActive(contextmenu) + !String.IsEqual(Window(home).Property(Resume),true)] + !Control.HasFocus(50)]">Conditional</animation>
				<include content="FileManagerList">
					<param name="container_id" value="100"/>
					<param name="scrollbar_id" value="61"/>
					<param name="scrollbar_left" value="521"/>
					<param name="onleft_scrollbar" value="100"/>
					<param name="onright_scrollbar" value="10000"/>
					<param name="onleft" value="50"/>
					<param name="onright" value="61"/>
				</include>
			</control>

			<!-- Buttons Area -->
			<control type="grouplist" id="10000">
				<left>95</left>
				<top>590</top>
				<width>909</width>
				<height>40</height>
				<itemgap>0</itemgap>
				<align>left</align>
				<orientation>horizontal</orientation>
				<onup>50</onup>
				<ondown>50</ondown>
				<control type="button" id="6">
					<description>Open</description>
					<texturefocus border="39,0,39,0">dialogs/buttons/add_focus_two.png</texturefocus>
					<texturenofocus border="39,0,39,0">dialogs/buttons/add_nofocus_two.png</texturenofocus>
					<include>DialogsButtonsTextHorizontal</include>
					<label>$LOCALIZE[502]</label>
				</control>
				<control type="button" id="7">
					<description>Save</description>
					<texturefocus border="39,3,39,39">dialogs/buttons/save_focus_two.png</texturefocus>
					<texturenofocus border="39,3,39,39">dialogs/buttons/save_nofocus_two.png</texturenofocus>
					<include>DialogsButtonsTextHorizontal</include>
					<label>$LOCALIZE[190]</label>
				</control>
				<control type="button" id="8">
					<description>Clear</description>
					<texturefocus border="39,3,39,39">dialogs/buttons/cancel_focus_two.png</texturefocus>
					<texturenofocus border="39,3,39,39">dialogs/buttons/cancel_nofocus_two.png</texturenofocus>
					<include>DialogsButtonsTextHorizontal</include>
					<label>$LOCALIZE[192]</label>
				</control>
			</control>
		</control>

		<include>CommonItems</include>
		<include>CommonWeatherAndClock</include>

		<!-- ================ -->
		<!-- Top Content Info -->
		<!-- ================ -->
		<control type="group">
			<left>45</left>
			<top>25</top>
			<include>ShutdownMenuAnimation</include>
			<include>InfoDialogs_ContentInfoAnimation</include>
			<control type="grouplist">
				<include>CommonTopInfoGroupList</include>
				<include>OpenCloseSlideAnimationTwo</include>
				<control type="label">
					<include>TopBigLabel</include>
					<label>$LOCALIZE[10503]</label>
				</control>
			</control>
		</control>

	</controls>
</window>
