<?xml version="1.0" encoding="UTF-8"?>
<window>
	<defaultcontrol always="true">9001</defaultcontrol>
	<backgroundcolor>bgcolor</backgroundcolor>
	<controls>
		<include>BackgroundItems</include>

		<control type="group">
			<include>CommonViews_VerticalAnimation</include>
			<include>VisibleHiddenSlideAnimation</include>
			<include>InfoDialogsVisible_ZoomAnimation</include>
			<include content="SettingsPanel">
				<param name="seperators" value="windows/settings/settings_separators.png"/>
			</include>
			<control type="group" id="9001">
				<left>96</left>
				<top>145</top>
				<control type="list" id="9010">
					<left>0</left>
					<top>0</top>
					<width>295</width>
					<height>400</height>
					<itemgap>0</itemgap>
					<onleft>noop</onleft>
					<onright>9002</onright>
					<onup>9010</onup>
					<ondown>9010</ondown>
					<pagecontrol></pagecontrol>
					<scrolltime>200</scrolltime>
					<itemlayout height="50" width="295">
						<control type="label">
							<left>-10</left>
							<top>0</top>
							<width>295</width>
							<height>50</height>
							<font>FontSize_22</font>
							<textcolor>viewsinfo</textcolor>
							<align>right</align>
							<label>$INFO[ListItem.Label]</label>
						</control>
					</itemlayout>
					<focusedlayout height="50" width="295">
						<control type="image">
							<left>0</left>
							<top>0</top>
							<width>295</width>
							<height>50</height>
							<texture>windows/settings/settings_left_fo.png</texture>
							<animation effect="fade" start="100" end="50" time="0" condition="!Control.HasFocus(9010)">Conditional</animation>
						</control>
						<control type="label">
							<left>-10</left>
							<top>0</top>
							<width>295</width>
							<height>50</height>
							<font>FontSize_22</font>
							<align>right</align>
							<label>$INFO[ListItem.Label]</label>
						</control>
					</focusedlayout>
					<content>
						<item id="1">
							<label>$LOCALIZE[13200]</label>
						</item>
						<item id="2">
							<label>$LOCALIZE[20096]</label>
						</item>
					</content>
				</control>

				<control type="group" id="9002">
					<left>307</left>
					<top>0</top>
					<control type="group" id="9030">
						<include>CloseAnimation</include>
						<visible>Container(9010).Hasfocus(1)</visible>
						<control type="panel" id="2">
							<left>0</left>
							<top>0</top>
							<width>782</width>
							<height>400</height>
							<itemgap>0</itemgap>
							<onleft>9010</onleft>
							<onright>noop</onright>
							<onup>2</onup>
							<ondown>2</ondown>
							<pagecontrol></pagecontrol>
							<scrolltime>300</scrolltime>
							<itemlayout height="50" width="782">
								<control type="label">
									<left>10</left>
									<top>0</top>
									<width>782</width>
									<height>50</height>
									<font>FontSize_22</font>
									<textcolor>viewsinfo</textcolor>
									<label>$INFO[ListItem.Label]</label>
								</control>
								<control type="image">
									<left>735</left>
									<top>4</top>
									<width>42</width>
									<height>42</height>
									<aspectratio scalediffuse="false">scale</aspectratio>
									<texture background="true" colordiffuse="viewsinfo" fallback="icons/profiles/profile_icon_small.png" diffuse="icons/profiles/profile_diffuse.png">$INFO[Listitem.Icon]</texture>
									<bordertexture colordiffuse="viewsinfo">icons/profiles/profile_panel_small.png</bordertexture>
									<visible>!String.Contains(ListItem.Label,$LOCALIZE[20058])</visible>
								</control>
							</itemlayout>
							<focusedlayout height="50" width="782">
								<control type="image">
									<left>0</left>
									<top>0</top>
									<width>782</width>
									<height>50</height>
									<texture>windows/settings/settings_right_fo.png</texture>
								</control>
								<control type="label">
									<left>10</left>
									<top>0</top>
									<width>782</width>
									<height>50</height>
									<font>FontSize_22</font>
									<label>$INFO[ListItem.Label]</label>
									<visible>!Control.HasFocus(2)</visible>
								</control>
								<control type="label">
									<left>10</left>
									<top>0</top>
									<width>782</width>
									<height>50</height>
									<font>FontSize_22</font>
									<label>$INFO[ListItem.Label]</label>
									<visible>Control.HasFocus(2)</visible>
								</control>
								<control type="image">
									<left>735</left>
									<top>4</top>
									<width>42</width>
									<height>42</height>
									<aspectratio scalediffuse="false">scale</aspectratio>
									<texture background="true" fallback="icons/profiles/profile_icon_small.png" diffuse="icons/profiles/profile_diffuse.png">$INFO[Listitem.Icon]</texture>
									<bordertexture>icons/profiles/profile_panel_small.png</bordertexture>
									<visible>!String.Contains(ListItem.Label,$LOCALIZE[20058])</visible>
								</control>
							</focusedlayout>
						</control>
					</control>

					<control type="grouplist" id="9020">
						<include>CloseAnimation</include>
						<visible>Container(9010).Hasfocus(2)</visible>
						<left>0</left>
						<top>0</top>
						<width>784</width>
						<height>400</height>
						<itemgap>0</itemgap>
						<pagecontrol>60</pagecontrol>
						<onleft>9010</onleft>
						<onright>noop</onright>
						<onup>9020</onup>
						<ondown>9020</ondown>
						<control type="radiobutton" id="4">
							<include>SettingsRadioButton</include>
							<label>$LOCALIZE[31153]</label>
						</control>
						<control type="button" id="5">
							<include>SettingsButton</include>
							<label>$LOCALIZE[33084]</label>
							<label2>$INFO[System.ProfileAutoLogin]</label2>
							<enable>!System.HasLoginScreen</enable>
						</control>
					</control>
				</control>
			</control>

			<include content="SettingsHeaderAndFooter">
				<param name="settings_label" value="$LOCALIZE[5]"/>
				<param name="description_label" value="$LOCALIZE[31410]"/>
			</include>
		</control>

		<include>CommonDialogsFadeOutBG</include>
		<include>CommonNowPlaying</include>
		<include>SettingsCategoryContentInfo</include>
		<include>SettingsWeatherAndClock</include>
	</controls>
</window>