<?xml version="1.0" encoding="UTF-8"?>
<includes> 

	<!-- ======================== -->
	<!-- ==== Wall View "54" ==== -->
	<!-- ======================== -->
	<include name="WallView_Videos">
		<control type="group">
			<left>0</left>
			<top>-1</top>
			<visible>Control.IsVisible(54)</visible>
			<control type="image">
				<include>FullscreenDimensions</include>
				<texture>windows/bg/black.png</texture>
				<include>InfoDialogsVisible_ZoomAnimation</include>
				<include>TextViewerHideAnimations</include>
				<animation type="WindowOpen" tween="sine" easing="out">
					<effect type="fade" start="0" end="100" time="1000"/>
				</animation>
				<animation type="WindowClose" tween="sine" easing="out">
					<effect type="fade" start="100" end="0" time="1000" delay="1200"/>
				</animation>
			</control>
			<!-- Walls -->
			<control type="group" id="5401">
				<animation reversible="false" effect="slide" start="0,0" end="-164,0" time="300" tween="quadratic" easing="out">Hidden</animation>
				<visible>Container.OnNext</visible>
				<include>Includes_OnNext_Wall</include>
			</control>
			<control type="group" id="5402">
				<animation reversible="false" effect="slide" start="0,0" end="164,0" time="300" tween="quadratic" easing="out">Hidden</animation>
				<visible>Container.OnPrevious</visible>
				<include>Includes_OnPrevious_Wall</include>
			</control>
			<control type="group">
				<animation type="WindowOpen" tween="sine" easing="out">
					<effect type="fade" start="0" end="100" time="1000"/>
				</animation>
				<animation type="WindowClose" tween="sine" easing="out">
					<effect type="fade" start="100" end="0" time="1000" delay="800"/>
				</animation>
				<visible>!Control.IsVisible(5401) + !Control.IsVisible(5402)</visible>
				<include>Includes_Static_Wall</include>
				<include>InfoDialogsVisible_ZoomAnimation</include>
				<include>TextViewerHideAnimations</include>
			</control>
		</control>

		<control type="group">
			<visible>Control.IsVisible(54)</visible>
			<!-- Overlays -->
			<control type="group">
				<include>InfoDialogsVisible_FadeAnimation</include>
				<include>TextViewerHideAnimations</include>
				<animation effect="fade" start="0" end="100" time="400" tween="sine" easing="out">WindowOpen</animation>
				<animation effect="fade" start="100" end="0" time="2000" tween="sine" easing="out">WindowClose</animation>
				<control type="image">
					<include>FullscreenDimensions</include>
					<texture background="true">views/wall/wall_overlay.png</texture>
				</control>
				<control type="image">
					<include>FullscreenDimensions</include>
					<texture background="true">views/wall/wall_mask.png</texture>
				</control>
			</control>

			<!-- Art -->
			<control type="group">
				<include>InfoDialogsVisible_ZoomAnimation</include>
				<include>TextViewerHideAnimations</include>
				<include content="WallsViews_ZoomInfoAnimation">
					<param name="id_13" value="5401"/>
					<param name="id_14" value="5402"/>
				</include>
				<control type="image">
					<left>128</left>
					<top>30</top>
					<width>562</width>
					<height>682</height>
					<texture background="true" colordiffuse="$VAR[Textures.GlobalColor]">$VAR[WallViewsGlows]</texture>
					<animation type="WindowOpen">
						<effect type="fade" start="0" end="100" time="500" delay="800" tween="sine" easing="out"/>
						<effect type="zoom" start="230,148,360,436" end="128,30,562,682" time="980" delay="750" tween="sine" easing="out"/>
					</animation>
					<animation type="WindowClose">
						<effect type="zoom" start="128,30,562,682" end="230,148,360,436" time="980" delay="0" tween="sine" easing="out"/>
						<effect type="fade" start="100" end="0" time="500" delay="0" tween="sine" easing="out"/>
					</animation>
				</control>
				<control type="image">
					<left>128</left>
					<top>30</top>
					<width>562</width>
					<height>682</height>
					<texture background="true">views/wall/poster_arrows.png</texture>
					<animation type="WindowOpen">
						<effect type="fade" start="0" end="100" time="500" delay="800" tween="sine" easing="out"/>
						<effect type="zoom" start="230,148,360,436" end="128,30,562,682" time="980" delay="750" tween="sine" easing="out"/>
					</animation>
					<animation type="WindowClose">
						<effect type="zoom" start="128,30,562,682" end="230,148,360,436" time="980" delay="0" tween="sine" easing="out"/>
						<effect type="fade" start="100" end="0" time="500" delay="0" tween="sine" easing="out"/>
					</animation>
				</control>
				<control type="image">
					<left>285</left>
					<top>176</top>
					<width>248</width>
					<height>371</height>
					<aspectratio align="center" aligny="center" scalediffuse="false">scale</aspectratio>
					<texture background="true" diffuse="views/wall/poster_diffuse.png">$VAR[WallViewsBigPoster0]</texture>
					<animation type="WindowOpen">
						<effect type="fade" start="0" end="100" time="500" delay="500"  tween="sine" easing="out"/>
						<effect type="zoom" start="328,239,164,242" end="285,176,248,371" time="980" delay="750"  tween="sine" easing="out"/>
					</animation>
					<animation type="WindowClose">
						<effect type="zoom" start="285,176,248,371" end="328,239,164,242" time="980" delay="0"  tween="sine" easing="out"/>
						<effect type="fade" start="100" end="0" time="500" delay="800"  tween="sine" easing="out"/>
					</animation>
				</control>
				<control type="image">
					<left>285</left>
					<top>176</top>
					<width>248</width>
					<height>371</height>
					<texture background="true">views/wall/poster_overlay.png</texture>
					<animation type="WindowOpen">
						<effect type="fade" start="0" end="100" time="500" delay="500" tween="sine" easing="out"/>
						<effect type="zoom" start="328,239,164,242" end="285,176,248,371" time="980" delay="750" tween="sine" easing="out"/>
					</animation>
					<animation type="WindowClose">
						<effect type="zoom" start="285,176,248,371" end="328,239,164,242" time="980" delay="0" tween="sine" easing="out"/>
						<effect type="fade" start="100" end="0" time="500" delay="800" tween="sine" easing="out"/>
					</animation>
				</control>
				<control type="image">
					<left>285</left>
					<top>176</top>
					<width>248</width>
					<height>371</height>
					<aspectratio align="center" aligny="center" scalediffuse="false">scale</aspectratio>
					<texture background="true" diffuse="views/wall/poster_diffuse.png">$VAR[WallViewsBigPoster-1]</texture>
					<animation effect="fade" start="100" end="0" time="200" delay="150" condition="Control.IsVisible(5401)">Conditional</animation>
					<visible>Control.IsVisible(5401) + !ListItem(-1).IsParentFolder</visible>
				</control>
				<control type="image">
					<left>285</left>
					<top>176</top>
					<width>248</width>
					<height>371</height>
					<texture background="true">views/wall/poster_overlay.png</texture>
					<animation effect="fade" start="100" end="0" time="200" delay="150" condition="Control.IsVisible(5401)">Conditional</animation>
					<visible>Control.IsVisible(5401) + !ListItem(-1).IsParentFolder</visible>
				</control>
				<control type="image">
					<left>285</left>
					<top>176</top>
					<width>248</width>
					<height>371</height>
					<aspectratio align="center" aligny="center" scalediffuse="false">scale</aspectratio>
					<texture background="true" diffuse="views/wall/poster_diffuse.png">$VAR[WallViewsBigPoster+1]</texture>
					<animation effect="fade" start="100" end="0" time="200" delay="150" condition="Control.IsVisible(5402)">Conditional</animation>
					<visible>Control.IsVisible(5402) + !ListItem(1).IsParentFolder</visible>
				</control>
				<control type="image">
					<left>285</left>
					<top>176</top>
					<width>248</width>
					<height>371</height>
					<texture background="true">views/wall/poster_overlay.png</texture>
					<animation effect="fade" start="100" end="0" time="200" delay="150" condition="Control.IsVisible(5402)">Conditional</animation>
					<visible>Control.IsVisible(5402) + !ListItem(1).IsParentFolder</visible>
				</control>
			</control>

			<!-- Info -->
			<control type="group">
				<left>570</left>
				<top>183</top>
				<include>InfoDialogsVisible_ZoomAnimation</include>
				<include>TextViewerHideAnimations</include>
				<animation effect="fade" start="100" end="0" time="300" condition="Control.IsVisible(5401) | Control.IsVisible(5402)">Conditional</animation>
				<visible>!Control.IsVisible(5401) + !Control.IsVisible(5402)</visible>
				<include content="WallsViews_ZoomInfoAnimation">
					<param name="id_13" value="5401"/>
					<param name="id_14" value="5402"/>
				</include>
				<animation type="WindowOpen">
					<effect type="fade" start="0" end="100" time="900" delay="700" tween="sine" easing="out"/>
					<effect type="slide" start="570" end="0" time="900" delay="700" tween="sine" easing="out"/>
				</animation>
				<animation type="WindowClose">
					<effect type="slide" start="0" end="570" time="800" delay="0" tween="sine" easing="out"/>
					<effect type="fade" start="100" end="0" time="400" delay="0" tween="sine" easing="out"/>
				</animation>
				<control type="label">
					<width>410</width>
					<label>$VAR[ListItem_LabelVar]</label>
					<font>FontSize_26B</font>
					<visible>!ListItem.IsParentFolder</visible>
				</control>
				<control type="label">
					<top>25</top>
					<width>400</width>
					<font>FontSize_22</font>
					<label>$INFO[ListItem.Genre]</label>
				</control>
				<include content="PlotTextbox">
					<param name="top" value="70"/>
					<param name="width" value="400"/>
					<param name="height" value="290"/>
					<param name="textcolor" value="white"/>
					<param name="visible" value="!$EXP[MoviesSetsCondition]"/>
				</include>
				<include content="PlotTextbox">
					<param name="top" value="35"/>
					<param name="width" value="400"/>
					<param name="height" value="315"/>
					<param name="textcolor" value="white"/>
					<param name="visible" value="$EXP[MoviesSetsCondition]"/>
				</include>
			</control>

			<!-- Media Info -->
			<control type="grouplist">
				<centerleft>47%</centerleft>
				<top>590</top>
				<width>100%</width>
				<align>center</align>
				<itemgap>0</itemgap>
				<orientation>horizontal</orientation>
				<include>InfoDialogsVisible_ZoomAnimation</include>
				<include>TextViewerHideAnimations</include>
				<animation effect="fade" start="100" end="0" time="300" condition="Control.IsVisible(5401) | Control.IsVisible(5402)">Conditional</animation>
				<visible>!Control.IsVisible(5401) + !Control.IsVisible(5402)</visible>
				<animation type="WindowOpen">
					<effect type="fade" start="0" end="100" time="700" delay="900" tween="sine" easing="out"/>
					<effect type="slide" start="0,100" end="0,0" time="700" delay="900" tween="sine" easing="out"/>
				</animation>
				<animation type="WindowClose">
					<effect type="slide" start="0,0" end="0,100" time="500" delay="0" tween="sine" easing="out"/>
					<effect type="fade" start="100" end="0" time="500" delay="0" tween="sine" easing="out"/>
				</animation>
				<include>ViewsBigInfo_Horizontal</include>
			</control>
		</control>

		<!-- Panel Container -->
		<control type="panel" id="54">
			<left>-335</left>
			<top>195</top>
			<width>1736</width>
			<height>362</height>
			<onleft>54</onleft>
			<onright>54</onright>
			<onup>9111</onup>
			<ondown>9555</ondown>
			<oninfo condition="$EXP[MoviesSetsCondition]">SetProperty(ShowTextViewer,1,home)</oninfo>
			<oninfo condition="$EXP[MoviesSetsCondition]">RunScript(script.embuary.helper,action=textviewer,header=$INFO[ListItem.Label],message='"$VAR[GlobalPlotDescription]"')</oninfo>
			<viewtype label="31083">Multiple Walls</viewtype>
			<itemgap>0</itemgap>
			<orientation>horizontal</orientation>
			<scrolltime>250</scrolltime>
			<preloaditems>2</preloaditems>
			<focusposition>3</focusposition>
			<hitrect x="285" y="176" w="248" h="362"/>
			<visible>$EXP[WallViewsCondition]</visible>
			<itemlayout width="248" height="362"/>
			<focusedlayout width="248" height="362">
				<control type="image">
					<left>0</left>
					<top>0</top>
					<width>248</width>
					<height>362</height>
					<texture></texture>
				</control>
			</focusedlayout>
		</control>
	</include>








	<!-- ================================================ -->
	<!-- ############### WallView "54" Art ############## -->
	<!-- ================================================ -->
	<include name="Includes_OnNext_Wall">
		<!-- 1st Row -->
		<include content="VarArtIndexPosterWall">
			<param name="IndexNum" value="-11"/>
			<param name="left" value="0"/>
			<param name="top" value="0"/>
		</include>

		<include content="VarArtIndexPosterWall">
			<param name="IndexNum" value="-10"/>
			<param name="left" value="164"/>
			<param name="top" value="0"/>
		</include>

		<include content="VarArtIndexPosterWall">
			<param name="IndexNum" value="-9"/>
			<param name="left" value="328"/>
			<param name="top" value="0"/>
		</include>

		<include content="VarArtIndexPosterWall">
			<param name="IndexNum" value="-8"/>
			<param name="left" value="492"/>
			<param name="top" value="0"/>
		</include>

		<include content="VarArtIndexPosterWall">
			<param name="IndexNum" value="-7"/>
			<param name="left" value="656"/>
			<param name="top" value="0"/>
		</include>

		<include content="VarArtIndexPosterWall">
			<param name="IndexNum" value="-6"/>
			<param name="left" value="820"/>
			<param name="top" value="0"/>
		</include>

		<include content="VarArtIndexPosterWall">
			<param name="IndexNum" value="-5"/>
			<param name="left" value="984"/>
			<param name="top" value="0"/>
		</include>

		<include content="VarArtIndexPosterWall">
			<param name="IndexNum" value="-4"/>
			<param name="left" value="1148"/>
			<param name="top" value="0"/>
		</include>

		<include content="VarArtIndexPosterWall">
			<param name="IndexNum" value="-3"/>
			<param name="left" value="1312"/>
			<param name="top" value="0"/>
		</include>


		<!-- 2nd Row -->
		<include content="VarArtIndexPosterWall">
			<param name="IndexNum" value="-3"/>
			<param name="left" value="0"/>
			<param name="top" value="240"/>
		</include>

		<include content="VarArtIndexPosterWall">
			<param name="IndexNum" value="-2"/>
			<param name="left" value="164"/>
			<param name="top" value="240"/>
		</include>

		<include content="VarArtIndexPosterWall">
			<param name="IndexNum" value="-1"/>
			<param name="left" value="328"/>
			<param name="top" value="240"/>
		</include>

		<include content="VarArtIndexPosterWall">
			<param name="IndexNum" value="0"/>
			<param name="left" value="492"/>
			<param name="top" value="240"/>
		</include>

		<include content="VarArtIndexPosterWall">
			<param name="IndexNum" value="1"/>
			<param name="left" value="656"/>
			<param name="top" value="240"/>
		</include>

		<include content="VarArtIndexPosterWall">
			<param name="IndexNum" value="2"/>
			<param name="left" value="820"/>
			<param name="top" value="240"/>
		</include>

		<include content="VarArtIndexPosterWall">
			<param name="IndexNum" value="3"/>
			<param name="left" value="984"/>
			<param name="top" value="240"/>
		</include>

		<include content="VarArtIndexPosterWall">
			<param name="IndexNum" value="4"/>
			<param name="left" value="1148"/>
			<param name="top" value="240"/>
		</include>

		<include content="VarArtIndexPosterWall">
			<param name="IndexNum" value="5"/>
			<param name="left" value="1312"/>
			<param name="top" value="240"/>
		</include>

		<!-- 3rd Row -->
		<include content="VarArtIndexPosterWall">
			<param name="IndexNum" value="5"/>
			<param name="left" value="0"/>
			<param name="top" value="480"/>
		</include>

		<include content="VarArtIndexPosterWall">
			<param name="IndexNum" value="6"/>
			<param name="left" value="164"/>
			<param name="top" value="480"/>
		</include>

		<include content="VarArtIndexPosterWall">
			<param name="IndexNum" value="7"/>
			<param name="left" value="328"/>
			<param name="top" value="480"/>
		</include>

		<include content="VarArtIndexPosterWall">
			<param name="IndexNum" value="8"/>
			<param name="left" value="492"/>
			<param name="top" value="480"/>
		</include>

		<include content="VarArtIndexPosterWall">
			<param name="IndexNum" value="9"/>
			<param name="left" value="656"/>
			<param name="top" value="480"/>
		</include>

		<include content="VarArtIndexPosterWall">
			<param name="IndexNum" value="10"/>
			<param name="left" value="820"/>
			<param name="top" value="480"/>
		</include>

		<include content="VarArtIndexPosterWall">
			<param name="IndexNum" value="11"/>
			<param name="left" value="984"/>
			<param name="top" value="480"/>
		</include>

		<include content="VarArtIndexPosterWall">
			<param name="IndexNum" value="12"/>
			<param name="left" value="1148"/>
			<param name="top" value="480"/>
		</include>

		<include content="VarArtIndexPosterWall">
			<param name="IndexNum" value="13"/>
			<param name="left" value="1312"/>
			<param name="top" value="480"/>
		</include>
	</include>

	<include name="Includes_OnPrevious_Wall">
		<!-- 1st Row -->
		<include content="VarArtIndexPosterWall">
			<param name="IndexNum" value="-10"/>
			<param name="left" value="-164"/>
			<param name="top" value="0"/>
		</include>

		<include content="VarArtIndexPosterWall">
			<param name="IndexNum" value="-9"/>
			<param name="left" value="0"/>
			<param name="top" value="0"/>
		</include>

		<include content="VarArtIndexPosterWall">
			<param name="IndexNum" value="-8"/>
			<param name="left" value="164"/>
			<param name="top" value="0"/>
		</include>

		<include content="VarArtIndexPosterWall">
			<param name="IndexNum" value="-7"/>
			<param name="left" value="328"/>
			<param name="top" value="0"/>
		</include>

		<include content="VarArtIndexPosterWall">
			<param name="IndexNum" value="-6"/>
			<param name="left" value="492"/>
			<param name="top" value="0"/>
		</include>

		<include content="VarArtIndexPosterWall">
			<param name="IndexNum" value="-5"/>
			<param name="left" value="656"/>
			<param name="top" value="0"/>
		</include>

		<include content="VarArtIndexPosterWall">
			<param name="IndexNum" value="-4"/>
			<param name="left" value="820"/>
			<param name="top" value="0"/>
		</include>

		<include content="VarArtIndexPosterWall">
			<param name="IndexNum" value="-3"/>
			<param name="left" value="984"/>
			<param name="top" value="0"/>
		</include>

		<include content="VarArtIndexPosterWall">
			<param name="IndexNum" value="-2"/>
			<param name="left" value="1148"/>
			<param name="top" value="0"/>
		</include>

		<!-- 2nd Row -->
		<include content="VarArtIndexPosterWall">
			<param name="IndexNum" value="-2"/>
			<param name="left" value="-164"/>
			<param name="top" value="240"/>
		</include>

		<include content="VarArtIndexPosterWall">
			<param name="IndexNum" value="-1"/>
			<param name="left" value="0"/>
			<param name="top" value="240"/>
		</include>

		<include content="VarArtIndexPosterWall">
			<param name="IndexNum" value="0"/>
			<param name="left" value="164"/>
			<param name="top" value="240"/>
		</include>

		<include content="VarArtIndexPosterWall">
			<param name="IndexNum" value="1"/>
			<param name="left" value="328"/>
			<param name="top" value="240"/>
		</include>

		<include content="VarArtIndexPosterWall">
			<param name="IndexNum" value="2"/>
			<param name="left" value="492"/>
			<param name="top" value="240"/>
		</include>

		<include content="VarArtIndexPosterWall">
			<param name="IndexNum" value="3"/>
			<param name="left" value="656"/>
			<param name="top" value="240"/>
		</include>

		<include content="VarArtIndexPosterWall">
			<param name="IndexNum" value="4"/>
			<param name="left" value="820"/>
			<param name="top" value="240"/>
		</include>

		<include content="VarArtIndexPosterWall">
			<param name="IndexNum" value="5"/>
			<param name="left" value="984"/>
			<param name="top" value="240"/>
		</include>

		<include content="VarArtIndexPosterWall">
			<param name="IndexNum" value="6"/>
			<param name="left" value="1148"/>
			<param name="top" value="240"/>
		</include>

		<!-- 3rd Row -->
		<include content="VarArtIndexPosterWall">
			<param name="IndexNum" value="6"/>
			<param name="left" value="-164"/>
			<param name="top" value="480"/>
		</include>

		<include content="VarArtIndexPosterWall">
			<param name="IndexNum" value="7"/>
			<param name="left" value="0"/>
			<param name="top" value="480"/>
		</include>

		<include content="VarArtIndexPosterWall">
			<param name="IndexNum" value="8"/>
			<param name="left" value="164"/>
			<param name="top" value="480"/>
		</include>

		<include content="VarArtIndexPosterWall">
			<param name="IndexNum" value="9"/>
			<param name="left" value="328"/>
			<param name="top" value="480"/>
		</include>

		<include content="VarArtIndexPosterWall">
			<param name="IndexNum" value="10"/>
			<param name="left" value="492"/>
			<param name="top" value="480"/>
		</include>

		<include content="VarArtIndexPosterWall">
			<param name="IndexNum" value="11"/>
			<param name="left" value="656"/>
			<param name="top" value="480"/>
		</include>

		<include content="VarArtIndexPosterWall">
			<param name="IndexNum" value="12"/>
			<param name="left" value="820"/>
			<param name="top" value="480"/>
		</include>

		<include content="VarArtIndexPosterWall">
			<param name="IndexNum" value="13"/>
			<param name="left" value="984"/>
			<param name="top" value="480"/>
		</include>

		<include content="VarArtIndexPosterWall">
			<param name="IndexNum" value="14"/>
			<param name="left" value="1148"/>
			<param name="top" value="480"/>
		</include>
	</include>

	<include name="Includes_Static_Wall">
		<!-- 1st Row -->
		<include content="VarArtIndexPosterWall">
			<param name="IndexNum" value="-10"/>
			<param name="left" value="0"/>
			<param name="top" value="0"/>
		</include>

		<include content="VarArtIndexPosterWall">
			<param name="IndexNum" value="-9"/>
			<param name="left" value="164"/>
			<param name="top" value="0"/>
		</include>

		<include content="VarArtIndexPosterWall">
			<param name="IndexNum" value="-8"/>
			<param name="left" value="328"/>
			<param name="top" value="0"/>
		</include>

		<include content="VarArtIndexPosterWall">
			<param name="IndexNum" value="-7"/>
			<param name="left" value="492"/>
			<param name="top" value="0"/>
		</include>

		<include content="VarArtIndexPosterWall">
			<param name="IndexNum" value="-6"/>
			<param name="left" value="656"/>
			<param name="top" value="0"/>
		</include>

		<include content="VarArtIndexPosterWall">
			<param name="IndexNum" value="-5"/>
			<param name="left" value="820"/>
			<param name="top" value="0"/>
		</include>

		<include content="VarArtIndexPosterWall">
			<param name="IndexNum" value="-4"/>
			<param name="left" value="984"/>
			<param name="top" value="0"/>
		</include>

		<include content="VarArtIndexPosterWall">
			<param name="IndexNum" value="-3"/>
			<param name="left" value="1148"/>
			<param name="top" value="0"/>
		</include>

		<!-- 2nd Row -->
		<include content="VarArtIndexPosterWall">
			<param name="IndexNum" value="-2"/>
			<param name="left" value="0"/>
			<param name="top" value="240"/>
		</include>

		<include content="VarArtIndexPosterWall">
			<param name="IndexNum" value="-1"/>
			<param name="left" value="164"/>
			<param name="top" value="240"/>
		</include>

		<include content="VarArtIndexPosterWall">
			<param name="IndexNum" value="0"/>
			<param name="left" value="328"/>
			<param name="top" value="240"/>
		</include>

		<include content="VarArtIndexPosterWall">
			<param name="IndexNum" value="1"/>
			<param name="left" value="492"/>
			<param name="top" value="240"/>
		</include>

		<include content="VarArtIndexPosterWall">
			<param name="IndexNum" value="2"/>
			<param name="left" value="656"/>
			<param name="top" value="240"/>
		</include>

		<include content="VarArtIndexPosterWall">
			<param name="IndexNum" value="3"/>
			<param name="left" value="820"/>
			<param name="top" value="240"/>
		</include>

		<include content="VarArtIndexPosterWall">
			<param name="IndexNum" value="4"/>
			<param name="left" value="984"/>
			<param name="top" value="240"/>
		</include>

		<include content="VarArtIndexPosterWall">
			<param name="IndexNum" value="5"/>
			<param name="left" value="1148"/>
			<param name="top" value="240"/>
		</include>

		<!-- 3rd Row -->
		<include content="VarArtIndexPosterWall">
			<param name="IndexNum" value="6"/>
			<param name="left" value="0"/>
			<param name="top" value="480"/>
		</include>

		<include content="VarArtIndexPosterWall">
			<param name="IndexNum" value="7"/>
			<param name="left" value="164"/>
			<param name="top" value="480"/>
		</include>

		<include content="VarArtIndexPosterWall">
			<param name="IndexNum" value="8"/>
			<param name="left" value="328"/>
			<param name="top" value="480"/>
		</include>

		<include content="VarArtIndexPosterWall">
			<param name="IndexNum" value="9"/>
			<param name="left" value="492"/>
			<param name="top" value="480"/>
		</include>

		<include content="VarArtIndexPosterWall">
			<param name="IndexNum" value="10"/>
			<param name="left" value="656"/>
			<param name="top" value="480"/>
		</include>

		<include content="VarArtIndexPosterWall">
			<param name="IndexNum" value="11"/>
			<param name="left" value="820"/>
			<param name="top" value="480"/>
		</include>

		<include content="VarArtIndexPosterWall">
			<param name="IndexNum" value="12"/>
			<param name="left" value="984"/>
			<param name="top" value="480"/>
		</include>

		<include content="VarArtIndexPosterWall">
			<param name="IndexNum" value="13"/>
			<param name="left" value="1148"/>
			<param name="top" value="480"/>
		</include>
	</include>


</includes>

