<?xml version="1.0" encoding="UTF-8"?>
<includes> 

	<!-- =========================== -->
	<!-- ==== 3D Wall View "53" ==== -->
	<!-- =========================== -->
	<include name="3DWallView_Videos">
		<control type="group">
			<visible>Control.IsVisible(53)</visible>
			<control type="image">
				<include>FullscreenDimensions</include>
				<texture>windows/bg/black.png</texture>
				<include>InfoDialogsVisible_ZoomAnimation</include>
				<include>TextViewerHideAnimations</include>
				<animation type="WindowOpen" tween="sine" easing="out">
					<effect type="fade" start="0" end="100" time="1000"/>
				</animation>
				<animation type="WindowClose" tween="sine" easing="out">
					<effect type="fade" start="100" end="0" time="1000" delay="1200"/>
				</animation>
			</control>
			
			<!-- Walls -->
			<control type="group" id="5301">
				<animation effect="rotatey" center="0" start="0" end="-25" time="0" condition="true">Conditional</animation>
				<animation reversible="false" effect="slide" start="0,0" end="-164,0" time="300" tween="quadratic" easing="out">Hidden</animation>
				<visible>Container.OnNext</visible>
				<include>Includes_OnNext_3DWall</include>
			</control>
			<control type="group" id="5302">
				<animation effect="rotatey" center="0" start="0" end="-25" time="0" condition="true">Conditional</animation>
				<animation reversible="false" effect="slide" start="0,0" end="164,0" time="300" tween="quadratic" easing="out">Hidden</animation>
				<visible>Container.OnPrevious</visible>
				<include>Includes_OnPrevious_3DWall</include>
			</control>
			<control type="group">
				<animation type="WindowOpen" tween="sine" easing="out">
					<effect type="fade" start="0" end="100" time="1000"/>
					<effect type="rotatey" center="0" start="0" end="-25" time="1000" delay="1500"/>
				</animation>
				<animation type="WindowClose" tween="sine" easing="out">
					<effect type="rotatey" center="0" start="-25" end="0" time="1000"/>
					<effect type="fade" start="100" end="0" time="1000" delay="800"/>
				</animation>
				<visible>!Control.IsVisible(5301) + !Control.IsVisible(5302)</visible>
				<include>Includes_Static_3DWall</include>
				<include>InfoDialogsVisible_ZoomAnimation</include>
				<include>TextViewerHideAnimations</include>
			</control>
		</control>

		<control type="group">
			<visible>Control.IsVisible(53)</visible>
			<!-- Masks -->
			<control type="group">
				<include>InfoDialogsVisible_FadeAnimation</include>
				<include>TextViewerHideAnimations</include>
				<animation effect="fade" start="0" end="100" time="400" tween="sine" easing="out">WindowOpen</animation>
				<animation effect="fade" start="100" end="0" time="2000" tween="sine" easing="out">WindowClose</animation>
				<control type="image">
					<include>FullscreenDimensions</include>
					<texture background="true">views/wall/wall_mask_1.png</texture>
				</control>
				<control type="image">
					<include>FullscreenDimensions</include>
					<texture background="true">views/wall/wall_overlay.png</texture>
				</control>
				<control type="image">
					<include>FullscreenDimensions</include>
					<texture background="true">views/wall/wall_mask_2.png</texture>
				</control>
			</control>

			<!-- Art -->
			<control type="group">
				<include>InfoDialogsVisible_ZoomAnimation</include>
				<include>TextViewerHideAnimations</include>
				<include content="WallsViews_ZoomInfoAnimation">
					<param name="id_13" value="5301"/>
					<param name="id_14" value="5302"/>
				</include>
				<control type="image">
					<left>292</left>
					<top>30</top>
					<width>562</width>
					<height>682</height>
					<texture background="true" colordiffuse="$VAR[Textures.GlobalColor]">$VAR[WallViewsGlows]</texture>
					<animation type="WindowOpen">
						<effect type="fade" start="0" end="100" time="980" delay="1500"/>
						<effect type="zoom" start="395,148,360,436" end="292,30,562,682" time="980" delay="1500"/>
					</animation>
					<animation type="WindowClose">
						<effect type="zoom" start="292,30,562,682" end="395,148,360,436" time="980" delay="0"/>
						<effect type="fade" start="100" end="0" time="980" delay="0"/>
					</animation>
				</control>
				<control type="image">
					<left>292</left>
					<top>30</top>
					<width>562</width>
					<height>682</height>
					<texture background="true">views/wall/poster_arrows.png</texture>
					<animation type="WindowOpen">
						<effect type="fade" start="0" end="100" time="980" delay="1500"/>
						<effect type="zoom" start="395,148,360,436" end="292,30,562,682" time="980" delay="1500"/>
					</animation>
					<animation type="WindowClose">
						<effect type="zoom" start="292,30,562,682" end="395,148,360,436" time="980" delay="0"/>
						<effect type="fade" start="100" end="0" time="980" delay="0"/>
					</animation>
				</control>
				<control type="image">
					<left>449</left>
					<top>176</top>
					<width>248</width>
					<height>371</height>
					<aspectratio align="center" aligny="center" scalediffuse="false">scale</aspectratio>
					<texture background="true" diffuse="views/wall/poster_diffuse.png">$VAR[WallViewsBigPoster0]</texture>
					<animation type="WindowOpen">
						<effect type="fade" start="0" end="100" time="500" delay="500"/>
						<effect type="zoom" start="494,241,160,238" end="449,176,248,371" time="980" delay="1500"/>
					</animation>
					<animation type="WindowClose">
						<effect type="zoom" start="449,176,248,371" end="494,241,160,238" time="980" delay="0"/>
						<effect type="fade" start="100" end="0" time="500" delay="1200"/>
					</animation>
				</control>
				<control type="image">
					<left>449</left>
					<top>176</top>
					<width>248</width>
					<height>371</height>
					<texture background="true">views/wall/poster_overlay.png</texture>
					<animation type="WindowOpen">
						<effect type="fade" start="0" end="100" time="500" delay="500"/>
						<effect type="zoom" start="494,241,160,238" end="449,176,248,371" time="980" delay="1500"/>
					</animation>
					<animation type="WindowClose">
						<effect type="zoom" start="449,176,248,371" end="494,241,160,238" time="980" delay="0"/>
						<effect type="fade" start="100" end="0" time="500" delay="1200"/>
					</animation>
				</control>
				<control type="image">
					<left>449</left>
					<top>176</top>
					<width>248</width>
					<height>371</height>
					<aspectratio align="center" aligny="center" scalediffuse="false">scale</aspectratio>
					<texture background="true" diffuse="views/wall/poster_diffuse.png">$VAR[WallViewsBigPoster-1]</texture>
					<animation effect="fade" start="100" end="0" time="200" delay="150" condition="Control.IsVisible(5301)">Conditional</animation>
					<visible>Control.IsVisible(5301) + !ListItem(-1).IsParentFolder</visible>
				</control>
				<control type="image">
					<left>449</left>
					<top>176</top>
					<width>248</width>
					<height>371</height>
					<texture background="true">views/wall/poster_overlay.png</texture>
					<animation effect="fade" start="100" end="0" time="200" delay="150" condition="Control.IsVisible(5301)">Conditional</animation>
					<visible>Control.IsVisible(5301) + !ListItem(-1).IsParentFolder</visible>
				</control>
				<control type="image">
					<left>449</left>
					<top>176</top>
					<width>248</width>
					<height>371</height>
					<aspectratio align="center" aligny="center" scalediffuse="false">scale</aspectratio>
					<texture background="true" diffuse="views/wall/poster_diffuse.png">$VAR[WallViewsBigPoster+1]</texture>
					<animation effect="fade" start="100" end="0" time="200" delay="150" condition="Control.IsVisible(5302)">Conditional</animation>
					<visible>Control.IsVisible(5302) + !ListItem(1).IsParentFolder</visible>
				</control>
				<control type="image">
					<left>449</left>
					<top>176</top>
					<width>248</width>
					<height>371</height>
					<texture background="true">views/wall/poster_overlay.png</texture>
					<animation effect="fade" start="100" end="0" time="200" delay="150" condition="Control.IsVisible(5302)">Conditional</animation>
					<visible>Control.IsVisible(5302) + !ListItem(1).IsParentFolder</visible>
				</control>
			</control>

			<!-- Info -->
			<control type="group">
				<left>883</left>
				<top>180</top>
				<include>InfoDialogsVisible_ZoomAnimation</include>
				<include>TextViewerHideAnimations</include>
				<animation effect="fade" start="100" end="0" time="250" condition="Control.IsVisible(5301) | Control.IsVisible(5302)">Conditional</animation>
				<visible>!Control.IsVisible(5301) + !Control.IsVisible(5302)</visible>
				<animation type="WindowOpen">
					<effect type="fade" start="0" end="100" time="600" delay="1500" tween="sine" easing="out"/>
					<effect type="slide" start="360" end="0" time="980" delay="1500" tween="sine" easing="out"/>
				</animation>
				<animation type="WindowClose">
					<effect type="slide" start="0" end="360" time="980" delay="0" tween="sine" easing="out"/>
					<effect type="fade" start="100" end="0" time="600" delay="0" tween="sine" easing="out"/>
				</animation>
				<include content="WallsViews_ZoomInfoAnimation">
					<param name="id_13" value="5301"/>
					<param name="id_14" value="5302"/>
				</include>
				<control type="label">
					<width>350</width>
					<label>$VAR[ListItem_LabelVar]</label>
					<font>FontSize_26B</font>
					<visible>!ListItem.IsParentFolder</visible>
				</control>
				<control type="label">
					<top>25</top>
					<width>350</width>
					<font>FontSize_22</font>
					<label>$INFO[ListItem.Genre]</label>
				</control>
				<include content="PlotTextbox">
					<param name="top" value="60"/>
					<param name="width" value="350"/>
					<param name="height" value="490"/>
					<param name="textcolor" value="white"/>
					<param name="visible" value="!$EXP[MoviesSetsCondition]"/>
				</include>
				<include content="PlotTextbox">
					<param name="top" value="30"/>
					<param name="width" value="350"/>
					<param name="height" value="490"/>
					<param name="textcolor" value="white"/>
					<param name="visible" value="$EXP[MoviesSetsCondition]"/>
				</include>
			</control>

			<control type="image">
				<include>FullscreenDimensions</include>
				<texture background="true">views/wall/plot_diffuse.png</texture>
				<animation effect="fade" start="0" end="100" time="600" delay="0" tween="sine" easing="out">WindowOpen</animation>
				<animation effect="fade" start="100" end="0" time="2000" delay="0" tween="sine" easing="out">WindowClose</animation>
				<animation effect="fade" start="0" end="100" time="600" delay="0" tween="sine" easing="out">Visible</animation>
				<animation effect="fade" start="100" end="0" time="600" delay="0" tween="sine" easing="out">Hidden</animation>
			</control>

			<!-- Media Info -->
			<control type="grouplist">
				<left>50</left>
				<top>0</top>
				<width>350</width>
				<height>102%</height>
				<itemgap>45</itemgap>
				<align>center</align>
				<aligny>center</aligny>
				<include>InfoDialogsVisible_ZoomAnimation</include>
				<include>TextViewerHideAnimations</include>
				<animation effect="fade" start="100" end="0" time="250" condition="Control.IsVisible(5301) | Control.IsVisible(5302)">Conditional</animation>
				<visible>!Control.IsVisible(5301) + !Control.IsVisible(5302)</visible>
				<animation type="WindowOpen">
					<effect type="fade" start="0" end="100" time="600" delay="1500" tween="sine" easing="out"/>
					<effect type="slide" start="-360" end="0" time="980" delay="1500" tween="sine" easing="out"/>
				</animation>
				<animation type="WindowClose">
					<effect type="slide" start="0" end="-360" time="980" delay="0" tween="sine" easing="out"/>
					<effect type="fade" start="100" end="0" time="600" delay="0" tween="sine" easing="out"/>
				</animation>
				<include content="ViewsBigInfo_GroupListVertical">
					<param name="align" value="left"/>
					<param name="label_small" value="$LOCALIZE[345]"/>
					<param name="label_big" value="$INFO[ListItem.Year]"/>
					<param name="visible" value="!String.IsEmpty(ListItem.Year)"/>
				</include>
				<include content="ViewsBigInfo_GroupListVertical">
					<param name="align" value="left"/>
					<param name="label_small" value="$LOCALIZE[563]"/>
					<param name="label_big" value="$INFO[ListItem.Rating]"/>
					<param name="visible" value="!String.IsEmpty(ListItem.Rating)"/>
				</include>
				<include content="ViewsBigInfo_GroupListVertical">
					<param name="align" value="left"/>
					<param name="textcolor" value="FFF2BE42"/>
					<param name="label_small" value="#IMDb "/>
					<param name="label_big" value="$INFO[ListItem.Top250]"/>
					<param name="visible" value="!String.IsEmpty(ListItem.Top250)"/>
				</include>
				<include content="ViewsBigInfo_GroupListVertical">
					<param name="align" value="left"/>
					<param name="label_small" value="$LOCALIZE[180]"/>
					<param name="label_big" value="$VAR[ListItemDurationVar]"/>
					<param name="visible" value="!String.IsEmpty(ListItem.Duration)"/>
				</include>
				<include content="ViewsBigInfo_GroupListVertical">
					<param name="align" value="left"/>
					<param name="label_small" value="$LOCALIZE[169]"/>
					<param name="label_big" value="$INFO[ListItem.VideoResolution]"/>
					<param name="visible" value="!String.IsEmpty(ListItem.VideoResolution)"/>
				</include>
			</control>
		</control>

		<!-- Container -->
		<control type="panel" id="53">
			<left>-335</left>
			<top>195</top>
			<width>1736</width>
			<height>362</height>
			<onleft>53</onleft>
			<onright>53</onright>
			<onup>9111</onup>
			<ondown>9555</ondown>
			<oninfo condition="$EXP[MoviesSetsCondition]">SetProperty(ShowTextViewer,1,home)</oninfo>
			<oninfo condition="$EXP[MoviesSetsCondition]">RunScript(script.embuary.helper,action=textviewer,header=$INFO[ListItem.Label],message='"$VAR[GlobalPlotDescription]"')</oninfo>
			<viewtype label="31082">Multiple Walls</viewtype>
			<itemgap>0</itemgap>
			<orientation>horizontal</orientation>
			<scrolltime tween="quadratic" easing="out">250</scrolltime>
			<preloaditems>2</preloaditems>
			<focusposition>3</focusposition>
			<hitrect x="285" y="176" w="248" h="362"/>
			<visible>$EXP[WallViewsCondition]</visible>
			<itemlayout width="248" height="362"/>
			<focusedlayout width="248" height="362">
				<control type="image">
					<left>0</left>
					<top>0</top>
					<width>248</width>
					<height>362</height>
					<texture></texture>
				</control>
			</focusedlayout>
		</control>
	</include>








	<!-- ================================================ -->
	<!-- ############# 3D Wall View "53" Art ############ -->
	<!-- ================================================ -->


	<!-- ON-PREVIOUS 3D WALLVIEW -->
	<!--    "-14" to "19"   -->

	<include name="Includes_OnPrevious_3DWall">

		<!-- TOP ROW -->
		<include content="VarArtIndexPosterWall">
			<param name="IndexNum" value="-14"/>
			<param name="left" value="-164"/>
			<param name="top" value="0"/>
		</include>

		<include content="VarArtIndexPosterWall">
			<param name="IndexNum" value="-13"/>
			<param name="left" value="0"/>
			<param name="top" value="0"/>
		</include>

		<include content="VarArtIndexPosterWall">
			<param name="IndexNum" value="-12"/>
			<param name="left" value="164"/>
			<param name="top" value="0"/>
		</include>

		<include content="VarArtIndexPosterWall">
			<param name="IndexNum" value="-11"/>
			<param name="left" value="328"/>
			<param name="top" value="0"/>
		</include>

		<include content="VarArtIndexPosterWall">
			<param name="IndexNum" value="-10"/>
			<param name="left" value="492"/>
			<param name="top" value="0"/>
		</include>

		<include content="VarArtIndexPosterWall">
			<param name="IndexNum" value="-9"/>
			<param name="left" value="656"/>
			<param name="top" value="0"/>
		</include>

		<include content="VarArtIndexPosterWall">
			<param name="IndexNum" value="-8"/>
			<param name="left" value="820"/>
			<param name="top" value="0"/>
		</include>

		<include content="VarArtIndexPosterWall">
			<param name="IndexNum" value="-7"/>
			<param name="left" value="984"/>
			<param name="top" value="0"/>
		</include>

		<include content="VarArtIndexPosterWall">
			<param name="IndexNum" value="-6"/>
			<param name="left" value="1148"/>
			<param name="top" value="0"/>
		</include>

		<include content="VarArtIndexPosterWall">
			<param name="IndexNum" value="-5"/>
			<param name="left" value="1312"/>
			<param name="top" value="0"/>
		</include>

		<include content="VarArtIndexPosterWall">
			<param name="IndexNum" value="-4"/>
			<param name="left" value="1476"/>
			<param name="top" value="0"/>
		</include>

		<include content="VarArtIndexPosterWall">
			<param name="IndexNum" value="-3"/>
			<param name="left" value="1640"/>
			<param name="top" value="0"/>
		</include>



		<!-- MIDDLE ROW -->
		<include content="VarArtIndexPosterWall">
			<param name="IndexNum" value="-3"/>
			<param name="left" value="-164"/>
			<param name="top" value="240"/>
		</include>

		<include content="VarArtIndexPosterWall">
			<param name="IndexNum" value="-2"/>
			<param name="left" value="0"/>
			<param name="top" value="240"/>
		</include>

		<include content="VarArtIndexPosterWall">
			<param name="IndexNum" value="-1"/>
			<param name="left" value="164"/>
			<param name="top" value="240"/>
		</include>

		<include content="VarArtIndexPosterWall">
			<param name="IndexNum" value="0"/>
			<param name="left" value="328"/>
			<param name="top" value="240"/>
		</include>

		<include content="VarArtIndexPosterWall">
			<param name="IndexNum" value="1"/>
			<param name="left" value="492"/>
			<param name="top" value="240"/>
		</include>

		<include content="VarArtIndexPosterWall">
			<param name="IndexNum" value="2"/>
			<param name="left" value="656"/>
			<param name="top" value="240"/>
		</include>

		<include content="VarArtIndexPosterWall">
			<param name="IndexNum" value="3"/>
			<param name="left" value="820"/>
			<param name="top" value="240"/>
		</include>

		<include content="VarArtIndexPosterWall">
			<param name="IndexNum" value="4"/>
			<param name="left" value="984"/>
			<param name="top" value="240"/>
		</include>
		
		<include content="VarArtIndexPosterWall">
			<param name="IndexNum" value="5"/>
			<param name="left" value="1148"/>
			<param name="top" value="240"/>
		</include>

		<include content="VarArtIndexPosterWall">
			<param name="IndexNum" value="6"/>
			<param name="left" value="1312"/>
			<param name="top" value="240"/>
		</include>

		<include content="VarArtIndexPosterWall">
			<param name="IndexNum" value="7"/>
			<param name="left" value="1476"/>
			<param name="top" value="240"/>
		</include>

		<include content="VarArtIndexPosterWall">
			<param name="IndexNum" value="8"/>
			<param name="left" value="1640"/>
			<param name="top" value="240"/>
		</include>



 		<!-- BOTTOM ROW WITH REFLECTION -->
		<include content="VarArtIndexPosterWall">
			<param name="IndexNum" value="8"/>
			<param name="left" value="-164"/>
			<param name="top" value="480"/>
		</include>
		<include content="VarArtIndexPosterWallReflection">
			<param name="IndexNum" value="8"/>
			<param name="left" value="-164"/>
			<param name="top" value="723"/>
		</include>

		<include content="VarArtIndexPosterWall">
			<param name="IndexNum" value="9"/>
			<param name="left" value="0"/>
			<param name="top" value="480"/>
		</include>
		<include content="VarArtIndexPosterWallReflection">
			<param name="IndexNum" value="9"/>
			<param name="left" value="0"/>
			<param name="top" value="723"/>
		</include>

		<include content="VarArtIndexPosterWall">
			<param name="IndexNum" value="10"/>
			<param name="left" value="164"/>
			<param name="top" value="480"/>
		</include>
		<include content="VarArtIndexPosterWallReflection">
			<param name="IndexNum" value="10"/>
			<param name="left" value="164"/>
			<param name="top" value="723"/>
		</include>

		<include content="VarArtIndexPosterWall">
			<param name="IndexNum" value="11"/>
			<param name="left" value="328"/>
			<param name="top" value="480"/>
		</include>
		<include content="VarArtIndexPosterWallReflection">
			<param name="IndexNum" value="11"/>
			<param name="left" value="328"/>
			<param name="top" value="723"/>
		</include>

		<include content="VarArtIndexPosterWall">
			<param name="IndexNum" value="12"/>
			<param name="left" value="492"/>
			<param name="top" value="480"/>
		</include>
		<include content="VarArtIndexPosterWallReflection">
			<param name="IndexNum" value="12"/>
			<param name="left" value="492"/>
			<param name="top" value="723"/>
		</include>

		<include content="VarArtIndexPosterWall">
			<param name="IndexNum" value="13"/>
			<param name="left" value="656"/>
			<param name="top" value="480"/>
		</include>
		<include content="VarArtIndexPosterWallReflection">
			<param name="IndexNum" value="13"/>
			<param name="left" value="656"/>
			<param name="top" value="723"/>
		</include>

		<include content="VarArtIndexPosterWall">
			<param name="IndexNum" value="14"/>
			<param name="left" value="820"/>
			<param name="top" value="480"/>
		</include>
		<include content="VarArtIndexPosterWallReflection">
			<param name="IndexNum" value="14"/>
			<param name="left" value="820"/>
			<param name="top" value="723"/>
		</include>

		<include content="VarArtIndexPosterWall">
			<param name="IndexNum" value="15"/>
			<param name="left" value="984"/>
			<param name="top" value="480"/>
		</include>
		<include content="VarArtIndexPosterWallReflection">
			<param name="IndexNum" value="15"/>
			<param name="left" value="984"/>
			<param name="top" value="723"/>
		</include>

		<include content="VarArtIndexPosterWall">
			<param name="IndexNum" value="16"/>
			<param name="left" value="1148"/>
			<param name="top" value="480"/>
		</include>
		<include content="VarArtIndexPosterWallReflection">
			<param name="IndexNum" value="16"/>
			<param name="left" value="1148"/>
			<param name="top" value="723"/>
		</include>

		<include content="VarArtIndexPosterWall">
			<param name="IndexNum" value="17"/>
			<param name="left" value="1312"/>
			<param name="top" value="480"/>
		</include>
		<include content="VarArtIndexPosterWallReflection">
			<param name="IndexNum" value="17"/>
			<param name="left" value="1312"/>
			<param name="top" value="723"/>
		</include>

		<include content="VarArtIndexPosterWall">
			<param name="IndexNum" value="18"/>
			<param name="left" value="1476"/>
			<param name="top" value="480"/>
		</include>
		<include content="VarArtIndexPosterWallReflection">
			<param name="IndexNum" value="18"/>
			<param name="left" value="1476"/>
			<param name="top" value="723"/>
		</include>

		<include content="VarArtIndexPosterWall">
			<param name="IndexNum" value="19"/>
			<param name="left" value="1640"/>
			<param name="top" value="480"/>
		</include>
		<include content="VarArtIndexPosterWallReflection">
			<param name="IndexNum" value="19"/>
			<param name="left" value="1640"/>
			<param name="top" value="723"/>
		</include>
	</include>


	<!-- ON-NEXT 3D WALLVIEW -->
	<!-- "-15" to "18"  -->

	<include name="Includes_OnNext_3DWall">

		<!-- TOP ROW -->
		<include content="VarArtIndexPosterWall">
			<param name="IndexNum" value="-15"/>
			<param name="left" value="0"/>
			<param name="top" value="0"/>
		</include>

		<include content="VarArtIndexPosterWall">
			<param name="IndexNum" value="-14"/>
			<param name="left" value="164"/>
			<param name="top" value="0"/>
		</include>

		<include content="VarArtIndexPosterWall">
			<param name="IndexNum" value="-13"/>
			<param name="left" value="328"/>
			<param name="top" value="0"/>
		</include>

		<include content="VarArtIndexPosterWall">
			<param name="IndexNum" value="-12"/>
			<param name="left" value="492"/>
			<param name="top" value="0"/>
		</include>

		<include content="VarArtIndexPosterWall">
			<param name="IndexNum" value="-11"/>
			<param name="left" value="656"/>
			<param name="top" value="0"/>
		</include>

		<include content="VarArtIndexPosterWall">
			<param name="IndexNum" value="-10"/>
			<param name="left" value="820"/>
			<param name="top" value="0"/>
		</include>

		<include content="VarArtIndexPosterWall">
			<param name="IndexNum" value="-9"/>
			<param name="left" value="984"/>
			<param name="top" value="0"/>
		</include>

		<include content="VarArtIndexPosterWall">
			<param name="IndexNum" value="-8"/>
			<param name="left" value="1148"/>
			<param name="top" value="0"/>
		</include>

		<include content="VarArtIndexPosterWall">
			<param name="IndexNum" value="-7"/>
			<param name="left" value="1312"/>
			<param name="top" value="0"/>
		</include>

		<include content="VarArtIndexPosterWall">
			<param name="IndexNum" value="-6"/>
			<param name="left" value="1476"/>
			<param name="top" value="0"/>
		</include>

		<include content="VarArtIndexPosterWall">
			<param name="IndexNum" value="-5"/>
			<param name="left" value="1640"/>
			<param name="top" value="0"/>
		</include>

		<include content="VarArtIndexPosterWall">
			<param name="IndexNum" value="-4"/>
			<param name="left" value="1804"/>
			<param name="top" value="0"/>
		</include>


 		<!-- MIDDLE ROW -->
		<include content="VarArtIndexPosterWall">
			<param name="IndexNum" value="-4"/>
			<param name="left" value="0"/>
			<param name="top" value="240"/>
		</include>

		<include content="VarArtIndexPosterWall">
			<param name="IndexNum" value="-3"/>
			<param name="left" value="164"/>
			<param name="top" value="240"/>
		</include>

		<include content="VarArtIndexPosterWall">
			<param name="IndexNum" value="-2"/>
			<param name="left" value="328"/>
			<param name="top" value="240"/>
		</include>

		<include content="VarArtIndexPosterWall">
			<param name="IndexNum" value="-1"/>
			<param name="left" value="492"/>
			<param name="top" value="240"/>
		</include>

		<include content="VarArtIndexPosterWall">
			<param name="IndexNum" value="0"/>
			<param name="left" value="656"/>
			<param name="top" value="240"/>
		</include>

		<include content="VarArtIndexPosterWall">
			<param name="IndexNum" value="1"/>
			<param name="left" value="820"/>
			<param name="top" value="240"/>
		</include>

		<include content="VarArtIndexPosterWall">
			<param name="IndexNum" value="2"/>
			<param name="left" value="984"/>
			<param name="top" value="240"/>
		</include>

		<include content="VarArtIndexPosterWall">
			<param name="IndexNum" value="3"/>
			<param name="left" value="1148"/>
			<param name="top" value="240"/>
		</include>

		<include content="VarArtIndexPosterWall">
			<param name="IndexNum" value="4"/>
			<param name="left" value="1312"/>
			<param name="top" value="240"/>
		</include>

		<include content="VarArtIndexPosterWall">
			<param name="IndexNum" value="5"/>
			<param name="left" value="1476"/>
			<param name="top" value="240"/>
		</include>

		<include content="VarArtIndexPosterWall">
			<param name="IndexNum" value="6"/>
			<param name="left" value="1640"/>
			<param name="top" value="240"/>
		</include>

		<include content="VarArtIndexPosterWall">
			<param name="IndexNum" value="7"/>
			<param name="left" value="1804"/>
			<param name="top" value="240"/>
		</include>


 
 		<!-- BOTTOM ROW WITH REFLECTION -->
		<include content="VarArtIndexPosterWall">
			<param name="IndexNum" value="7"/>
			<param name="left" value="0"/>
			<param name="top" value="480"/>
		</include>
		<include content="VarArtIndexPosterWallReflection">
			<param name="IndexNum" value="7"/>
			<param name="left" value="0"/>
			<param name="top" value="723"/>
		</include>

		<include content="VarArtIndexPosterWall">
			<param name="IndexNum" value="8"/>
			<param name="left" value="164"/>
			<param name="top" value="480"/>
		</include>
		<include content="VarArtIndexPosterWallReflection">
			<param name="IndexNum" value="8"/>
			<param name="left" value="164"/>
			<param name="top" value="723"/>
		</include>

		<include content="VarArtIndexPosterWall">
			<param name="IndexNum" value="9"/>
			<param name="left" value="328"/>
			<param name="top" value="480"/>
		</include>
		<include content="VarArtIndexPosterWallReflection">
			<param name="IndexNum" value="9"/>
			<param name="left" value="328"/>
			<param name="top" value="723"/>
		</include>

		<include content="VarArtIndexPosterWall">
			<param name="IndexNum" value="10"/>
			<param name="left" value="492"/>
			<param name="top" value="480"/>
		</include>
		<include content="VarArtIndexPosterWallReflection">
			<param name="IndexNum" value="10"/>
			<param name="left" value="492"/>
			<param name="top" value="723"/>
		</include>

		<include content="VarArtIndexPosterWall">
			<param name="IndexNum" value="11"/>
			<param name="left" value="656"/>
			<param name="top" value="480"/>
		</include>
		<include content="VarArtIndexPosterWallReflection">
			<param name="IndexNum" value="11"/>
			<param name="left" value="656"/>
			<param name="top" value="723"/>
		</include>

		<include content="VarArtIndexPosterWall">
			<param name="IndexNum" value="12"/>
			<param name="left" value="820"/>
			<param name="top" value="480"/>
		</include>
		<include content="VarArtIndexPosterWallReflection">
			<param name="IndexNum" value="12"/>
			<param name="left" value="820"/>
			<param name="top" value="723"/>
		</include>

		<include content="VarArtIndexPosterWall">
			<param name="IndexNum" value="13"/>
			<param name="left" value="984"/>
			<param name="top" value="480"/>
		</include>
		<include content="VarArtIndexPosterWallReflection">
			<param name="IndexNum" value="13"/>
			<param name="left" value="984"/>
			<param name="top" value="723"/>
		</include>

		<include content="VarArtIndexPosterWall">
			<param name="IndexNum" value="14"/>
			<param name="left" value="1148"/>
			<param name="top" value="480"/>
		</include>
		<include content="VarArtIndexPosterWallReflection">
			<param name="IndexNum" value="14"/>
			<param name="left" value="1148"/>
			<param name="top" value="723"/>
		</include>

		<include content="VarArtIndexPosterWall">
			<param name="IndexNum" value="15"/>
			<param name="left" value="1312"/>
			<param name="top" value="480"/>
		</include>
		<include content="VarArtIndexPosterWallReflection">
			<param name="IndexNum" value="15"/>
			<param name="left" value="1312"/>
			<param name="top" value="723"/>
		</include>

		<include content="VarArtIndexPosterWall">
			<param name="IndexNum" value="16"/>
			<param name="left" value="1476"/>
			<param name="top" value="480"/>
		</include>
		<include content="VarArtIndexPosterWallReflection">
			<param name="IndexNum" value="16"/>
			<param name="left" value="1476"/>
			<param name="top" value="723"/>
		</include>

		<include content="VarArtIndexPosterWall">
			<param name="IndexNum" value="17"/>
			<param name="left" value="1640"/>
			<param name="top" value="480"/>
		</include>
		<include content="VarArtIndexPosterWallReflection">
			<param name="IndexNum" value="17"/>
			<param name="left" value="1640"/>
			<param name="top" value="723"/>
		</include>

		<include content="VarArtIndexPosterWall">
			<param name="IndexNum" value="18"/>
			<param name="left" value="1804"/>
			<param name="top" value="480"/>
		</include>
		<include content="VarArtIndexPosterWallReflection">
			<param name="IndexNum" value="18"/>
			<param name="left" value="1804"/>
			<param name="top" value="723"/>
		</include>
	</include>


	<!-- STATIC 3D WALLVIEW -->
	<!-- "-14" to "18"  -->

	<include name="Includes_Static_3DWall">

		<!-- TOP ROW -->
		<include content="VarArtIndexPosterWall">
			<param name="IndexNum" value="-14"/>
			<param name="left" value="0"/>
			<param name="top" value="0"/>
		</include>

		<include content="VarArtIndexPosterWall">
			<param name="IndexNum" value="-13"/>
			<param name="left" value="164"/>
			<param name="top" value="0"/>
		</include>

		<include content="VarArtIndexPosterWall">
			<param name="IndexNum" value="-12"/>
			<param name="left" value="328"/>
			<param name="top" value="0"/>
		</include>

		<include content="VarArtIndexPosterWall">
			<param name="IndexNum" value="-11"/>
			<param name="left" value="492"/>
			<param name="top" value="0"/>
		</include>

		<include content="VarArtIndexPosterWall">
			<param name="IndexNum" value="-10"/>
			<param name="left" value="656"/>
			<param name="top" value="0"/>
		</include>

		<include content="VarArtIndexPosterWall">
			<param name="IndexNum" value="-9"/>
			<param name="left" value="820"/>
			<param name="top" value="0"/>
		</include>

		<include content="VarArtIndexPosterWall">
			<param name="IndexNum" value="-8"/>
			<param name="left" value="984"/>
			<param name="top" value="0"/>
		</include>

		<include content="VarArtIndexPosterWall">
			<param name="IndexNum" value="-7"/>
			<param name="left" value="1148"/>
			<param name="top" value="0"/>
		</include>

		<include content="VarArtIndexPosterWall">
			<param name="IndexNum" value="-6"/>
			<param name="left" value="1312"/>
			<param name="top" value="0"/>
		</include>

		<include content="VarArtIndexPosterWall">
			<param name="IndexNum" value="-5"/>
			<param name="left" value="1476"/>
			<param name="top" value="0"/>
		</include>

		<include content="VarArtIndexPosterWall">
			<param name="IndexNum" value="-4"/>
			<param name="left" value="1640"/>
			<param name="top" value="0"/>
		</include>


		<!-- MIDDLE ROW -->
		<include content="VarArtIndexPosterWall">
			<param name="IndexNum" value="-3"/>
			<param name="left" value="0"/>
			<param name="top" value="240"/>
		</include>

		<include content="VarArtIndexPosterWall">
			<param name="IndexNum" value="-2"/>
			<param name="left" value="164"/>
			<param name="top" value="240"/>
		</include>

		<include content="VarArtIndexPosterWall">
			<param name="IndexNum" value="-1"/>
			<param name="left" value="328"/>
			<param name="top" value="240"/>
		</include>

		<include content="VarArtIndexPosterWall">
			<param name="IndexNum" value="0"/>
			<param name="left" value="492"/>
			<param name="top" value="240"/>
		</include>

		<include content="VarArtIndexPosterWall">
			<param name="IndexNum" value="1"/>
			<param name="left" value="656"/>
			<param name="top" value="240"/>
		</include>

		<include content="VarArtIndexPosterWall">
			<param name="IndexNum" value="2"/>
			<param name="left" value="820"/>
			<param name="top" value="240"/>
		</include>

		<include content="VarArtIndexPosterWall">
			<param name="IndexNum" value="3"/>
			<param name="left" value="984"/>
			<param name="top" value="240"/>
		</include>

		<include content="VarArtIndexPosterWall">
			<param name="IndexNum" value="4"/>
			<param name="left" value="1148"/>
			<param name="top" value="240"/>
		</include>

		<include content="VarArtIndexPosterWall">
			<param name="IndexNum" value="5"/>
			<param name="left" value="1312"/>
			<param name="top" value="240"/>
		</include>

		<include content="VarArtIndexPosterWall">
			<param name="IndexNum" value="6"/>
			<param name="left" value="1476"/>
			<param name="top" value="240"/>
		</include>

		<include content="VarArtIndexPosterWall">
			<param name="IndexNum" value="7"/>
			<param name="left" value="1640"/>
			<param name="top" value="240"/>
		</include>


		<!-- BOTTOM ROW WITH REFLECTION -->
		<include content="VarArtIndexPosterWall">
			<param name="IndexNum" value="8"/>
			<param name="left" value="0"/>
			<param name="top" value="480"/>
		</include>
		<include content="VarArtIndexPosterWallReflection">
			<param name="IndexNum" value="8"/>
			<param name="left" value="0"/>
			<param name="top" value="723"/>
		</include>

		<include content="VarArtIndexPosterWall">
			<param name="IndexNum" value="9"/>
			<param name="left" value="164"/>
			<param name="top" value="480"/>
		</include>
		<include content="VarArtIndexPosterWallReflection">
			<param name="IndexNum" value="9"/>
			<param name="left" value="164"/>
			<param name="top" value="723"/>
		</include>

		<include content="VarArtIndexPosterWall">
			<param name="IndexNum" value="10"/>
			<param name="left" value="328"/>
			<param name="top" value="480"/>
		</include>
		<include content="VarArtIndexPosterWallReflection">
			<param name="IndexNum" value="10"/>
			<param name="left" value="328"/>
			<param name="top" value="723"/>
		</include>

		<include content="VarArtIndexPosterWall">
			<param name="IndexNum" value="11"/>
			<param name="left" value="492"/>
			<param name="top" value="480"/>
		</include>
		<include content="VarArtIndexPosterWallReflection">
			<param name="IndexNum" value="11"/>
			<param name="left" value="492"/>
			<param name="top" value="723"/>
		</include>

		<include content="VarArtIndexPosterWall">
			<param name="IndexNum" value="12"/>
			<param name="left" value="656"/>
			<param name="top" value="480"/>
		</include>
		<include content="VarArtIndexPosterWallReflection">
			<param name="IndexNum" value="12"/>
			<param name="left" value="656"/>
			<param name="top" value="723"/>
		</include>

		<include content="VarArtIndexPosterWall">
			<param name="IndexNum" value="13"/>
			<param name="left" value="820"/>
			<param name="top" value="480"/>
		</include>
		<include content="VarArtIndexPosterWallReflection">
			<param name="IndexNum" value="13"/>
			<param name="left" value="820"/>
			<param name="top" value="723"/>
		</include>

		<include content="VarArtIndexPosterWall">
			<param name="IndexNum" value="14"/>
			<param name="left" value="984"/>
			<param name="top" value="480"/>
		</include>
		<include content="VarArtIndexPosterWallReflection">
			<param name="IndexNum" value="14"/>
			<param name="left" value="984"/>
			<param name="top" value="723"/>
		</include>

		<include content="VarArtIndexPosterWall">
			<param name="IndexNum" value="15"/>
			<param name="left" value="1148"/>
			<param name="top" value="480"/>
		</include>
		<include content="VarArtIndexPosterWallReflection">
			<param name="IndexNum" value="15"/>
			<param name="left" value="1148"/>
			<param name="top" value="723"/>
		</include>

		<include content="VarArtIndexPosterWall">
			<param name="IndexNum" value="16"/>
			<param name="left" value="1312"/>
			<param name="top" value="480"/>
		</include>
		<include content="VarArtIndexPosterWallReflection">
			<param name="IndexNum" value="16"/>
			<param name="left" value="1312"/>
			<param name="top" value="723"/>
		</include>

		<include content="VarArtIndexPosterWall">
			<param name="IndexNum" value="17"/>
			<param name="left" value="1476"/>
			<param name="top" value="480"/>
		</include>
		<include content="VarArtIndexPosterWallReflection">
			<param name="IndexNum" value="17"/>
			<param name="left" value="1476"/>
			<param name="top" value="723"/>
		</include>

		<include content="VarArtIndexPosterWall">
			<param name="IndexNum" value="18"/>
			<param name="left" value="1640"/>
			<param name="top" value="480"/>
		</include>
		<include content="VarArtIndexPosterWallReflection">
			<param name="IndexNum" value="18"/>
			<param name="left" value="1640"/>
			<param name="top" value="723"/>
		</include>

	</include>


	<!-- VARS 3D WALLVIEW -->
	<include name="VarArtIndexPosterWall">
		<control type="image">
			<left>$PARAM[left]</left>
			<top>$PARAM[top]</top>
			<width>164</width>
			<height>242</height>
			<aspectratio scalediffuse="false">scale</aspectratio>
			<texture diffuse="views/wall/poster3d_diffuse.png" background="true" fallback="thumbs/fallback_poster.png">$INFO[ListItem($PARAM[IndexNum]).Art(poster)]</texture>
			<visible>!ListItem($PARAM[IndexNum]).IsParentFolder</visible>
		</control>
		<control type="image">
			<left>$PARAM[left]</left>
			<top>$PARAM[top]</top>
			<width>164</width>
			<height>242</height>
			<aspectratio scalediffuse="false">scale</aspectratio>
			<texture diffuse="views/wall/poster3d_diffuse.png" background="true" fallback="thumbs/DefaultFolderBack.png/folderback_poster_tp.png">$INFO[ListItem($PARAM[IndexNum]).Art(poster)]</texture>
			<visible>ListItem($PARAM[IndexNum]).IsParentFolder</visible>
		</control>
	</include>

	<include name="VarArtIndexPosterWallReflection">
		<control type="image">
			<left>$PARAM[left]</left>
			<top>$PARAM[top]</top>
			<width>164</width>
			<height>242</height>
			<aspectratio scalediffuse="false">scale</aspectratio>
			<texture flipy="true" diffuse="views/wall/poster3d_diffuse_reflection.png" background="true" fallback="thumbs/fallback_poster.png">$INFO[ListItem($PARAM[IndexNum]).Art(poster)]</texture>
		</control>
	</include>






</includes>

