<?xml version="1.0" encoding="UTF-8"?>
<includes> 

	<!-- ================================== -->
	<!-- ==== Banners View Videos "57" ==== -->
	<!-- ================================== -->
	<include name="BannersView_Videos">
		<control type="group">
			<visible>Control.IsVisible(57)</visible>
			<include>CommonViews_VerticalAnimation</include>
			<control type="fixedlist" id="57">
				<left>270</left>
				<top>110</top>
				<width>750</width>
				<height>520</height>
				<onleft>9111</onleft>
				<onright>6057</onright>
				<onup>57</onup>
				<ondown>57</ondown>
				<oninfo condition="$EXP[MoviesSetsCondition]">SetProperty(ShowTextViewer,1,home)</oninfo>
				<oninfo condition="$EXP[MoviesSetsCondition]">RunScript(script.embuary.helper,action=textviewer,header=$INFO[ListItem.Label],message='"$VAR[GlobalPlotDescription]"')</oninfo>
				<viewtype label="31086">list</viewtype>
				<pagecontrol>6057</pagecontrol>
				<focusposition>2</focusposition>
				<preloaditems>2</preloaditems>
				<movement>2</movement>
				<wraparound>true</wraparound>
				<scrolltime tween="Quadratic" easing="out">300</scrolltime>
				<visible>$EXP[BannersViewVideos_57]</visible>
				<itemlayout width="560" height="65">
					<control type="label">
						<left>40</left>
						<width>550</width>
						<label>$VAR[ListItem_LabelVar]</label>
						<font>FontSize_26</font>
					</control>
					<control type="label">
						<left>40</left>
						<top>23</top>
						<width>550</width>
						<label>$VAR[ListItem_SubLabelVar]</label>
						<font>FontSize_20</font>
						<textcolor>viewsinfo</textcolor>
						<selectedcolor>viewsinfo</selectedcolor>
						<visible>!Container.Content(Episodes)</visible>
					</control>
					<control type="label">
						<left>40</left>
						<top>23</top>
						<width>550</width>
						<label>$INFO[ListItem.Premiered,$LOCALIZE[31003] ]</label>
						<font>FontSize_20</font>
						<textcolor>viewsinfo</textcolor>
						<selectedcolor>viewsinfo</selectedcolor>
						<visible>Container.Content(Episodes)</visible>
					</control>
					<control type="image">
						<left>585</left>
						<top>15</top>
						<width>128</width>
						<height>22</height>
						<texture background="true">$VAR[StarRating]</texture>
						<aspectratio align="right">keep</aspectratio>
						<animation effect="fade" end="80" time="0" condition="true">Conditional</animation>
						<visible>!ListItem.IsParentFolder</visible>
					</control>
				</itemlayout>
				<focusedlayout condition="![Container.Content(TVShows) | Container.Content(Seasons) | Container.Content(Episodes)]" width="560" height="260">
					<control type="group">
						<include>BannerListFocusAnimation</include>
						<include>BannersView_Panel</include>
						<control type="image">
							<left>18</left>
							<top>18</top>
							<width>153</width>
							<height>217</height>
							<aspectratio align="center" aligny="center">scale</aspectratio>
							<texture background="true" fallback="thumbs/fallback_poster_tp.png">$VAR[VarArtPoster]</texture>
							<bordertexture border="20">thumbs/thumb_border.png</bordertexture>
							<bordersize>6</bordersize>
						</control>
						<control type="image">
							<left>125</left>
							<top>55</top>
							<width>360</width>
							<height>200</height>
							<colordiffuse>viewsinfo</colordiffuse>
							<aspectratio align="left" aligny="center">keep</aspectratio>
							<texture background="true">thumbs/fallback_sets.png</texture>
							<visible>$EXP[MoviesSetsCondition]</visible>
						</control>
						<control type="image">
							<left>18</left>
							<top>18</top>
							<width>153</width>
							<height>217</height>
							<texture background="true">overlays/unwatched/thumbs/UnWatched_Poster.png</texture>
							<bordersize>6</bordersize>
							<visible>String.IsEqual(ListItem.Overlay,OverlayUnWatched.png)</visible>
						</control>
						<control type="image">
							<left>585</left>
							<top>202</top>
							<width>128</width>
							<height>22</height>
							<texture background="true">$VAR[StarRating]</texture>
							<aspectratio align="right">keep</aspectratio>
							<visible>!ListItem.IsParentFolder</visible>
						</control>
						<control type="label">
							<left>180</left>
							<top>22</top>
							<width>535</width>
							<font>FontSize_26</font>
							<label>$INFO[ListItem.Label]</label>
							<visible>!ListItem.IsParentFolder</visible>
						</control>
						<control type="label">
							<left>180</left>
							<top>45</top>
							<width>525</width>
							<font>FontSize_20</font>
							<textcolor>viewsinfo</textcolor>
							<selectedcolor>viewsinfo</selectedcolor>
							<label>$VAR[ListItem_SubLabelVar]</label>
						</control>
						<control type="textbox">
							<left>180</left>
							<top>78</top>
							<width>535</width>
							<height>104</height>
							<font>TextboxFont_20</font>
							<textcolor>viewsinfo</textcolor>
							<label>$INFO[ListItem.Plot]</label>
							<autoscroll delay="8000" time="2000" repeat="8000">Skin.HasSetting(AutoScroll)</autoscroll>
							<visible>!ListItem.IsParentFolder</visible>
						</control>
						<!-- Small Down Info -->
						<control type="group">
							<left>179</left>
							<top>200</top>
							<include>SmallDownInfo_Top250</include>
							<control type="image">
								<include>SmallDownInfo_Def3DFlags</include>
								<animation effect="slide" start="0,0" end="60,0" time="0" tween="sine" easing="inout" condition="!String.IsEmpty(ListItem.Top250)">Conditional</animation>
							</control>
							<control type="label">
								<left>41</left>
								<top>0</top>
								<width>380</width>
								<include>SmallDownInfo_SmallGlobalInfo</include>
								<visible>!Container.Content(Sets) + !$EXP[MoviesSetsCondition]</visible>
								<animation effect="slide" start="0,0" end="-40,0" time="0" tween="sine" easing="inout" condition="String.IsEmpty(ListItem.VideoResolution)">Conditional</animation>
								<animation effect="slide" start="0,0" end="60,0" time="0" tween="sine" easing="inout" condition="!String.IsEmpty(ListItem.Top250)">Conditional</animation>
							</control>
						</control>
					</control>
				</focusedlayout>
				<focusedlayout condition="Container.Content(TVShows) | Container.Content(Seasons)" width="560" height="260">
					<control type="group">
						<include>BannerListFocusAnimation</include>
						<include>BannersView_Panel</include>
						<control type="image">
							<left>18</left>
							<top>18</top>
							<width>705</width>
							<height>123</height>
							<aspectratio align="center" aligny="center">scale</aspectratio>
							<texture background="true" fallback="thumbs/fallback_banner_tp.png">$VAR[VarArtBanner]</texture>
							<bordertexture border="20">thumbs/thumb_border.png</bordertexture>
							<bordersize>6</bordersize>
						</control>
						<control type="image">
							<left>18</left>
							<top>18</top>
							<width>705</width>
							<height>123</height>
							<texture background="true">overlays/unwatched/banners/UnWatched_Banner.png</texture>
							<bordersize>6</bordersize>
							<visible>String.IsEqual(ListItem.Overlay,OverlayUnWatched.png)</visible>
						</control>
						<control type="image">
							<left>585</left>
							<top>205</top>
							<width>128</width>
							<height>22</height>
							<texture background="true">$VAR[StarRating]</texture>
							<aspectratio align="right">keep</aspectratio>
							<visible>!ListItem.IsParentFolder</visible>
						</control>
						<control type="label">
							<left>25</left>
							<top>143</top>
							<width>690</width>
							<font>FontSize_26</font>
							<label>$INFO[ListItem.Label]</label>
							<visible>!ListItem.IsParentFolder</visible>
						</control>
						<control type="label">
							<left>25</left>
							<top>165</top>
							<width>690</width>
							<font>FontSize_20</font>
							<textcolor>viewsinfo</textcolor>
							<selectedcolor>viewsinfo</selectedcolor>
							<label>$INFO[ListItem.Genre]</label>
						</control>
						<!-- Small Down Info -->
						<control type="group">
							<left>25</left>
							<top>205</top>
							<control type="image">
								<include>SmallDownInfo_MPAATVFlags</include>
							</control>
							<control type="label">
								<left>0</left>
								<top>0</top>
								<width>350</width>
								<include>SmallDownInfo_SmallGlobalInfo</include>
								<animation effect="slide" start="0,0" end="65,0" time="0" tween="sine" easing="inout" condition="!String.IsEmpty(ListItem.mpaa)">Conditional</animation>
							</control>
						</control>
					</control>
				</focusedlayout>
				<focusedlayout condition="Container.Content(Episodes)" width="560" height="260">
					<control type="group">
						<include>BannerListFocusAnimation</include>
						<include>BannersView_Panel</include>
						<control type="image">
							<left>18</left>
							<top>18</top>
							<width>290</width>
							<height>182</height>
							<aspectratio align="center" aligny="top">scale</aspectratio>
							<texture background="true" fallback="thumbs/fallback_fanart_tp.png">$VAR[VarArtThumb]</texture>
							<bordertexture border="20">thumbs/thumb_border.png</bordertexture>
							<bordersize>6</bordersize>
						</control>
						<control type="image">
							<left>18</left>
							<top>18</top>
							<width>290</width>
							<height>182</height>
							<texture background="true">overlays/unwatched/banners/UnWatched_Episodes.png</texture>
							<bordersize>6</bordersize>
							<visible>String.IsEqual(ListItem.Overlay,OverlayUnWatched.png)</visible>
						</control>
						<control type="image">
							<left>585</left>
							<top>202</top>
							<width>128</width>
							<height>22</height>
							<texture background="true">$VAR[StarRating]</texture>
							<aspectratio align="right">keep</aspectratio>
							<visible>!ListItem.IsParentFolder</visible>
						</control>
						<control type="label">
							<left>315</left>
							<top>25</top>
							<width>405</width>
							<font>FontSize_26</font>
							<label>$VAR[ListItem_LabelVar]</label>
							<visible>!ListItem.IsParentFolder</visible>
						</control>
						<control type="label">
							<left>315</left>
							<top>50</top>
							<width>400</width>
							<font>FontSize_20</font>
							<textcolor>viewsinfo</textcolor>
							<selectedcolor>viewsinfo</selectedcolor>
							<label>$INFO[ListItem.TVShowTitle]</label>
						</control>
						<control type="textbox">
							<left>315</left>
							<top>80</top>
							<width>400</width>
							<height>104</height>
							<font>TextboxFont_20</font>
							<textcolor>viewsinfo</textcolor>
							<label>$VAR[GlobalPlotDescription]</label>
							<autoscroll delay="8000" time="2000" repeat="8000">Skin.HasSetting(AutoScroll)</autoscroll>
							<visible>!ListItem.IsParentFolder</visible>
						</control>
						<!-- Small Down Info -->
						<control type="group">
							<left>23</left>
							<top>200</top>
							<control type="image">
								<include>SmallDownInfo_Def3DFlags</include>
							</control>
							<control type="label">
								<left>41</left>
								<top>0</top>
								<width>380</width>
								<include>SmallDownInfo_SmallGlobalInfo</include>
								<animation effect="slide" start="0,0" end="-45,0" time="0" tween="sine" easing="inout" condition="String.IsEmpty(ListItem.VideoResolution)">Conditional</animation>
							</control>
						</control>
					</control>
				</focusedlayout>
			</control>
			<control type="scrollbar" id="6057">
				<left>1010</left>
				<top>125</top>
				<width>6</width>
				<height>480</height>
				<texturesliderbackground></texturesliderbackground>
				<texturesliderbar border="0,14,0,14">views/scrollbar/scrollbar.png</texturesliderbar>
				<texturesliderbarfocus border="0,14,0,14">views/scrollbar/scrollbar.png</texturesliderbarfocus>
				<textureslidernib></textureslidernib>
				<textureslidernibfocus></textureslidernibfocus>
				<onleft>57</onleft>
				<onright>9444</onright>
				<showonepage>false</showonepage>
				<orientation>vertical</orientation>
				<animation effect="fade" start="100" end="0" time="250" condition="!Control.HasFocus(6057) + !Container.Scrolling">Conditional</animation>
			</control>
		</control>
	</include>



	<!-- ================================= -->
	<!-- ==== Banners View Music "57" ==== -->
	<!-- ================================= -->
	<include name="BannersView_Music">
		<control type="group">
			<visible>Control.IsVisible(57)</visible>
			<include>CommonViews_VerticalAnimation</include>
			<control type="fixedlist" id="57">
				<left>270</left>
				<top>110</top>
				<width>750</width>
				<height>520</height>
				<onleft>9000</onleft>
				<onright>6057</onright>
				<onup>57</onup>
				<ondown>57</ondown>
				<viewtype label="31086">List</viewtype>
				<pagecontrol>6057</pagecontrol>
				<focusposition>2</focusposition>
				<preloaditems>2</preloaditems>
				<movement>2</movement>
				<scrolltime tween="Cubic" easing="Out">500</scrolltime>
				<visible>Container.Content(Artists) | Container.Content(Albums) | Container.Content(Songs) | Container.Content(MusicVideos) | Window.IsVisible(MusicPlaylist)</visible>
				<itemlayout width="560" height="65">
					<control type="label">
						<left>40</left>
						<width>550</width>
						<label>$VAR[ListItem_LabelVar]</label>
						<font>FontSize_22</font>
						<visible>!Container.Content(MusicVideos)</visible>
					</control>
					<control type="label">
						<left>40</left>
						<width>550</width>
						<label>$INFO[ListItem.Title]</label>
						<font>FontSize_22</font>
						<visible>Container.Content(MusicVideos)</visible>
					</control>
					<control type="label">
						<left>40</left>
						<top>23</top>
						<width>550</width>
						<label>$VAR[ListItem_SubLabelVar]</label>
						<font>FontSize_20</font>
						<textcolor>viewsinfo</textcolor>
						<selectedcolor>viewsinfo</selectedcolor>
					</control>
					<control type="image">
						<left>585</left>
						<top>15</top>
						<width>128</width>
						<height>22</height>
						<texture background="true">$VAR[StarRating]</texture>
						<aspectratio align="right">keep</aspectratio>
						<animation effect="fade" end="80" time="0" condition="true">Conditional</animation>
						<visible>!ListItem.IsParentFolder</visible>
					</control>
				</itemlayout>
				<focusedlayout width="560" height="260">
					<control type="group">
						<animation type="Focus" reversible="false" condition="Container(57).OnNext">
							<effect type="slide" start="0,35" end="0,0" time="450" tween="circle" easing="out" />
							<effect type="fade" start="20" end="100" time="250" delay="100" tween="sine" easing="out" />
						</animation>
						<animation type="Focus" reversible="false" condition="Container(57).OnPrevious">
							<effect type="slide" start="0,-35" end="0,0" time="450" tween="circle" easing="out" />
							<effect type="fade" start="20" end="100" time="250" delay="100" tween="sine" easing="out" />
						</animation>
						<include>BannersView_Panel</include>
						<control type="image">
							<left>18</left>
							<top>18</top>
							<width>220</width>
							<height>217</height>
							<texture background="true">$INFO[ListItem.Icon]</texture>
							<aspectratio align="center" aligny="center">scale</aspectratio>
							<bordertexture border="20">thumbs/thumb_border.png</bordertexture>
							<bordersize>6</bordersize>
						</control>
						<control type="image">
							<left>585</left>
							<top>203</top>
							<width>128</width>
							<height>22</height>
							<texture background="true">$VAR[StarRating]</texture>
							<aspectratio align="right">keep</aspectratio>
							<visible>!ListItem.IsParentFolder</visible>
						</control>
						<control type="label">
							<left>245</left>
							<top>27</top>
							<width>475</width>
							<label>$VAR[ListItem_LabelVar]</label>
							<font>FontSize_26</font>
							<visible>!Container.Content(MusicVideos) + !ListItem.IsParentFolder</visible>
						</control>
						<control type="label">
							<left>245</left>
							<top>27</top>
							<width>475</width>
							<label>$INFO[ListItem.Title]</label>
							<font>FontSize_26</font>
							<visible>Container.Content(MusicVideos)</visible>
						</control>
						<control type="label">
							<left>245</left>
							<top>53</top>
							<width>475</width>
							<label>$VAR[ListItem_SubLabelVar]</label>
							<font>FontSize_20</font>
							<textcolor>viewsinfo</textcolor>
							<selectedcolor>viewsinfo</selectedcolor>
						</control>
						<control type="textbox">
							<left>245</left>
							<top>85</top>
							<width>470</width>
							<height>104</height>
							<font>TextboxFont_20</font>
							<textcolor>viewsinfo</textcolor>
							<label>$VAR[GlobalPlotDescription]</label>
							<autoscroll delay="8000" time="2000" repeat="8000">Skin.HasSetting(AutoScroll)</autoscroll>
							<visible>!ListItem.IsParentFolder</visible>
						</control>
						<control type="image">
							<left>245</left>
							<top>202</top>
							<width>36</width>
							<height>24</height>
							<colordiffuse>viewsinfo</colordiffuse>
							<texture>$VAR[ViewsDef3DFlags]</texture>
						</control>
						<control type="label">
							<left>285</left>
							<top>205</top>
							<height>22</height>
							<width>355</width>
							<textcolor>viewsinfo</textcolor>
							<selectedcolor>viewsinfo</selectedcolor>
							<font>FontSize_20</font>
							<label>$VAR[ListItem_SubLabelTwoVar]</label>
							<animation effect="slide" start="0,0" end="-40,0" time="0" tween="sine" easing="inout" condition="String.IsEmpty(ListItem.VideoResolution)">Conditional</animation>
						</control>
					</control>
				</focusedlayout>
			</control>
			<control type="scrollbar" id="6057">
				<left>1010</left>
				<top>125</top>
				<width>6</width>
				<height>480</height>
				<texturesliderbackground></texturesliderbackground>
				<texturesliderbar border="0,14,0,14">views/scrollbar/scrollbar.png</texturesliderbar>
				<texturesliderbarfocus border="0,14,0,14">views/scrollbar/scrollbar.png</texturesliderbarfocus>
				<textureslidernib></textureslidernib>
				<textureslidernibfocus></textureslidernibfocus>
				<onleft>57</onleft>
				<onright>9000</onright>
				<showonepage>false</showonepage>
				<orientation>vertical</orientation>
				<animation effect="fade" start="100" end="0" time="250" condition="!Control.HasFocus(6057) + !Container.Scrolling">Conditional</animation>
				<visible>Control.IsVisible(57)</visible>
			</control>
		</control>
	</include>


</includes>

