<favourites>
    <favourite name="Amazon" thumb="https://i.imgur.com/ru9DDlL.png">ActivateWindow(10025,"plugin://plugin.video.coalition/?action=tmdb_tv_networks&amp;iconImage=https%3a%2f%2fi.imgur.com%2fru9DDlL.png&amp;list_name=TV%20SHOWS%3a%20Amazon%20Networks&amp;mode=build_tvshow_list&amp;network_id=1024",return)</favourite>
    <favourite name="Apple TV +" thumb="https://i.imgur.com/fAQMVNp.png">ActivateWindow(10025,"plugin://plugin.video.coalition/?action=tmdb_tv_networks&amp;iconImage=https%3a%2f%2fi.imgur.com%2ffAQMVNp.png&amp;list_name=TV%20SHOWS%3a%20Apple%20TV%20%2b%20Networks&amp;mode=build_tvshow_list&amp;network_id=2552",return)</favourite>
    <favourite name="Disney+" thumb="https://i.imgur.com/DVrPgbM.png">ActivateWindow(10025,"plugin://plugin.video.coalition/?action=tmdb_tv_networks&amp;iconImage=https%3a%2f%2fi.imgur.com%2fDVrPgbM.png&amp;list_name=TV%20SHOWS%3a%20Disney%2b%20Networks&amp;mode=build_tvshow_list&amp;network_id=2739",return)</favourite>
    <favourite name="HBO Max" thumb="https://i.imgur.com/mmRMG75.png">ActivateWindow(10025,"plugin://plugin.video.coalition/?action=tmdb_tv_networks&amp;iconImage=https%3a%2f%2fi.imgur.com%2fmmRMG75.png&amp;list_name=TV%20SHOWS%3a%20HBO%20Max%20Networks&amp;mode=build_tvshow_list&amp;network_id=3186",return)</favourite>
    <favourite name="Netflix" thumb="https://i.imgur.com/jI5c3bw.png">ActivateWindow(10025,"plugin://plugin.video.coalition/?action=tmdb_tv_networks&amp;iconImage=https%3a%2f%2fi.imgur.com%2fjI5c3bw.png&amp;list_name=TV%20SHOWS%3a%20Netflix%20Networks&amp;mode=build_tvshow_list&amp;network_id=213",return)</favourite>
    <favourite name="Paramount+" thumb="https://i.imgur.com/dmUjWmU.png">ActivateWindow(10025,"plugin://plugin.video.coalition/?action=tmdb_tv_networks&amp;iconImage=https%3a%2f%2fi.imgur.com%2fdmUjWmU.png&amp;list_name=TV%20SHOWS%3a%20Paramount%2b%20Networks&amp;mode=build_tvshow_list&amp;network_id=4330",return)</favourite>
    <favourite name="Peacock" thumb="https://imgur.com/1JXFkSM.png">ActivateWindow(10025,"plugin://plugin.video.coalition/?action=tmdb_tv_networks&amp;iconImage=https%3a%2f%2fimgur.com%2f1JXFkSM.png&amp;list_name=TV%20SHOWS%3a%20Peacock%20Networks&amp;mode=build_tvshow_list&amp;network_id=3353",return)</favourite>
</favourites>
