<favourites>
         <favourite name="Amazon" thumb="https://i.imgur.com/ru9DDlL.png">ActivateWindow(10025,&quot;plugin://plugin.video.coalition/?list_type=user_lists&amp;mode=trakt.list.build_trakt_list&amp;slug=amazon&amp;user=adamosborne01&quot;,return)</favourite>
  <favourite name="Apple TV+" thumb="https://i.imgur.com/fAQMVNp.png">ActivateWindow(10025,&quot;plugin://plugin.video.coalition/?list_type=user_lists&amp;mode=trakt.list.build_trakt_list&amp;slug=apple-tv&amp;user=adamosborne01&quot;,return)</favourite>
 <favourite name="Disney+" thumb="https://i.imgur.com/DVrPgbM.png">ActivateWindow(10025,&quot;plugin://plugin.video.coalition/?list_type=user_lists&amp;mode=trakt.list.build_trakt_list&amp;slug=disney-22399275&amp;user=adamosborne01&quot;,return)</favourite>
 <favourite name="Netflix" thumb="https://i.imgur.com/jI5c3bw.png">ActivateWindow(10025,&quot;plugin://plugin.video.coalition/?list_type=user_lists&amp;mode=trakt.list.build_trakt_list&amp;slug=netflix&amp;user=adamosborne01&quot;,return)</favourite>
    <favourite name="Paramount+" thumb="https://i.imgur.com/dmUjWmU.png">ActivateWindow(10025,&quot;plugin://plugin.video.coalition/?list_type=user_lists&amp;mode=trakt.list.build_trakt_list&amp;slug=paramount&amp;user=adamosborne01&quot;,return)</favourite>
     </favourites>
