<?xml version="1.0" encoding="utf-8"?>
<!-- BINGIE -->
<addon id="skin.bingie" version="2.0.2" name="Bingie" provider-name="matke">
	<requires>
		<import version="5.17.0" addon="xbmc.gui"/>
		<import addon="script.bingie.helper" version="1.1.2"/>
		<import addon="script.bingie.toolbox" version="1.0.0"/>
		<import addon="script.bingie.widgets" version="1.0.1"/>
		<import addon="script.skinshortcuts" version="2.0.3"/>
		<import addon="resource.images.studios.coloured" version="1.0.0" />
		<import addon="plugin.video.tmdb.bingie.helper" version="1.0.1" />
		<import addon="plugin.program.autocompletion" version="2.1.3" />
	</requires>
	<extension debugging="false" defaultthemename="Textures.xbt" effectslowdown="1" point="xbmc.gui.skin">
        <res aspect="16:9" default="true" folder="1080i" height="1080" width="1920" />
    </extension>
	<extension point="xbmc.addon.metadata">
		<summary lang="en_GB">Kodi skin with Netflix layout.</summary>
		<summary lang="zh_CN">Netflix 布局 Kodi 皮肤。</summary>
		<summary lang="es_ES">Kodi con diseño Netflix.</summary>
		<summary lang="es_AR">Kodi con diseño Netflix.</summary>
		<summary lang="es_MX">Kodi con diseño Netflix.</summary>
		<description lang="en_GB">Bingie – The home of your favorite movies and shows!</description>
		<description lang="zh_CN">Bingie -你最喜欢的电影和节目的主界面！</description>
		<description lang="es_ES">Bingie - tu hogar de películas y series favoritas!</description>
		<description lang="es_AR">Bingie - tu hogar de películas y series favoritas!</description>
		<description lang="es_MX">Bingie - tu hogar de películas y series favoritas!</description>
		<platform>all</platform>
		<license>GPL v2.0</license>
		<forum></forum>
		<source></source>
		<assets>
			<icon>resources/icon.png</icon>
			<fanart>resources/fanart.jpg</fanart>			
		</assets>
	</extension>
</addon>
