<?xml version="1.0" encoding="UTF-8" standalone="yes"?>
<addon id="plugin.video.the-loop" name="The Loop" version="7.7a" provider-name="Munkee">
  <requires>
    <import addon="xbmc.python" version="3.0.0" />
    <import addon="script.module.requests" />
    <import addon="script.module.routing"/>
    <import addon="script.module.unidecode" />
    <import addon="script.module.tzlocal" />
    <import addon="script.module.jetextractors" />
    <import addon="script.module.inputstreamhelper" />
    <import addon="script.module.resolveurl"/>
    <import addon="script.module.pytz" />
    <import addon="script.module.pyamf" />
    <import addon="script.module.pycryptodome" optional="true" />
    <import addon="script.module.microjenscrapers" optional="true" />
    <!-- ## SEPARATOR ## -->
    <import addon="plugin.video.looptv" />
    <import addon="plugin.video.dailymotion_com" />    
  </requires>
  <extension point="xbmc.python.pluginsource" library="default.py">
    <provides>video</provides>
  </extension>
  <extension point="xbmc.service" library="service.py" />
  <extension point="xbmc.addon.metadata">
    <summary lang="en_GB">The Loop rewritten on a smaller MicroJen Codebase. A Massive thanks to all The Jen Crew for their valuable contributions in bringing this project together. Stay In The Loop</summary>
    <platform>all</platform>
    <language>en</language>
    <license>GPL-2.0-or-later</license>
	<assets>
		<icon>icon.png</icon>
		<fanart>fanart.jpg</fanart>
  </assets>
  </extension>
</addon>