<favourites>
    <favourite name="Netflix" thumb="https://i.imgur.com/jI5c3bw.png">ActivateWindow(10025,"plugin://plugin.video.fenlight/?list_name=Netflix%20Shows&amp;list_type=user_lists&amp;mode=trakt.list.build_trakt_list&amp;slug=netflix-shows&amp;user=garycrawfordgc",return)</favourite>
    <favourite name="Disney+" thumb="https://i.imgur.com/DVrPgbM.png">ActivateWindow(10025,"plugin://plugin.video.fenlight/?list_name=Disney%2b%20Shows&amp;list_type=user_lists&amp;mode=trakt.list.build_trakt_list&amp;slug=disney-shows&amp;user=garycrawfordgc",return)</favourite>
    <favourite name="Apple TV +" thumb="https://i.imgur.com/fAQMVNp.png">ActivateWindow(10025,"plugin://plugin.video.fenlight/?action=tmdb_tv_networks&amp;iconImage=https%3a%2f%2fi.imgur.com%2ffAQMVNp.png&amp;key_id=2552&amp;mode=build_tvshow_list&amp;name=Apple%20TV%20%2b",return)</favourite>
    <favourite name="Paramount+" thumb="https://i.imgur.com/dmUjWmU.png">ActivateWindow(10025,"plugin://plugin.video.fenlight/?action=tmdb_tv_networks&amp;iconImage=https%3a%2f%2fi.imgur.com%2fdmUjWmU.png&amp;key_id=4330&amp;mode=build_tvshow_list&amp;name=Paramount%2b",return)</favourite>
    <favourite name="Peacock" thumb="https://i.imgur.com/1JXFkSM.png">ActivateWindow(10025,"plugin://plugin.video.fenlight/?action=tmdb_tv_networks&amp;iconImage=https%3a%2f%2fi.imgur.com%2f1JXFkSM.png&amp;key_id=3353&amp;mode=build_tvshow_list&amp;name=Peacock",return)</favourite>
    <favourite name="The Loop" thumb="/storage/emulated/0/Android/data/org.xbmc.kodi/files/.kodi/addons/plugin.video.the-loop/icon.png">ActivateWindow(10025,"plugin://plugin.video.the-loop",return)</favourite>
    <favourite name="[COLORwhite]BL Sport[/COLOR]" thumb="/storage/emulated/0/Android/data/org.xbmc.kodi/files/.kodi/addons/plugin.video.blsport/icon.png">ActivateWindow(10025,"plugin://plugin.video.blsport",return)</favourite>
    <favourite name="[COLOR red][B]R[/B][/COLOR][COLOR white][B]ising[/B][/COLOR] [COLOR pink][B]T[/B][/COLOR][COLOR white][B]ides[/B][/COLOR]" thumb="/storage/emulated/0/Android/data/org.xbmc.kodi/files/.kodi/addons/plugin.video.Rising.Tides/icon.png">ActivateWindow(10025,"plugin://plugin.video.Rising.Tides",return)</favourite>
</favourites>
