<addon id="skin.apptv" name="AppTV" provider-name="Wyrm" version="1.7.1-alpha2">
	<requires>
		<import addon="xbmc.gui" version="5.17.0" />
		<import addon="resource.uisounds.apptv" version="1.0.4" />
		<import addon="resource.images.classificationicons.colour" version="0.0.3" />
		<import addon="script.embuary.helper" version="2.0.8"/>
	</requires>
	<extension debugging="false" effectslowdown="1" point="xbmc.gui.skin">
		<res aspect="16:9" default="true" folder="xml" height="1080" width="1920" />
	</extension>
	<extension point="xbmc.addon.metadata">
		<platform>all</platform>
		<license>Licensed under the Apache License, Version 2.0</license>
		<forum>https://forum.kodi.tv/forumdisplay.php?fid=76</forum>
		<website></website>
		<email></email>
		<source>https://github.com/wyrm65/skin.apptv</source>
		<assets>
			<icon>resources/icon.png</icon>
			<fanart>resources/fanart.jpg</fanart>
			<screenshot>resources/screenshot001.jpg</screenshot>
			<screenshot>resources/screenshot002.jpg</screenshot>
			<screenshot>resources/screenshot003.jpg</screenshot>
			<screenshot>resources/screenshot004.jpg</screenshot>
			<screenshot>resources/screenshot005.jpg</screenshot>
			<screenshot>resources/screenshot006.jpg</screenshot>
			<screenshot>resources/screenshot007.jpg</screenshot>
			<screenshot>resources/screenshot008.jpg</screenshot>
			<screenshot>resources/screenshot009.jpg</screenshot>
			<screenshot>resources/screenshot010.jpg</screenshot>
		</assets>
		<news>1.7.0 - Matrix version of skin.</news>
		<summary lang="de_DE">Ein von Apple TV inspiriertes Skin für Kodi</summary>
		<summary lang="el_GR">Ένα κέλυφος για το Kodi, εμπνευσμένο από το Apple TV</summary>
		<summary lang="en_GB">AppleTV inspired skin for Kodi</summary>
		<summary lang="en_US">AppleTV inspired skin for Kodi</summary>
		<summary lang="es_ES">Skin para Kodi insipirada en AppleTV</summary>
		<summary lang="fr_CA">Un habillage pour Kodi inspiré d'AppleTV</summary>
		<summary lang="fr_FR">Un habillage pour Kodi inspiré de l'AppleTV</summary>
		<summary lang="gl_ES">Un tema para Kodi inspirado no AppleTV</summary>
		<summary lang="he_IL">מעטפת עבור Kodi בהשראת AppleTV</summary>
		<summary lang="it_IT">Una skin per Kodi ispirata a AppleTV</summary>
		<summary lang="ko_KR">애플 TV에 영감을 받은 Kodi용 스킨</summary>
		<summary lang="lt_LT">AppleTV įkvėpta Kodi teminė išvaizda</summary>
		<summary lang="ms_MY">Kulit yang diilham dari AppleTV untuk Kodi</summary>
		<summary lang="nl_NL">Een op AppleTV geïnspireerde skin voor Kodi</summary>
		<summary lang="pl_PL">Skóra inspirowana interfejsem AppleTV</summary>
		<summary lang="pt_BR">Uma Skin inspirada na Apple TV</summary>
		<summary lang="pt_PT">Um tema para o Kodi inspirado na AppleTV</summary>
		<summary lang="ru_RU">Обложка вдохновлённая дизайном AppleTV</summary>
		<summary lang="zh_CN">源于APPLETV的KODI皮肤</summary>
		<description lang="de_DE">AppTV ist ein vom Apple TV inspiriertes Skin für Kodi. Es bietet eine sehr ressourcensparende, minimalistische Benutzeroberfläche und gleichzeitig Zugang zu den erweiterten Kodi-Funktionen, die nicht in der originalen Apple TV-Oberfläche vorhanden sind.</description>
		<description lang="el_GR">Το AppTV είναι ένα κέλυφος για το Kodi, εμπνευσμένο από το AppleTV. Διαθέτει ένα ιδιαίτερα ελαφρύ, μινιμαλιστικό περιβάλλον εργασίας, ενώ παρέχει πρόσβαση σε ένα πλήθος προχωρημένων λειτουργιών του Kodi που δεν είναι διαθέσιμες στο πρωτότυπο περιβάλλον του AppleTV.</description>
		<description lang="en_GB">AppTV is a AppleTV inspired skin for Kodi. It provides a very light weight minimalist gui while also allowing access to a number of advanced Kodi features not available in the original AppleTV interface.</description>
		<description lang="en_US">AppTV is a AppleTV inspired skin for Kodi. It provides a very light weight minimalist gui while also allowing access to a number of advanced Kodi features not available in the original AppleTV interface.</description>
		<description lang="es_ES">AppTV es una skin para Kodi insipirada en AppleTV. Provee una interfaz minimalista muy ligera a la vez que otorga acceso a funcionalidades avanzadas de Kodi no disponibles en la interfaz original de AppleTV.</description>
		<description lang="fr_CA">AppTV est un habillage pour Kodi inspiré d'AppleTV. Il propose une IUG très légère et minimaliste tout en permettant l'accès à plusieurs fonctions avancées de Kodi qui ne sont pas proposées dans l'interface originale d'AppleTV.</description>
		<description lang="fr_FR">AppTV est un habillage pour Kodi inspiré de l'AppleTV. Il fournit une interface minimaliste légère tout en permettant l'accès à bon nombre des caractéristiques avancées de Kodi non disponibles dans l'interface AppleTV d'origine.</description>
		<description lang="it_IT">AppTV è una skin ispirata a AppleTV per Kodi. Fornisce un'interfaccia molto leggera e minimalistica e permette di accedere ad alcune funzioni avanzate di Kodi non disponibili nell'interfaccia originale di AppleTV.</description>
		<description lang="ko_KR">AppTV는 애플TV에서 영감을 받아 만든 Kodi용 스킨입니다. GUI를 최소화하여 가벼우면서도 애플TV 인터페이스에서는 사용할 수 없는 Kodi의 여러가지 고급 기능을 사용할 수 있습니다.</description>
		<description lang="lt_LT">AppTV yra AppleTV įkvėpta teminė išvaizda, skirta Kodi. Ji suteikia labai lengvą, minimalistinę grafinę vartotojo sąsają, tuo pačiu suteikiant galimybę naudoti daugelį pažangių Kdi funkcijų, kurių nėra originalioje AppleTV sąsajoje.</description>
		<description lang="ms_MY">AppTV adalah kulit yang diilham dari AppleTV untuk Kodi. Ia menyediakan gui minimalis yang sangat ringkas juga membolehkan capaian ke beberapa fitur lanjutan Kodi yang tidak tersedia dalam antaramuka AppleTV yang asal.</description>
		<description lang="nl_NL">AppTV is een op AppleTV geïnspireerde skin voor Kodi. het voorziet in een zeer lichtgewichte minimalistische gui terwijl eveneens toegang is tot een aantal geavanceerde Kodi features die niet beschikbaar zijn in de orginele AppleTV interface.</description>
		<description lang="pl_PL">ApplTV jest skórą inspirowaną wyglądem interfejsu AppleTV. Dostarcza wyjątkowo lekki i minimalistyczny interfejs użytkownika umożliwiający dostęp do wielu zaawansowanych funkcji Kodi, niedostępnych w oryginalnym interfejsie AppleTV.</description>
		<description lang="pt_BR">AppTV é uma skin inspirada na AppleTV para Kodi. Fornece uma GUI bem leve e minimalista ao mesmo empo que permite acesso a inúmeras funções avançadas do Kodinão disponíveis na interface original da AppleTV.</description>
		<description lang="ru_RU">AppTV это обложка AppleTV для Kodi. Объединяет лёгкость интерфейса AppleTV и простой доступ к функциям Kodi, которых нет в AppleTV.</description>
		<description lang="zh_CN">AppTV是一款以AppleTV为灵感的Kodi皮肤。它提供了一个重量非常轻的极简图形用户界面，同时还允许访问许多原始苹果电视界面中没有的高级Kodi功能。</description>
		<disclaimer lang="de_DE">Poste Funktionswünsche, Fragen und Fehler in [CR]http://forum.Kodi.org/forumdisplay.php?fid=76</disclaimer>
		<disclaimer lang="el_GR">Για βοήθεια, αιτήματα και αναφορές προβλημάτων, μεταβείτε στο [CR]http://forum.kodi.tv/forumdisplay.php?fid=76</disclaimer>
		<disclaimer lang="en_GB">Post help and feature/bug requests to [CR]http://forum.Kodi.org/forumdisplay.php?fid=76</disclaimer>
		<disclaimer lang="en_US">Post help and feature/bug requests to [CR]http://forum.Kodi.org/forumdisplay.php?fid=76</disclaimer>
		<disclaimer lang="es_ES">Postea bugs y preguntas en [CR]http://forum.Kodi.org/forumdisplay.php?fid=76</disclaimer>
		<disclaimer lang="fr_CA">Publier les demandes d'aide, de fonction, de bogue sur [CR]http://forum.kodi.org/forumdisplay.php?fid=76</disclaimer>
		<disclaimer lang="fr_FR">Publier les demandes d'aide, de fonction, de bogue sur [CR]http://forum.kodi.org/forumdisplay.php?fid=76</disclaimer>
		<disclaimer lang="gl_ES">Publica peticións de axuda e características/erros en [CR]http://forum.Kodi.org/forumdisplay.php?fid=76</disclaimer>
		<disclaimer lang="hu_HU">Hiba és fejlesztési javaslatot jelezd az alábbi oldalon:[CR]http://forum.Kodi.org/forumdisplay.php?fid=76</disclaimer>
		<disclaimer lang="it_IT">Chiedi aiuto, richiedi funzioni/segnala bug a [CR]http://forum.Kodi.org/forumdisplay.php?fid=76</disclaimer>
		<disclaimer lang="ko_KR">도움 요청, 기능 제안, 버그 보고[CR]http://forum.Kodi.org/forumdisplay.php?fid=76</disclaimer>
		<disclaimer lang="lt_LT">Paprašykite pagalbos ar paskelbkite funkcijos/klaidos užklausą čia: [CR]http://forum.Kodi.org/forumdisplay.php?fid=76</disclaimer>
		<disclaimer lang="ms_MY">Poskan bantuan dan permintaan fitur/pepijat ke [CR]http://forum.Kodi.org/forumdisplay.php?fid=76</disclaimer>
		<disclaimer lang="nl_NL">Stuur help en functie/fout vragen naar [CR]http://forum.Kodi.org/forumdisplay.php?fid=76</disclaimer>
		<disclaimer lang="pl_PL">Prośby o pomoc, zgłoszenia błędów oraz prośby o nowej funkcje zamieść na forum[CR]http://forum.kodi.tv/forumdisplay.php?fid=76</disclaimer>
		<disclaimer lang="pt_BR">Postar pedidos de ajuda/funcionalidades e bugs em [CR]http://forum.Kodi.org/forumdisplay.php?fid=76</disclaimer>
		<disclaimer lang="pt_PT">Pode obter ajuda ou reportar erros em [CR]http://forum.Kodi.org/forumdisplay.php?fid=76</disclaimer>
		<disclaimer lang="sv_SE">Posta hjälp-/funktionsförfrågningar samt buggrapporter till&amp;#10;[CR]http://forum.Kodi.org/forumdisplay.php?fid=76</disclaimer>
		<disclaimer lang="zh_CN">请在论坛发布求助及功能需求/报告错误 [CR]http://forum.Kodi.org/forumdisplay.php?fid=76</disclaimer>
	</extension>
</addon>
