<?xml version="1.0" encoding="UTF-8"?>
<includes>
    <include name="TVShowsMainMenu">
        <item>
            <label>TV Shows</label>
            <onclick>ActivateWindow(Videos,plugin://plugin.video.coalition/?name=32029&amp;iconImage=tv.png&amp;mode=navigator.main&amp;action=TVShowList,return)</onclick>
            <property name="menu_id">$NUMBER[22000]</property>
            <thumb>icons/sidemenu/tv.png</thumb>
            <property name="id">tvshows</property>
            <visible>!Skin.HasSetting(HomeMenuNoTVShowButton)</visible>
        </item>
    </include>
</includes>